0;0;0;0;land;false;unknown;0
1;173;248;178;land;false;forest;1
2;163;111;248;land;false;forest;1
3;119;160;241;land;false;forest;1
4;220;252;192;land;false;forest;1
5;218;137;45;land;true;forest;1
6;254;169;201;land;false;forest;1
7;170;232;255;land;false;forest;1
8;250;254;255;land;false;forest;1
9;181;249;147;land;true;forest;1
10;160;188;244;land;false;forest;1
11;185;124;247;land;false;forest;1
12;198;247;147;land;false;forest;1
13;244;115;116;land;false;forest;1
14;255;93;60;land;false;forest;1
15;255;172;140;land;false;forest;1
16;69;201;62;land;false;forest;1
17;245;148;197;land;false;forest;1
18;255;105;237;land;false;forest;1
19;116;230;251;land;true;forest;1
20;255;240;250;land;false;forest;1
21;215;172;83;land;true;forest;1
22;109;237;62;land;false;forest;1
23;200;254;223;land;false;forest;1
24;181;133;245;land;true;forest;1
25;165;239;251;land;false;forest;1
26;40;254;79;land;false;forest;1
27;248;154;188;land;false;forest;1
28;82;246;170;land;false;forest;1
29;243;223;254;land;false;forest;1
30;92;207;70;land;false;forest;1
31;223;160;36;land;false;forest;1
32;210;71;243;land;false;forest;1
33;207;57;200;land;false;forest;1
34;34;229;238;land;false;forest;1
35;226;41;251;land;false;forest;1
36;86;220;222;land;false;forest;1
37;249;142;179;land;true;forest;1
38;200;255;210;land;true;forest;1
39;253;213;255;land;true;forest;1
40;255;240;240;land;false;forest;1
41;241;135;253;land;false;forest;1
42;249;117;144;land;false;forest;1
43;115;186;249;land;true;forest;1
44;241;255;239;land;false;forest;1
45;210;254;222;land;false;forest;1
46;254;243;255;land;false;forest;1
47;147;251;196;land;false;forest;1
48;254;227;186;land;false;forest;1
49;146;133;242;land;false;forest;1
50;254;193;185;land;false;forest;1
51;235;124;181;land;false;forest;1
52;124;118;234;land;false;forest;1
53;228;59;81;land;false;forest;1
54;251;135;240;land;false;forest;1
55;226;60;49;land;false;forest;1
56;150;150;254;land;false;forest;1
57;77;197;224;land;false;forest;1
58;135;227;60;land;false;forest;1
59;242;197;254;land;true;forest;1
60;86;220;139;land;true;forest;1
61;246;226;254;land;false;forest;1
62;246;188;155;land;false;forest;1
63;249;23;215;land;false;forest;1
64;143;252;209;land;false;forest;1
65;72;139;230;land;true;forest;1
66;254;255;241;land;false;forest;1
67;177;178;250;land;false;forest;1
68;255;240;245;land;true;forest;1
69;87;153;254;land;false;forest;1
70;254;156;237;land;false;forest;1
71;249;188;138;land;true;forest;1
72;168;152;251;land;false;forest;1
73;248;255;247;land;false;forest;1
74;255;145;172;land;false;forest;1
75;67;237;72;land;false;forest;1
76;105;214;67;land;true;forest;1
77;109;230;183;land;false;forest;1
78;230;255;226;land;false;forest;1
79;247;161;199;land;false;forest;1
80;226;65;158;land;true;forest;1
81;134;244;125;land;false;forest;1
82;231;254;212;land;true;forest;1
83;105;177;248;land;true;forest;1
84;109;242;208;land;true;forest;1
85;245;175;254;land;false;forest;1
86;193;12;245;land;false;forest;1
87;88;71;244;land;false;forest;1
88;201;252;244;land;true;forest;1
89;246;168;85;land;true;forest;1
90;228;86;93;land;false;forest;1
91;229;114;247;land;true;hills;4
92;74;69;199;land;true;hills;1
93;167;73;254;land;true;mountain;1
94;244;162;73;land;false;hills;1
95;135;252;84;land;false;mountain;1
96;222;245;84;land;true;hills;1
97;253;245;201;land;false;hills;1
98;250;157;44;land;false;mountain;1
99;76;208;252;land;true;hills;1
100;238;116;177;land;false;mountain;1
101;227;252;194;land;false;hills;1
102;61;202;113;land;true;hills;1
103;145;170;252;land;false;hills;1
104;229;254;254;land;true;hills;4
105;235;112;174;land;false;hills;1
106;115;250;196;land;false;hills;1
107;217;254;152;land;false;hills;1
108;201;252;241;land;false;hills;1
109;187;85;213;land;false;hills;1
110;143;124;244;land;false;mountain;1
111;138;249;213;land;false;mountain;1
112;196;255;184;land;true;hills;1
113;211;209;84;land;false;hills;1
114;248;212;10;land;false;marsh;1
115;251;189;201;land;false;forest;1
116;221;254;225;land;false;marsh;1
117;66;194;208;land;false;marsh;1
118;63;39;247;land;false;marsh;1
119;23;254;253;land;false;marsh;1
120;254;251;195;land;true;marsh;7
121;235;235;50;land;false;marsh;1
122;122;88;245;land;false;marsh;1
123;101;254;253;land;true;marsh;1
124;107;206;232;land;true;marsh;1
125;194;200;252;land;false;marsh;1
126;192;252;229;land;true;marsh;1
127;253;209;228;land;false;marsh;1
128;248;246;176;land;true;marsh;4
129;248;228;254;land;false;marsh;1
130;181;251;213;land;false;marsh;1
131;247;255;225;land;false;marsh;1
132;163;246;229;land;true;marsh;1
133;255;99;220;land;false;marsh;1
134;117;243;204;land;false;marsh;1
135;112;205;57;land;false;marsh;4
136;254;206;240;land;false;marsh;7
137;242;215;121;land;false;marsh;1
138;254;99;19;land;true;marsh;7
139;239;248;255;land;false;marsh;1
140;243;255;243;land;true;marsh;1
141;205;253;199;land;false;marsh;1
142;139;251;105;land;true;marsh;1
143;255;213;217;land;false;marsh;1
144;237;223;21;land;true;marsh;1
145;83;188;213;land;false;urban;1
146;174;251;180;land;true;mountain;1
147;73;231;135;land;true;forest;1
148;221;95;123;land;false;mountain;1
149;226;254;209;land;false;mountain;1
150;152;131;254;land;false;mountain;1
151;224;40;210;land;false;mountain;1
152;59;223;54;land;true;mountain;1
153;139;247;176;land;false;mountain;1
154;176;133;251;land;false;mountain;1
155;254;245;222;land;false;plains;7
156;252;170;251;land;false;plains;7
157;234;219;128;land;false;forest;6
158;51;126;229;land;false;desert;3
159;246;182;72;land;false;desert;3
160;198;68;241;land;false;forest;7
161;251;200;191;land;false;hills;5
162;242;17;127;land;true;plains;7
163;169;255;148;land;true;plains;7
164;254;226;225;land;false;plains;7
165;250;255;165;land;false;hills;7
166;180;55;251;land;false;forest;7
167;245;83;185;land;false;hills;7
168;238;164;125;land;false;plains;7
169;187;202;72;land;true;contaminated;2
170;251;127;204;land;false;plains;7
171;205;68;105;land;false;plains;7
172;254;226;232;land;false;plains;7
173;254;202;232;land;false;plains;7
174;135;212;255;land;false;plains;7
175;241;255;230;land;false;plains;7
176;167;91;243;land;false;desert;5
177;252;227;28;land;false;plains;7
178;158;161;247;land;true;forest;7
179;252;93;156;land;true;plains;7
180;193;253;186;land;true;plains;5
181;186;176;251;land;false;plains;7
182;247;185;166;land;false;hills;7
183;231;60;205;land;false;desert;3
184;252;192;213;land;false;plains;7
185;251;133;189;land;true;forest;7
186;138;231;25;land;false;plains;7
187;233;205;128;land;false;plains;7
188;252;238;255;land;false;contaminated;2
189;144;56;228;land;false;hills;7
190;174;74;230;land;true;plains;7
191;214;153;245;land;false;mountain;3
192;106;137;254;land;false;contaminated;2
193;214;250;254;land;false;desert;3
194;205;223;72;land;true;plains;7
195;247;188;147;land;false;plains;7
196;253;47;49;land;false;desert;3
197;221;125;238;land;false;hills;3
198;222;254;115;land;false;plains;7
199;134;241;228;land;false;plains;7
200;46;244;146;land;false;forest;7
201;101;244;185;land;true;desert;3
202;192;251;143;land;false;plains;7
203;254;187;253;land;false;plains;7
204;249;251;145;land;false;hills;3
205;244;81;240;land;false;contaminated;2
206;210;217;255;land;false;plains;7
207;107;164;239;land;true;plains;7
208;254;228;222;land;false;plains;7
209;18;79;252;land;false;plains;7
210;255;241;250;land;false;desert;3
211;230;253;194;land;false;plains;7
212;37;225;128;land;false;hills;7
213;63;137;244;land;true;plains;7
214;115;241;20;land;false;plains;7
215;190;189;253;land;false;plains;7
216;60;179;247;land;false;plains;7
217;246;253;150;land;false;plains;6
218;255;249;236;land;false;plains;7
219;89;247;133;land;false;plains;7
220;78;194;214;land;false;plains;7
221;77;139;250;land;false;plains;7
222;156;249;172;land;false;plains;7
223;241;175;108;land;false;plains;7
224;226;134;254;land;false;plains;7
225;205;253;218;land;false;plains;7
226;160;254;209;land;false;plains;7
227;254;223;251;land;true;plains;7
228;166;209;249;land;false;plains;7
229;235;92;239;land;false;plains;7
230;101;252;244;land;false;plains;7
231;58;231;228;land;false;hills;7
232;122;212;235;land;false;plains;7
233;185;252;165;land;false;plains;7
234;250;226;254;land;false;plains;7
235;200;185;250;land;false;plains;7
236;124;219;78;land;false;forest;5
237;188;250;193;land;false;plains;7
238;21;80;252;land;true;plains;7
239;254;188;211;land;true;plains;7
240;244;134;193;land;true;plains;7
241;255;251;247;land;false;plains;7
242;179;231;255;land;true;forest;7
243;217;92;244;land;false;plains;7
244;46;169;228;land;true;plains;7
245;221;219;79;land;false;forest;5
246;248;154;180;land;true;plains;7
247;77;230;151;land;false;plains;7
248;231;254;208;land;false;forest;7
249;254;159;174;land;false;plains;7
250;234;195;254;land;false;plains;7
251;227;255;230;land;false;desert;3
252;166;154;254;land;false;forest;7
253;255;234;248;land;false;plains;7
254;146;150;250;land;false;plains;7
255;155;199;250;land;false;plains;7
256;181;250;224;land;false;hills;3
257;33;241;248;land;false;plains;7
258;111;238;232;land;false;plains;5
259;234;194;93;land;false;mountain;1
260;251;242;172;land;true;plains;7
261;234;229;254;land;false;hills;3
262;255;232;232;land;false;plains;7
263;182;255;214;land;false;mountain;3
264;255;222;240;land;false;forest;5
265;87;243;53;land;false;hills;5
266;185;239;130;land;false;forest;5
267;74;251;234;land;true;plains;7
268;76;111;235;land;false;hills;7
269;181;254;153;land;false;forest;7
270;240;247;166;land;false;plains;7
271;254;233;209;land;false;plains;7
272;208;238;112;land;false;plains;7
273;244;255;239;land;false;desert;3
274;233;248;255;land;false;desert;3
275;253;154;200;land;false;plains;7
276;162;214;71;land;false;plains;7
277;254;193;210;land;false;plains;7
278;189;253;228;land;true;plains;7
279;254;255;243;land;false;hills;7
280;181;214;255;land;true;plains;7
281;112;50;251;land;false;plains;7
282;111;230;131;land;false;marsh;5
283;64;232;57;land;false;hills;7
284;141;63;249;land;false;hills;5
285;139;37;251;land;false;plains;7
286;65;246;212;land;false;desert;3
287;214;253;158;land;false;plains;7
288;52;35;221;land;false;plains;7
289;254;221;211;land;false;plains;7
290;52;253;26;land;false;plains;7
291;37;96;250;land;false;plains;7
292;180;236;251;land;false;plains;5
293;116;241;45;land;false;plains;7
294;251;194;251;land;false;forest;7
295;251;255;255;land;false;plains;7
296;237;111;119;land;false;plains;7
297;246;154;214;land;true;marsh;7
298;220;208;88;land;false;plains;7
299;237;146;137;land;false;plains;7
300;176;89;250;land;false;forest;7
301;97;252;156;land;false;plains;7
302;236;22;158;land;false;forest;7
303;134;152;250;land;false;plains;7
304;209;244;104;land;false;plains;7
305;240;148;136;land;false;plains;7
306;170;97;243;land;false;plains;7
307;154;127;238;land;false;plains;7
308;255;201;190;land;false;mountain;3
309;255;145;183;land;false;contaminated;2
310;231;156;248;land;false;plains;7
311;128;85;248;land;false;hills;7
312;182;252;214;land;false;plains;7
313;203;254;214;land;false;plains;3
314;219;228;115;land;false;desert;3
315;254;230;223;land;false;plains;7
316;89;111;253;land;false;hills;7
317;166;254;195;land;false;plains;7
318;92;155;254;land;false;desert;3
319;245;139;254;land;false;plains;7
320;103;195;240;land;false;plains;7
321;83;220;121;land;false;desert;3
322;213;159;68;land;false;plains;7
323;111;192;63;land;true;plains;7
324;98;220;222;land;false;desert;1
325;245;152;176;land;false;plains;7
326;239;143;226;land;false;mountain;2
327;122;211;238;land;false;plains;7
328;221;95;198;land;false;plains;7
329;224;79;237;land;false;plains;7
330;186;23;251;land;false;hills;3
331;186;137;245;land;false;plains;7
332;168;249;146;land;true;desert;1
333;196;130;240;land;false;contaminated;2
334;102;229;80;land;false;desert;5
335;237;229;255;land;false;forest;7
336;165;89;221;land;false;desert;5
337;233;177;46;land;false;plains;7
338;109;235;232;land;false;plains;7
339;137;242;250;land;false;plains;5
340;224;104;149;land;false;plains;7
341;79;135;243;land;false;desert;3
342;245;17;247;land;false;forest;7
343;209;116;241;land;false;forest;7
344;98;79;232;land;false;plains;7
345;191;253;253;land;false;plains;7
346;237;46;234;land;false;plains;5
347;158;226;42;land;false;plains;7
348;196;178;253;land;false;forest;7
349;201;243;102;land;false;plains;7
350;65;195;207;land;false;plains;7
351;86;178;245;land;false;plains;7
352;255;205;203;land;true;plains;7
353;225;253;186;land;false;plains;7
354;52;14;248;land;false;contaminated;2
355;230;106;64;land;true;plains;7
356;52;223;38;land;true;plains;7
357;255;167;235;land;false;plains;7
358;169;41;240;land;false;plains;7
359;61;91;255;land;false;plains;7
360;242;213;94;land;false;plains;7
361;186;192;253;land;true;desert;5
362;62;233;109;land;false;contaminated;2
363;201;247;165;land;false;plains;7
364;255;254;238;land;false;plains;7
365;181;244;155;land;false;plains;7
366;183;184;254;land;false;plains;7
367;16;88;253;land;false;desert;3
368;248;8;25;land;false;hills;7
369;170;254;176;land;false;plains;7
370;225;47;53;land;false;plains;7
371;66;65;215;land;false;plains;7
372;173;244;81;land;false;contaminated;2
373;254;93;192;land;false;plains;7
374;247;254;168;land;false;plains;7
375;227;109;34;land;false;contaminated;2
376;170;145;254;land;false;plains;7
377;231;165;89;land;false;forest;7
378;165;254;183;land;true;desert;1
379;251;221;162;land;false;plains;1
380;241;246;105;land;false;plains;7
381;250;255;250;land;false;desert;3
382;245;218;149;land;false;plains;7
383;243;123;93;land;true;plains;7
384;251;153;186;land;false;plains;7
385;251;164;245;land;false;plains;5
386;91;233;48;land;false;plains;7
387;173;191;253;land;true;forest;7
388;251;191;162;land;false;plains;7
389;70;93;203;land;false;forest;6
390;21;183;251;land;true;plains;7
391;217;235;75;land;false;plains;2
392;154;153;246;land;true;plains;7
393;223;225;254;land;true;plains;7
394;251;168;206;land;false;plains;7
395;77;240;139;land;false;plains;7
396;239;155;141;land;false;forest;7
397;195;213;254;land;false;plains;7
398;61;223;85;land;false;plains;7
399;125;238;249;land;false;contaminated;2
400;214;63;192;land;false;plains;7
401;129;236;249;land;false;plains;6
402;154;225;87;land;false;plains;7
403;232;179;117;land;false;plains;7
404;253;255;213;land;false;hills;5
405;121;69;226;land;false;plains;7
406;75;171;241;land;true;plains;7
407;248;201;177;land;false;plains;7
408;255;185;221;land;true;plains;7
409;144;242;198;land;false;desert;3
410;240;255;248;land;false;hills;7
411;253;213;212;land;true;plains;7
412;130;244;138;land;false;plains;7
413;255;238;235;land;false;plains;7
414;239;171;123;land;false;hills;7
415;148;229;251;land;false;plains;7
416;222;233;254;land;true;plains;7
417;215;82;148;land;false;plains;7
418;234;255;253;land;false;hills;7
419;57;241;148;land;true;plains;7
420;152;250;233;land;false;plains;7
421;251;182;251;land;false;plains;7
422;73;214;247;land;true;forest;7
423;159;245;189;land;false;plains;6
424;253;242;255;land;false;plains;7
425;174;116;254;land;false;plains;7
426;81;84;207;land;false;plains;7
427;220;254;224;land;false;plains;7
428;104;251;159;land;true;plains;7
429;254;201;218;land;false;plains;7
430;95;178;252;land;true;desert;1
431;250;203;187;land;true;plains;7
432;199;253;229;land;true;plains;5
433;212;81;129;land;false;plains;7
434;135;253;198;land;false;plains;7
435;73;160;208;land;false;plains;7
436;226;54;87;land;false;plains;7
437;78;238;230;land;false;desert;3
438;238;139;66;land;false;plains;7
439;47;248;185;land;true;forest;7
440;144;224;254;land;false;plains;7
441;20;254;92;land;true;forest;7
442;231;166;252;land;false;plains;7
443;224;254;253;land;false;desert;3
444;235;219;92;land;false;plains;7
445;59;214;63;land;false;hills;7
446;148;242;221;land;false;plains;7
447;144;172;247;land;false;plains;7
448;58;239;206;land;false;plains;5
449;202;194;252;land;false;hills;5
450;128;128;238;land;false;plains;7
451;209;64;222;land;false;plains;7
452;255;193;198;land;false;plains;7
453;255;242;248;land;false;plains;7
454;46;101;226;land;false;desert;3
455;246;81;185;land;false;mountain;5
456;54;67;201;land;true;plains;7
457;223;57;183;land;false;plains;7
458;255;137;130;land;false;plains;7
459;129;229;239;land;false;plains;7
460;223;227;255;land;false;marsh;7
461;157;99;229;land;false;desert;5
462;246;138;157;land;true;plains;7
463;104;243;105;land;false;plains;7
464;241;138;147;land;false;forest;7
465;182;233;250;land;false;plains;7
466;113;47;232;land;true;plains;7
467;129;243;237;land;true;forest;7
468;164;252;92;land;true;plains;7
469;42;189;228;land;false;plains;7
470;254;218;207;land;false;contaminated;2
471;255;252;233;land;false;desert;3
472;199;252;208;land;false;hills;7
473;251;178;200;land;false;hills;7
474;223;162;251;land;true;plains;7
475;73;119;244;land;false;plains;7
476;228;253;169;land;false;plains;5
477;249;255;238;land;true;desert;3
478;240;255;218;land;false;plains;7
479;196;221;99;land;false;plains;7
480;180;60;217;land;true;plains;7
481;250;253;144;land;true;plains;7
482;238;254;221;land;false;plains;6
483;179;203;254;land;false;plains;7
484;255;160;251;land;false;plains;7
485;252;208;110;land;false;plains;7
486;202;254;195;land;false;plains;7
487;231;226;69;land;false;plains;7
488;254;179;178;land;false;desert;3
489;204;252;214;land;false;desert;1
490;105;223;156;land;false;plains;7
491;151;28;251;land;true;plains;7
492;179;228;249;land;false;desert;3
493;254;232;65;land;true;desert;3
494;211;142;73;land;false;plains;7
495;56;121;234;land;false;plains;7
496;253;233;159;land;false;forest;7
497;252;80;70;land;false;marsh;5
498;251;211;147;land;false;mountain;7
499;203;68;95;land;false;plains;7
500;189;236;254;land;false;plains;7
501;85;222;97;land;true;plains;7
502;176;150;255;land;false;plains;7
503;187;255;226;land;false;desert;3
504;236;250;174;land;false;plains;7
505;239;253;207;land;false;hills;7
506;254;205;222;land;false;hills;7
507;205;118;54;land;false;plains;7
508;251;221;91;land;true;plains;7
509;227;250;102;land;false;mountain;5
510;237;117;112;land;false;forest;5
511;145;254;128;land;false;contaminated;2
512;255;229;253;land;false;plains;7
513;224;38;122;land;true;desert;5
514;237;255;236;land;false;mountain;7
515;248;169;215;land;false;plains;7
516;195;105;224;land;false;plains;7
517;106;231;100;land;false;plains;7
518;249;180;142;land;false;plains;7
519;213;75;46;land;false;plains;7
520;238;254;209;land;false;plains;7
521;214;247;116;land;false;plains;7
522;250;23;129;land;false;forest;7
523;81;219;98;land;false;mountain;7
524;117;87;224;land;false;marsh;5
525;170;254;201;land;false;plains;7
526;189;124;245;land;false;plains;7
527;79;240;136;land;false;plains;7
528;54;160;234;land;false;plains;7
529;228;102;157;land;false;plains;7
530;152;70;249;land;false;hills;7
531;53;229;194;land;false;plains;5
532;112;221;231;land;false;plains;7
533;255;248;250;land;false;plains;7
534;204;253;189;land;false;desert;5
535;123;196;238;land;false;plains;7
536;140;131;235;land;false;plains;7
537;242;148;169;land;false;hills;1
538;254;208;247;land;false;plains;7
539;167;254;193;land;false;plains;7
540;218;182;255;land;false;desert;3
541;61;213;235;land;false;plains;7
542;163;109;238;land;false;plains;7
543;239;217;254;land;true;plains;7
544;144;142;255;land;false;plains;7
545;147;245;188;land;false;plains;7
546;238;232;123;land;false;plains;7
547;124;245;208;land;true;plains;7
548;187;230;105;land;false;plains;7
549;225;52;210;land;false;mountain;7
550;88;24;236;land;false;plains;7
551;221;99;199;land;true;plains;7
552;220;107;52;land;false;plains;7
553;250;189;130;land;false;plains;7
554;255;234;253;land;true;plains;7
555;254;193;248;land;false;plains;7
556;118;93;230;land;false;hills;1
557;208;195;252;land;true;plains;7
558;232;29;102;land;false;forest;7
559;236;247;151;land;false;plains;7
560;238;167;129;land;true;mountain;5
561;243;255;216;land;false;hills;5
562;237;254;206;land;false;mountain;7
563;119;25;243;land;false;plains;7
564;62;171;254;land;false;mountain;2
565;180;240;143;land;true;plains;7
566;236;171;111;land;false;vorkernsberg;5
567;176;233;251;land;false;desert;3
568;251;227;88;land;true;plains;7
569;254;249;216;land;true;plains;7
570;242;255;232;land;false;plains;1
571;109;254;227;land;false;plains;7
572;182;253;251;land;false;plains;7
573;240;255;252;land;true;forest;7
574;74;112;202;land;false;forest;7
575;215;38;235;land;false;plains;7
576;80;253;124;land;false;plains;2
577;199;253;240;land;false;hills;3
578;41;217;226;land;false;hills;7
579;253;186;241;land;true;plains;6
580;179;172;253;land;false;plains;7
581;209;255;204;land;true;plains;7
582;187;218;38;land;true;plains;3
583;140;244;46;land;false;plains;7
584;132;243;229;land;true;plains;7
585;232;176;251;land;false;hills;7
586;210;229;108;land;false;forest;7
587;255;247;245;land;false;marsh;5
588;211;222;255;land;false;desert;3
589;206;252;130;land;true;plains;7
590;87;237;195;land;false;plains;7
591;88;120;231;land;false;plains;7
592;237;175;118;land;false;hills;5
593;241;133;57;land;false;plains;7
594;255;98;78;land;false;forest;7
595;252;232;98;land;false;forest;6
596;255;228;249;land;false;plains;7
597;254;222;212;land;false;plains;7
598;226;255;236;land;true;plains;7
599;96;23;238;land;false;hills;2
600;206;129;56;land;false;plains;7
601;220;139;246;land;false;mountain;3
602;141;242;90;land;false;hills;7
603;201;245;255;land;false;contaminated;2
604;224;203;255;land;false;hills;3
605;250;108;227;land;true;plains;7
606;195;142;246;land;false;plains;7
607;234;73;48;land;false;contaminated;2
608;90;50;225;land;false;plains;7
609;133;251;219;land;false;forest;7
610;246;186;154;land;false;plains;7
611;64;226;45;land;false;forest;6
612;135;149;251;land;false;plains;7
613;220;241;145;land;false;plains;7
614;233;201;100;land;false;plains;7
615;220;43;133;land;false;plains;7
616;194;253;240;land;false;plains;7
617;231;108;135;land;false;forest;7
618;246;126;177;land;false;plains;7
619;199;173;251;land;false;plains;7
620;69;60;251;land;false;plains;7
621;147;172;244;land;false;plains;7
622;184;248;132;land;false;plains;7
623;246;239;255;land;false;hills;5
624;250;187;203;land;false;mountain;5
625;111;149;235;land;false;plains;7
626;225;62;153;land;true;marsh;7
627;253;193;192;land;false;desert;1
628;221;238;254;land;false;plains;7
629;234;125;143;land;false;forest;7
630;73;204;69;land;true;plains;7
631;199;248;135;land;true;marsh;7
632;197;190;62;land;true;plains;7
633;163;174;255;land;false;plains;7
634;222;255;218;land;true;plains;7
635;200;218;253;land;false;forest;7
636;237;53;121;land;false;plains;5
637;236;57;183;land;false;plains;7
638;254;239;172;land;false;plains;6
639;155;241;142;land;true;marsh;7
640;247;168;147;land;false;plains;7
641;161;255;147;land;false;plains;7
642;62;120;245;land;false;plains;7
643;249;157;202;land;false;desert;3
644;184;250;240;land;false;plains;7
645;245;146;225;land;false;plains;7
646;214;220;253;land;true;plains;7
647;123;239;35;land;false;forest;5
648;196;252;180;land;false;desert;3
649;219;244;143;land;false;plains;7
650;26;243;230;land;false;contaminated;2
651;232;189;54;land;false;forest;7
652;230;245;159;land;false;plains;7
653;238;122;165;land;false;hills;7
654;254;202;84;land;false;plains;7
655;48;241;66;land;false;plains;7
656;233;123;241;land;true;plains;7
657;242;35;195;land;false;plains;7
658;197;254;215;land;false;forest;7
659;254;234;224;land;false;plains;7
660;96;110;225;land;false;mountain;5
661;253;243;182;land;false;plains;7
662;243;71;108;land;true;plains;7
663;47;218;45;land;false;plains;7
664;249;221;139;land;false;plains;7
665;94;63;236;land;false;plains;7
666;246;255;253;land;false;forest;7
667;255;249;234;land;false;plains;7
668;241;228;255;land;false;plains;7
669;114;231;242;land;false;plains;7
670;237;253;195;land;false;plains;7
671;94;82;208;land;false;mountain;3
672;243;155;218;land;false;plains;5
673;242;147;23;land;true;forest;7
674;131;205;236;land;false;forest;7
675;134;100;252;land;false;plains;7
676;252;248;203;land;false;hills;1
677;152;241;95;land;false;desert;3
678;131;73;241;land;false;mountain;7
679;188;251;217;land;false;plains;7
680;45;219;76;land;false;plains;7
681;174;249;164;land;false;plains;7
682;120;161;232;land;false;forest;5
683;153;68;228;land;false;plains;7
684;177;245;128;land;true;plains;7
685;244;168;128;land;false;plains;7
686;39;250;191;land;false;forest;5
687;249;136;225;land;false;desert;3
688;229;160;39;land;true;plains;7
689;204;52;140;land;true;desert;5
690;59;60;251;land;false;contaminated;2
691;182;104;232;land;false;contaminated;2
692;192;252;210;land;true;plains;7
693;241;45;162;land;false;plains;7
694;158;250;238;land;false;plains;6
695;251;130;37;land;false;plains;7
696;124;180;234;land;false;forest;7
697;223;239;255;land;false;plains;7
698;236;81;150;land;false;forest;6
699;255;237;245;land;false;plains;7
700;247;59;174;land;false;plains;7
701;139;239;213;land;false;plains;7
702;225;155;49;land;false;forest;6
703;101;240;80;land;false;plains;7
704;234;255;210;land;false;plains;7
705;244;255;242;land;true;plains;7
706;157;228;80;land;false;urban;5
707;140;113;249;land;false;plains;7
708;103;81;251;land;false;plains;7
709;243;228;82;land;false;plains;7
710;254;253;181;land;false;plains;1
711;175;244;155;land;true;forest;7
712;224;149;248;land;true;plains;7
713;232;97;197;land;false;hills;7
714;82;248;139;land;false;plains;7
715;250;154;176;land;false;plains;7
716;244;229;160;land;true;plains;7
717;249;255;231;land;false;plains;7
718;179;154;246;land;true;plains;7
719;173;246;82;land;false;plains;7
720;195;202;252;land;false;plains;7
721;247;255;247;land;true;hills;1
722;187;246;253;land;false;forest;6
723;151;253;114;land;false;plains;7
724;252;232;107;land;false;plains;7
725;90;163;239;land;false;plains;7
726;252;209;188;land;false;hills;2
727;239;138;162;land;false;plains;7
728;255;226;235;land;false;hills;1
729;239;79;226;land;false;desert;3
730;251;162;236;land;false;plains;7
731;243;40;165;land;false;plains;7
732;173;223;93;land;true;marsh;7
733;204;251;132;land;true;plains;7
734;246;37;221;land;false;hills;7
735;227;163;249;land;false;contaminated;2
736;254;213;211;land;false;forest;7
737;246;253;208;land;true;plains;7
738;57;251;26;land;false;marsh;5
739;200;183;250;land;true;forest;7
740;130;247;119;land;false;plains;7
741;121;244;122;land;false;plains;5
742;34;225;232;land;false;forest;7
743;114;155;233;land;false;plains;7
744;219;124;247;land;false;contaminated;2
745;150;238;119;land;false;plains;7
746;232;244;102;land;false;plains;7
747;167;255;251;land;false;plains;7
748;170;73;214;land;false;marsh;7
749;222;56;53;land;true;plains;7
750;140;204;54;land;false;plains;7
751;246;253;216;land;false;hills;7
752;103;245;81;land;false;plains;7
753;239;237;255;land;true;plains;7
754;73;218;100;land;false;urban;5
755;81;89;227;land;false;plains;7
756;247;143;249;land;true;plains;7
757;208;171;247;land;false;plains;7
758;232;188;120;land;true;plains;7
759;238;100;251;land;false;plains;7
760;184;254;187;land;false;plains;7
761;135;138;245;land;false;plains;7
762;118;43;220;land;false;desert;6
763;253;145;162;land;false;mountain;7
764;40;65;235;land;false;hills;7
765;84;215;113;land;false;marsh;5
766;184;148;241;land;false;contaminated;2
767;167;248;231;land;false;plains;7
768;125;251;203;land;false;hills;7
769;146;252;188;land;false;plains;7
770;254;217;177;land;true;plains;7
771;156;213;65;land;false;desert;3
772;205;254;166;land;false;plains;7
773;68;180;235;land;false;plains;5
774;255;232;249;land;false;contaminated;2
775;240;47;179;land;false;plains;7
776;124;235;192;land;false;desert;3
777;157;123;237;land;false;plains;7
778;251;249;255;land;false;plains;7
779;252;150;210;land;false;hills;1
780;250;68;72;land;false;plains;7
781;254;236;194;land;false;plains;7
782;48;246;61;land;false;desert;5
783;107;59;196;land;false;plains;7
784;253;251;210;land;false;plains;7
785;65;207;127;land;false;hills;7
786;252;205;25;land;false;desert;1
787;212;148;80;land;false;plains;7
788;232;150;62;land;false;plains;7
789;240;246;133;land;false;plains;7
790;66;249;133;land;true;plains;7
791;233;111;153;land;false;plains;7
792;116;246;216;land;false;plains;7
793;161;245;79;land;false;plains;7
794;250;241;174;land;false;hills;7
795;123;248;251;land;false;plains;7
796;81;245;118;land;false;mountain;7
797;210;255;240;land;false;desert;1
798;239;68;225;land;false;plains;7
799;176;136;242;land;true;plains;7
800;55;252;160;land;true;marsh;7
801;170;254;249;land;false;plains;7
802;223;116;243;land;false;plains;7
803;135;241;233;land;false;plains;7
804;35;79;236;land;false;plains;7
805;52;237;186;land;false;plains;7
806;62;252;231;land;false;forest;5
807;66;131;213;land;false;plains;7
808;159;180;244;land;false;plains;7
809;255;235;224;land;false;plains;7
810;133;238;251;land;false;hills;3
811;252;171;219;land;false;desert;3
812;255;245;242;land;false;hills;3
813;221;193;80;land;false;contaminated;2
814;201;242;55;land;false;plains;7
815;91;43;214;land;false;plains;7
816;205;255;225;land;false;plains;7
817;105;216;236;land;false;plains;7
818;255;232;239;land;false;hills;3
819;219;90;122;land;false;plains;7
820;141;69;246;land;true;marsh;7
821;255;152;212;land;false;plains;7
822;228;199;36;land;false;plains;7
823;192;226;111;land;false;plains;7
824;251;255;254;land;false;desert;3
825;249;225;162;land;true;plains;7
826;217;130;89;land;true;desert;3
827;122;219;63;land;false;plains;5
828;234;124;193;land;false;plains;7
829;71;71;205;land;false;plains;7
830;231;58;162;land;true;plains;7
831;197;197;252;land;false;hills;7
832;253;209;219;land;true;plains;7
833;243;216;253;land;true;plains;7
834;248;204;119;land;true;forest;3
835;108;36;223;land;false;plains;7
836;250;39;95;land;false;plains;7
837;242;250;177;land;false;plains;7
838;105;238;76;land;false;forest;6
839;124;138;245;land;true;forest;7
840;209;65;234;land;false;plains;7
841;250;7;206;land;false;contaminated;2
842;15;189;252;land;true;plains;7
843;167;157;250;land;true;plains;7
844;205;254;213;land;true;forest;7
845;247;214;100;land;false;forest;7
846;64;208;126;land;false;plains;7
847;168;99;231;land;false;forest;7
848;145;182;248;land;false;plains;7
849;245;254;230;land;false;mountain;7
850;159;249;228;land;false;plains;7
851;250;48;36;land;false;hills;7
852;151;255;215;land;false;forest;7
853;175;250;178;land;false;mountain;7
854;203;224;254;land;false;plains;7
855;83;217;69;land;false;plains;5
856;246;97;81;land;false;plains;7
857;167;254;206;land;true;plains;3
858;36;100;253;land;false;plains;7
859;246;67;21;land;false;plains;7
860;181;193;250;land;false;hills;5
861;235;80;221;land;false;plains;7
862;227;152;254;land;false;plains;7
863;247;195;76;land;true;forest;7
864;253;195;153;land;false;desert;3
865;254;164;231;land;false;desert;1
866;151;251;163;land;false;plains;7
867;151;253;196;land;false;plains;7
868;155;127;234;land;false;forest;5
869;81;242;181;land;true;plains;7
870;202;212;78;land;false;plains;7
871;254;181;12;land;true;plains;7
872;69;225;208;land;false;plains;7
873;232;111;159;land;true;forest;7
874;236;100;144;land;false;contaminated;2
875;117;252;148;land;false;plains;7
876;253;245;147;land;false;contaminated;2
877;45;190;221;land;true;hills;2
878;121;237;225;land;false;plains;7
879;114;251;157;land;false;plains;7
880;127;252;185;land;false;plains;7
881;254;227;249;land;true;plains;7
882;149;246;43;land;false;hills;6
883;212;160;246;land;false;forest;7
884;186;252;164;land;true;forest;7
885;226;252;163;land;true;plains;7
886;193;251;239;land;false;plains;7
887;231;181;56;land;false;plains;5
888;87;223;55;land;false;plains;6
889;64;210;241;land;false;plains;7
890;201;252;176;land;false;plains;7
891;247;195;252;land;true;plains;7
892;27;231;181;land;false;desert;1
893;254;194;179;land;false;hills;7
894;211;230;253;land;false;contaminated;2
895;188;186;251;land;false;plains;7
896;206;249;253;land;false;plains;7
897;18;237;107;land;false;plains;7
898;223;112;233;land;false;plains;7
899;203;252;157;land;false;plains;7
900;18;114;250;land;true;plains;7
901;40;135;241;land;false;plains;7
902;200;64;61;land;true;plains;7
903;231;253;209;land;false;forest;7
904;126;238;86;land;false;marsh;5
905;241;81;137;land;false;plains;7
906;212;247;156;land;true;forest;7
907;145;246;161;land;false;hills;7
908;254;232;200;land;false;plains;7
909;122;183;243;land;false;plains;7
910;252;181;155;land;false;desert;1
911;143;220;88;land;true;plains;7
912;234;223;254;land;false;plains;7
913;189;252;251;land;false;plains;7
914;201;58;199;land;false;plains;7
915;205;248;133;land;true;plains;7
916;244;154;186;land;false;plains;7
917;253;255;245;land;false;plains;5
918;230;214;71;land;false;plains;7
919;212;124;237;land;false;mountain;3
920;142;235;246;land;true;plains;7
921;250;107;77;land;false;hills;7
922;69;106;254;land;false;plains;7
923;35;226;199;land;false;plains;7
924;127;251;210;land;false;plains;7
925;253;246;201;land;false;plains;7
926;222;238;65;land;true;desert;3
927;46;105;234;land;false;plains;7
928;208;254;236;land;false;plains;7
929;254;251;223;land;false;forest;7
930;244;234;255;land;false;marsh;5
931;116;129;233;land;false;desert;3
932;255;145;221;land;false;forest;6
933;208;217;254;land;false;plains;7
934;167;248;237;land;false;forest;7
935;240;254;210;land;false;plains;7
936;235;146;129;land;false;mountain;7
937;253;214;216;land;false;plains;7
938;181;251;123;land;true;plains;7
939;229;254;200;land;false;desert;3
940;253;182;206;land;false;plains;7
941;80;231;150;land;false;plains;7
942;252;205;222;land;false;plains;7
943;172;255;240;land;false;plains;7
944;254;215;19;land;true;plains;7
945;84;226;213;land;false;plains;7
946;198;151;253;land;false;hills;3
947;249;246;176;land;true;plains;5
948;105;238;115;land;true;plains;7
949;223;200;41;land;false;plains;7
950;132;239;133;land;false;plains;7
951;84;245;69;land;false;hills;7
952;251;233;114;land;false;plains;7
953;97;233;67;land;false;mountain;2
954;248;255;245;land;true;forest;7
955;245;119;107;land;false;plains;7
956;187;210;60;land;true;plains;7
957;160;252;108;land;false;plains;6
958;184;137;245;land;false;plains;7
959;245;56;208;land;false;hills;7
960;245;255;248;land;false;forest;3
961;41;152;244;land;false;plains;7
962;89;233;215;land;false;plains;7
963;249;152;183;land;false;plains;5
964;119;216;230;land;false;plains;7
965;247;217;167;land;false;contaminated;2
966;255;232;235;land;false;plains;7
967;223;255;254;land;true;plains;7
968;73;207;230;land;true;plains;7
969;65;239;61;land;false;hills;7
970;126;243;71;land;false;plains;7
971;77;114;252;land;false;hills;3
972;211;240;124;land;false;forest;7
973;104;207;236;land;false;contaminated;2
974;176;244;120;land;false;plains;7
975;171;48;207;land;false;plains;7
976;247;255;250;land;false;plains;5
977;49;85;252;land;false;plains;7
978;253;212;214;land;false;hills;7
979;200;255;249;land;false;contaminated;2
980;112;253;157;land;false;plains;7
981;253;216;199;land;false;hills;7
982;183;195;251;land;false;plains;7
983;225;231;254;land;false;mountain;5
984;240;255;251;land;false;plains;7
985;112;185;237;land;false;plains;7
986;152;225;98;land;false;plains;7
987;111;186;245;land;false;plains;7
988;157;131;254;land;true;plains;7
989;226;185;56;land;false;hills;7
990;105;233;59;land;true;plains;7
991;245;250;255;land;false;plains;7
992;108;244;237;land;true;plains;7
993;180;185;254;land;false;plains;7
994;251;134;157;land;true;plains;7
995;213;254;215;land;false;plains;7
996;161;208;249;land;false;plains;7
997;180;254;238;land;false;plains;7
998;76;207;114;land;false;hills;7
999;144;251;153;land;true;forest;7
1000;249;186;156;land;true;plains;7
1001;118;222;238;land;false;plains;7
1002;221;74;188;land;false;plains;7
1003;173;249;182;land;true;plains;7
1004;125;186;243;land;false;plains;7
1005;39;240;247;land;true;plains;7
1006;172;255;174;land;false;plains;7
1007;144;254;148;land;false;plains;7
1008;214;75;209;land;false;hills;7
1009;252;200;199;land;false;plains;7
1010;203;224;255;land;false;forest;7
1011;240;249;79;land;false;desert;3
1012;218;85;172;land;false;plains;7
1013;255;227;221;land;true;plains;7
1014;99;248;26;land;true;plains;7
1015;208;70;120;land;false;desert;5
1016;253;112;217;land;true;forest;7
1017;210;241;255;land;true;forest;7
1018;204;143;68;land;false;plains;7
1019;206;226;93;land;false;mountain;3
1020;209;124;237;land;false;hills;3
1021;229;124;30;land;false;forest;7
1022;231;207;114;land;true;forest;7
1023;137;243;178;land;false;plains;7
1024;192;251;179;land;false;hills;7
1025;106;212;231;land;false;plains;2
1026;243;251;255;land;true;plains;7
1027;91;249;220;land;false;plains;7
1028;222;250;113;land;true;plains;7
1029;148;81;222;land;false;plains;5
1030;241;110;79;land;false;plains;7
1031;179;93;231;land;false;plains;7
1032;254;241;206;land;false;plains;7
1033;254;213;225;land;false;hills;6
1034;253;255;247;land;false;contaminated;2
1035;250;234;255;land;false;plains;7
1036;240;255;226;land;false;plains;7
1037;192;163;253;land;false;plains;7
1038;202;248;252;land;true;forest;7
1039;255;215;215;land;false;plains;7
1040;205;254;242;land;true;plains;7
1041;116;241;141;land;false;plains;7
1042;213;255;223;land;false;plains;7
1043;54;115;215;land;false;plains;7
1044;158;156;250;land;false;plains;7
1045;250;241;107;land;false;plains;7
1046;142;145;249;land;false;desert;3
1047;74;235;90;land;false;hills;7
1048;187;254;153;land;false;plains;7
1049;232;227;71;land;false;forest;5
1050;153;135;241;land;false;plains;7
1051;199;177;251;land;false;plains;7
1052;98;233;91;land;false;plains;7
1053;253;165;149;land;false;plains;7
1054;238;203;69;land;false;plains;7
1055;17;245;199;land;false;plains;7
1056;249;180;193;land;false;mountain;2
1057;68;160;228;land;false;plains;7
1058;198;243;120;land;true;plains;7
1059;72;49;225;land;true;plains;7
1060;225;109;75;land;false;plains;7
1061;205;253;203;land;false;plains;5
1062;222;254;250;land;false;plains;7
1063;134;132;250;land;false;plains;7
1064;255;255;247;land;false;plains;7
1065;246;66;39;land;true;plains;7
1066;255;239;236;land;false;plains;7
1067;57;223;72;land;false;mountain;5
1068;216;167;252;land;false;plains;7
1069;92;201;224;land;false;plains;7
1070;140;252;192;land;true;forest;7
1071;105;62;213;land;false;plains;7
1072;203;254;204;land;false;plains;7
1073;150;130;245;land;false;plains;7
1074;129;254;204;land;true;marsh;7
1075;239;72;200;land;false;plains;7
1076;254;242;222;land;false;plains;7
1077;190;247;170;land;false;plains;7
1078;241;107;47;land;true;plains;7
1079;205;247;104;land;false;forest;7
1080;95;147;221;land;false;plains;7
1081;23;217;254;land;false;plains;7
1082;48;229;110;land;true;plains;7
1083;198;253;201;land;false;hills;7
1084;249;177;184;land;true;plains;7
1085;186;100;234;land;false;plains;7
1086;212;255;228;land;false;plains;7
1087;253;164;172;land;false;plains;7
1088;155;242;121;land;false;plains;7
1089;239;45;121;land;false;plains;7
1090;254;226;239;land;true;plains;6
1091;61;215;83;land;false;plains;6
1092;242;180;141;land;false;plains;7
1093;228;137;252;land;false;contaminated;2
1094;236;236;255;land;true;plains;7
1095;245;157;169;land;false;plains;7
1096;233;241;255;land;false;forest;7
1097;211;87;218;land;true;forest;7
1098;44;229;190;land;true;forest;7
1099;227;228;83;land;false;plains;7
1100;227;255;217;land;false;forest;5
1101;245;151;236;land;false;hills;7
1102;113;166;234;land;true;plains;7
1103;215;254;230;land;false;plains;7
1104;199;251;192;land;true;plains;7
1105;253;157;174;land;false;plains;6
1106;54;238;56;land;false;plains;7
1107;241;175;248;land;false;plains;7
1108;252;29;160;land;false;desert;3
1109;244;88;152;land;false;plains;7
1110;220;96;85;land;false;hills;7
1111;255;244;239;land;false;plains;5
1112;251;203;191;land;false;urban;2
1113;227;251;175;land;false;hills;7
1114;245;25;183;land;false;desert;3
1115;255;213;222;land;true;plains;7
1116;67;114;206;land;true;plains;7
1117;246;215;110;land;true;plains;7
1118;208;150;255;land;false;plains;7
1119;30;118;246;land;false;plains;7
1120;246;224;255;land;true;plains;7
1121;253;173;114;land;false;desert;3
1122;89;240;183;land;false;plains;7
1123;254;255;255;land;false;plains;7
1124;221;123;90;land;false;plains;7
1125;251;181;235;land;false;plains;7
1126;128;240;106;land;false;plains;7
1127;249;181;145;land;false;contaminated;2
1128;210;254;197;land;false;plains;5
1129;14;251;182;land;false;forest;5
1130;84;252;116;land;false;plains;7
1131;255;245;232;land;false;plains;7
1132;193;89;230;land;false;contaminated;2
1133;249;251;99;land;false;plains;7
1134;253;192;177;land;false;plains;7
1135;172;220;53;land;false;plains;7
1136;240;221;254;land;false;contaminated;2
1137;134;241;198;land;false;plains;7
1138;67;152;209;land;false;plains;7
1139;253;255;226;land;false;forest;7
1140;109;153;245;land;false;plains;7
1141;71;102;237;land;true;plains;7
1142;255;193;253;land;false;hills;1
1143;102;162;224;land;false;urban;5
1144;94;210;69;land;false;forest;7
1145;38;186;236;land;false;plains;7
1146;157;244;164;land;false;plains;7
1147;135;236;98;land;false;hills;1
1148;216;69;157;land;true;plains;7
1149;146;233;115;land;false;desert;3
1150;180;167;247;land;true;forest;7
1151;251;162;232;land;false;plains;7
1152;67;91;232;land;false;plains;7
1153;218;255;214;land;false;plains;7
1154;58;96;224;land;false;plains;7
1155;217;234;116;land;false;plains;7
1156;244;128;165;land;true;plains;5
1157;129;232;91;land;false;plains;6
1158;236;69;216;land;true;desert;3
1159;213;157;55;land;false;plains;7
1160;253;212;222;land;false;plains;7
1161;180;251;211;land;false;contaminated;2
1162;245;185;254;land;true;forest;7
1163;253;151;117;land;true;plains;7
1164;173;203;250;land;true;desert;6
1165;175;144;252;land;true;plains;7
1166;241;115;42;land;true;plains;7
1167;237;57;233;land;true;plains;6
1168;171;249;236;land;false;desert;3
1169;232;140;52;land;false;desert;3
1170;235;103;226;land;false;plains;7
1171;252;162;121;land;false;plains;7
1172;252;225;115;land;false;plains;7
1173;209;250;150;land;false;hills;5
1174;246;249;255;land;true;plains;7
1175;226;166;247;land;false;plains;5
1176;231;111;160;land;false;plains;7
1177;67;249;202;land;true;plains;7
1178;171;76;211;land;false;desert;3
1179;240;116;214;land;false;forest;2
1180;241;255;247;land;false;plains;7
1181;196;229;254;land;true;desert;5
1182;255;216;243;land;false;hills;7
1183;242;255;217;land;false;plains;7
1184;21;245;142;land;false;plains;7
1185;242;70;121;land;false;plains;7
1186;223;194;252;land;false;plains;7
1187;228;182;252;land;false;plains;7
1188;26;168;237;land;false;plains;7
1189;174;170;248;land;true;plains;7
1190;194;240;62;land;false;plains;7
1191;29;189;231;land;true;plains;6
1192;209;253;204;land;false;forest;7
1193;165;253;128;land;false;contaminated;2
1194;70;211;174;land;true;plains;7
1195;24;38;231;land;true;desert;3
1196;233;219;254;land;false;plains;7
1197;115;242;175;land;false;mountain;5
1198;247;230;114;land;false;mountain;3
1199;60;184;233;land;false;plains;7
1200;100;252;157;land;false;desert;1
1201;204;242;253;land;false;plains;7
1202;238;58;67;land;false;plains;7
1203;217;165;245;land;false;plains;7
1204;221;122;231;land;false;plains;7
1205;224;83;140;land;false;plains;7
1206;144;216;58;land;false;plains;7
1207;24;237;187;land;false;plains;7
1208;35;235;26;land;false;hills;5
1209;238;194;251;land;true;plains;7
1210;250;255;242;land;false;plains;7
1211;241;245;255;land;false;hills;7
1212;254;240;65;land;true;plains;7
1213;247;104;208;land;false;plains;7
1214;93;227;185;land;false;plains;7
1215;97;246;153;land;false;mountain;2
1216;198;94;228;land;false;hills;7
1217;133;214;87;land;false;hills;5
1218;206;62;247;land;false;plains;5
1219;150;89;255;land;true;plains;7
1220;101;205;237;land;false;plains;7
1221;168;253;156;land;true;plains;7
1222;194;228;70;land;false;contaminated;2
1223;189;254;166;land;false;plains;7
1224;227;254;221;land;false;plains;7
1225;89;112;221;land;false;plains;7
1226;207;124;246;land;false;plains;7
1227;238;152;135;land;false;plains;7
1228;205;206;65;land;false;plains;7
1229;197;106;250;land;true;plains;7
1230;66;205;225;land;false;plains;7
1231;229;193;252;land;false;plains;7
1232;253;207;159;land;true;plains;7
1233;248;138;106;land;false;plains;7
1234;245;209;154;land;true;forest;7
1235;137;232;76;land;false;forest;7
1236;168;247;153;land;false;plains;7
1237;121;55;212;land;false;plains;7
1238;251;119;213;land;true;plains;7
1239;235;187;250;land;false;forest;3
1240;206;245;140;land;false;forest;7
1241;218;202;91;land;false;plains;7
1242;118;105;227;land;false;plains;7
1243;184;217;253;land;false;forest;7
1244;222;88;119;land;true;plains;7
1245;245;242;137;land;true;forest;7
1246;253;193;154;land;false;desert;3
1247;108;245;198;land;false;plains;7
1248;105;115;238;land;false;mountain;7
1249;231;25;25;land;true;plains;7
1250;221;250;179;land;false;hills;5
1251;164;202;253;land;false;hills;7
1252;252;190;220;land;true;marsh;7
1253;193;219;71;land;false;plains;7
1254;131;230;116;land;false;plains;7
1255;249;137;219;land;true;forest;7
1256;254;239;142;land;false;plains;7
1257;116;226;70;land;false;plains;6
1258;245;145;212;land;false;plains;7
1259;229;226;51;land;false;hills;3
1260;168;241;90;land;true;plains;7
1261;251;185;241;land;false;plains;7
1262;210;144;254;land;false;plains;7
1263;216;254;251;land;false;hills;3
1264;253;81;72;land;false;plains;7
1265;143;253;81;land;false;plains;7
1266;71;251;25;land;false;hills;7
1267;148;137;242;land;false;plains;7
1268;242;123;160;land;false;plains;7
1269;226;255;227;land;true;plains;7
1270;56;218;214;land;true;desert;5
1271;185;150;244;land;false;forest;7
1272;232;181;66;land;false;contaminated;2
1273;235;179;251;land;false;plains;7
1274;240;134;207;land;false;plains;7
1275;222;209;254;land;true;plains;7
1276;227;54;50;land;false;plains;7
1277;170;239;143;land;true;forest;7
1278;255;183;178;land;false;hills;7
1279;235;204;124;land;false;plains;7
1280;215;64;208;land;false;forest;5
1281;254;154;202;land;false;mountain;3
1282;163;211;251;land;false;plains;7
1283;45;193;226;land;false;plains;7
1284;232;254;158;land;false;plains;7
1285;229;84;93;land;false;hills;3
1286;111;222;82;land;false;forest;7
1287;155;71;231;land;false;desert;1
1288;221;254;219;land;true;plains;7
1289;251;234;192;land;false;plains;7
1290;127;243;193;land;false;plains;7
1291;240;254;224;land;false;plains;7
1292;238;164;93;land;true;plains;7
1293;254;82;229;land;false;plains;7
1294;68;167;234;land;true;plains;7
1295;253;181;199;land;false;desert;3
1296;231;254;209;land;false;plains;5
1297;243;244;255;land;false;plains;7
1298;253;171;247;land;false;plains;7
1299;255;238;208;land;false;desert;3
1300;155;254;120;land;false;desert;3
1301;240;66;236;land;false;plains;7
1302;204;249;170;land;false;plains;7
1303;178;242;131;land;true;plains;7
1304;179;249;142;land;false;hills;6
1305;140;248;138;land;true;plains;7
1306;245;33;249;land;false;plains;7
1307;242;89;217;land;true;plains;7
1308;227;254;58;land;false;hills;3
1309;223;254;234;land;false;plains;7
1310;135;99;240;land;true;plains;7
1311;253;213;206;land;false;plains;7
1312;185;145;243;land;false;plains;7
1313;186;251;224;land;false;plains;7
1314;183;64;250;land;false;plains;7
1315;56;218;193;land;false;plains;7
1316;215;184;252;land;false;hills;2
1317;251;133;193;land;false;plains;7
1318;255;254;236;land;false;mountain;5
1319;254;220;236;land;false;plains;7
1320;158;250;201;land;false;plains;7
1321;206;238;137;land;false;plains;7
1322;226;65;180;land;false;plains;7
1323;250;139;240;land;false;plains;7
1324;137;188;238;land;false;hills;7
1325;248;158;157;land;false;plains;7
1326;194;255;237;land;true;forest;7
1327;81;235;190;land;false;desert;3
1328;216;212;255;land;true;plains;7
1329;60;150;239;land;false;hills;7
1330;210;255;219;land;false;desert;3
1331;245;102;67;land;true;plains;7
1332;226;255;203;land;false;forest;7
1333;220;252;150;land;false;plains;7
1334;245;51;152;land;false;forest;7
1335;124;102;244;land;false;mountain;3
1336;112;47;249;land;false;plains;7
1337;248;235;255;land;false;forest;5
1338;254;199;228;land;true;plains;7
1339;112;226;78;land;false;plains;7
1340;84;254;153;land;false;plains;7
1341;69;246;167;land;false;plains;7
1342;121;251;69;land;false;contaminated;2
1343;255;121;226;land;false;plains;7
1344;192;250;251;land;false;plains;7
1345;88;238;90;land;false;forest;7
1346;109;76;223;land;false;plains;7
1347;224;254;234;land;false;plains;7
1348;252;253;43;land;true;forest;7
1349;254;213;223;land;false;desert;3
1350;178;249;45;land;true;forest;7
1351;132;244;147;land;false;plains;7
1352;198;199;253;land;false;plains;7
1353;198;239;253;land;false;plains;7
1354;222;160;249;land;false;plains;7
1355;143;252;225;land;false;plains;7
1356;239;170;126;land;false;hills;7
1357;251;171;236;land;false;plains;7
1358;254;252;199;land;false;plains;7
1359;246;242;255;land;false;plains;7
1360;153;203;244;land;false;hills;3
1361;49;226;48;land;false;plains;7
1362;119;53;225;land;false;plains;7
1363;220;245;153;land;false;plains;7
1364;229;255;254;land;false;plains;7
1365;220;244;147;land;false;plains;7
1366;205;180;253;land;false;desert;3
1367;251;191;234;land;false;plains;7
1368;225;251;171;land;true;plains;7
1369;242;254;211;land;false;plains;7
1370;174;202;66;land;false;plains;7
1371;255;243;213;land;false;mountain;2
1372;246;99;233;land;false;mountain;2
1373;242;253;207;land;false;plains;7
1374;214;63;127;land;false;marsh;5
1375;168;250;230;land;false;forest;5
1376;247;253;255;land;false;contaminated;2
1377;192;255;110;land;true;desert;3
1378;245;162;227;land;false;urban;5
1379;255;254;254;land;true;plains;7
1380;164;65;235;land;false;plains;5
1381;157;95;219;land;false;plains;7
1382;153;59;233;land;true;desert;3
1383;254;223;216;land;false;forest;7
1384;222;116;84;land;true;plains;7
1385;250;164;161;land;false;plains;6
1386;250;255;245;land;false;desert;5
1387;91;57;217;land;false;plains;7
1388;64;230;172;land;false;plains;7
1389;255;254;252;land;false;plains;7
1390;214;254;208;land;false;forest;5
1391;190;135;239;land;true;plains;7
1392;206;164;254;land;false;plains;6
1393;245;200;139;land;false;plains;7
1394;241;229;133;land;false;hills;4
1395;99;241;130;land;false;plains;7
1396;252;142;240;land;false;desert;3
1397;238;94;248;land;true;desert;1
1398;93;221;195;land;false;plains;7
1399;249;239;90;land;false;contaminated;2
1400;177;147;241;land;false;hills;7
1401;251;172;215;land;true;plains;7
1402;254;247;206;land;false;plains;7
1403;141;71;248;land;false;plains;7
1404;229;255;223;land;true;forest;7
1405;223;251;130;land;false;plains;7
1406;224;184;252;land;false;plains;7
1407;76;238;22;land;false;mountain;5
1408;83;248;91;land;false;plains;7
1409;224;254;184;land;false;plains;7
1410;231;255;240;land;true;plains;7
1411;240;255;238;land;false;desert;1
1412;154;139;245;land;false;plains;7
1413;243;224;255;land;false;plains;7
1414;252;197;244;land;false;contaminated;2
1415;248;96;121;land;false;plains;7
1416;255;238;240;land;false;plains;7
1417;157;249;193;land;false;contaminated;2
1418;90;240;103;land;true;plains;5
1419;235;237;255;land;false;plains;7
1420;231;254;229;land;false;mountain;3
1421;47;247;39;land;false;plains;6
1422;250;130;166;land;true;contaminated;2
1423;215;140;252;land;false;hills;5
1424;243;255;254;land;false;plains;7
1425;220;254;234;land;false;plains;7
1426;207;253;198;land;false;plains;5
1427;148;109;249;land;false;plains;7
1428;167;209;247;land;false;plains;7
1429;51;248;70;land;false;forest;6
1430;235;199;254;land;false;contaminated;2
1431;149;208;48;land;true;plains;7
1432;123;125;249;land;false;plains;7
1433;130;251;199;land;false;hills;7
1434;255;226;226;land;true;plains;7
1435;158;196;246;land;true;plains;7
1436;255;242;240;land;true;plains;7
1437;184;241;251;land;false;plains;7
1438;242;109;139;land;false;plains;7
1439;240;196;143;land;false;plains;7
1440;244;255;253;land;false;contaminated;2
1441;191;255;186;land;false;desert;6
1442;227;71;196;land;false;plains;7
1443;138;157;245;land;false;forest;7
1444;173;254;196;land;false;desert;1
1445;231;113;238;land;false;plains;7
1446;151;97;254;land;false;plains;7
1447;203;168;251;land;false;plains;7
1448;204;69;227;land;false;plains;7
1449;181;251;219;land;false;plains;7
1450;249;60;163;land;false;desert;3
1451;255;234;204;land;false;plains;7
1452;255;216;244;land;false;plains;7
1453;154;144;248;land;false;plains;7
1454;230;91;238;land;true;plains;7
1455;246;82;255;land;false;plains;7
1456;92;67;252;land;false;plains;7
1457;255;246;144;land;true;plains;7
1458;225;254;229;land;false;plains;7
1459;248;242;140;land;false;hills;3
1460;228;226;254;land;false;plains;7
1461;223;254;255;land;true;plains;7
1462;238;204;254;land;false;hills;7
1463;242;145;204;land;false;plains;7
1464;243;236;147;land;false;plains;7
1465;54;194;248;land;true;forest;2
1466;148;146;245;land;false;contaminated;2
1467;78;28;244;land;false;plains;7
1468;77;193;243;land;false;plains;7
1469;211;138;77;land;false;plains;7
1470;255;246;235;land;false;plains;7
1471;229;249;144;land;false;hills;7
1472;176;93;255;land;false;hills;7
1473;230;140;44;land;false;plains;7
1474;252;254;221;land;false;hills;7
1475;252;210;198;land;false;hills;7
1476;255;231;232;land;true;plains;7
1477;174;118;253;land;false;plains;5
1478;253;154;136;land;false;plains;7
1479;127;237;158;land;false;hills;7
1480;250;241;125;land;false;hills;4
1481;108;253;116;land;false;mountain;2
1482;42;175;237;land;true;forest;7
1483;242;70;88;land;false;plains;7
1484;33;225;164;land;false;mountain;3
1485;125;73;227;land;true;plains;7
1486;130;93;227;land;false;plains;7
1487;73;219;127;land;false;plains;7
1488;143;252;74;land;false;plains;7
1489;214;253;254;land;false;plains;7
1490;79;27;233;land;false;plains;7
1491;252;241;138;land;false;plains;7
1492;200;204;253;land;false;desert;5
1493;148;156;243;land;false;marsh;4
1494;240;210;121;land;false;plains;7
1495;243;216;128;land;false;desert;3
1496;255;239;237;land;false;plains;7
1497;250;159;174;land;false;hills;7
1498;69;231;133;land;false;plains;5
1499;215;162;92;land;true;marsh;7
1500;95;245;167;land;false;plains;5
1501;254;209;220;land;false;plains;7
1502;250;155;191;land;false;plains;7
1503;238;100;141;land;true;plains;7
1504;250;99;157;land;false;plains;7
1505;88;103;228;land;false;plains;7
1506;124;238;186;land;false;plains;7
1507;72;226;105;land;false;forest;7
1508;133;55;216;land;true;plains;7
1509;241;238;111;land;false;plains;7
1510;160;148;246;land;false;plains;7
1511;235;113;43;land;false;plains;7
1512;231;247;255;land;true;plains;7
1513;244;153;237;land;false;plains;7
1514;255;234;254;land;true;plains;5
1515;251;166;149;land;false;plains;7
1516;205;255;234;land;false;hills;7
1517;255;243;254;land;false;contaminated;2
1518;161;246;199;land;false;plains;7
1519;241;250;255;land;false;plains;7
1520;56;212;132;land;false;plains;2
1521;174;252;192;land;false;hills;5
1522;149;90;252;land;false;plains;7
1523;68;235;190;land;true;forest;7
1524;197;122;254;land;false;hills;1
1525;243;210;253;land;false;mountain;5
1526;223;254;254;land;false;plains;7
1527;119;245;249;land;false;plains;7
1528;105;243;115;land;false;hills;7
1529;249;48;194;land;false;plains;7
1530;118;244;198;land;false;forest;7
1531;242;120;235;land;true;plains;7
1532;191;238;127;land;false;plains;7
1533;163;168;250;land;true;forest;7
1534;99;239;67;land;false;desert;3
1535;227;201;105;land;false;contaminated;2
1536;250;132;53;land;false;plains;7
1537;251;217;177;land;false;hills;7
1538;117;94;231;land;false;plains;7
1539;244;67;140;land;false;plains;7
1540;156;247;199;land;false;plains;5
1541;226;144;251;land;false;forest;3
1542;19;241;144;land;false;plains;7
1543;228;255;237;land;false;hills;7
1544;118;247;171;land;false;plains;7
1545;246;248;175;land;false;plains;7
1546;69;79;200;land;false;plains;7
1547;233;252;187;land;true;desert;3
1548;147;222;246;land;false;plains;7
1549;72;234;88;land;false;plains;7
1550;9;250;172;land;false;plains;7
1551;208;97;250;land;false;plains;7
1552;254;104;1;land;false;mountain;7
1553;253;207;236;land;false;plains;7
1554;198;254;255;land;false;forest;6
1555;118;160;239;land;false;desert;3
1556;251;237;255;land;true;plains;7
1557;62;147;216;land;false;plains;7
1558;168;110;233;land;false;plains;7
1559;241;130;127;land;true;plains;5
1560;255;235;255;land;true;plains;7
1561;212;239;254;land;true;plains;7
1562;219;67;56;land;false;plains;7
1563;197;241;147;land;true;marsh;7
1564;249;235;148;land;false;desert;3
1565;129;249;52;land;false;hills;7
1566;122;123;251;land;false;plains;7
1567;120;104;255;land;false;plains;7
1568;68;215;140;land;false;hills;3
1569;95;231;127;land;false;hills;5
1570;234;255;251;land;true;plains;7
1571;232;222;255;land;false;hills;3
1572;139;86;217;land;false;hills;7
1573;137;80;246;land;false;hills;7
1574;138;241;254;land;false;plains;7
1575;230;201;254;land;false;plains;7
1576;113;236;244;land;false;plains;7
1577;63;240;50;land;false;plains;7
1578;150;156;250;land;false;plains;7
1579;74;239;130;land;false;hills;7
1580;237;37;101;land;false;plains;7
1581;228;243;148;land;false;plains;5
1582;130;221;86;land;false;hills;7
1583;87;77;224;land;false;marsh;7
1584;244;131;190;land;false;plains;7
1585;176;136;249;land;false;plains;7
1586;247;127;206;land;false;plains;7
1587;146;186;251;land;false;mountain;7
1588;208;254;213;land;false;plains;7
1589;236;110;121;land;true;plains;7
1590;245;225;30;land;false;forest;7
1591;253;197;243;land;false;plains;7
1592;184;251;212;land;false;plains;7
1593;220;225;75;land;false;plains;7
1594;165;244;100;land;true;plains;7
1595;185;251;198;land;false;plains;7
1596;123;133;241;land;false;plains;7
1597;128;237;242;land;false;plains;7
1598;189;233;255;land;false;plains;7
1599;203;142;246;land;true;plains;7
1600;127;237;204;land;false;plains;7
1601;210;11;251;land;false;hills;3
1602;235;185;250;land;false;plains;7
1603;231;32;38;land;false;plains;7
1604;113;252;96;land;false;plains;7
1605;241;246;255;land;true;plains;7
1606;215;92;120;land;false;plains;7
1607;196;237;251;land;false;plains;7
1608;211;254;245;land;false;plains;7
1609;255;244;221;land;false;plains;2
1610;254;206;228;land;true;plains;7
1611;195;205;253;land;false;plains;5
1612;106;82;232;land;false;plains;7
1613;247;240;255;land;false;contaminated;2
1614;96;234;157;land;false;plains;7
1615;253;203;241;land;true;desert;5
1616;226;92;67;land;false;plains;7
1617;247;250;255;land;false;plains;7
1618;83;226;112;land;true;plains;7
1619;155;246;209;land;true;plains;7
1620;205;255;243;land;false;plains;7
1621;73;237;154;land;false;plains;7
1622;239;186;101;land;true;plains;7
1623;73;132;222;land;false;plains;7
1624;124;228;74;land;true;plains;7
1625;161;146;254;land;false;forest;7
1626;168;194;251;land;false;desert;3
1627;252;192;227;land;true;plains;7
1628;137;175;241;land;false;plains;7
1629;253;161;165;land;false;plains;7
1630;108;237;49;land;false;plains;7
1631;254;185;181;land;false;plains;7
1632;255;247;253;land;false;forest;7
1633;242;81;30;land;false;plains;7
1634;242;226;37;land;true;plains;6
1635;152;252;134;land;false;plains;7
1636;251;184;217;land;false;plains;7
1637;115;118;248;land;false;plains;7
1638;103;249;232;land;false;plains;7
1639;159;219;245;land;true;plains;7
1640;249;254;255;land;false;plains;7
1641;48;192;236;land;false;plains;7
1642;231;179;109;land;false;plains;7
1643;240;249;78;land;true;desert;3
1644;248;43;52;land;false;hills;7
1645;232;250;176;land;true;forest;7
1646;242;146;135;land;true;forest;7
1647;182;243;156;land;false;plains;2
1648;173;195;250;land;false;contaminated;2
1649;58;229;60;land;true;desert;3
1650;204;253;225;land;false;plains;7
1651;216;231;253;land;false;plains;7
1652;201;254;240;land;false;plains;7
1653;228;104;155;land;false;forest;7
1654;248;255;249;land;false;plains;7
1655;166;166;253;land;false;plains;7
1656;44;64;237;land;false;desert;3
1657;36;242;109;land;false;forest;7
1658;213;254;238;land;false;desert;1
1659;214;254;182;land;false;plains;6
1660;194;231;56;land;false;plains;6
1661;60;203;239;land;false;plains;7
1662;142;81;250;land;false;plains;7
1663;250;80;238;land;false;plains;7
1664;144;220;74;land;false;hills;5
1665;95;232;28;land;false;plains;7
1666;102;195;237;land;true;forest;7
1667;253;155;45;land;false;plains;7
1668;161;185;250;land;false;forest;7
1669;245;115;194;land;false;mountain;3
1670;175;243;96;land;false;plains;7
1671;216;70;214;land;false;plains;7
1672;106;252;252;land;false;mountain;5
1673;254;246;220;land;false;plains;7
1674;252;191;239;land;false;hills;7
1675;185;247;156;land;true;plains;7
1676;75;103;203;land;false;plains;7
1677;233;137;117;land;false;mountain;7
1678;29;199;231;land;false;plains;7
1679;89;240;99;land;false;plains;7
1680;254;223;223;land;false;plains;7
1681;254;251;198;land;false;forest;6
1682;237;251;172;land;false;plains;7
1683;231;251;255;land;true;forest;7
1684;254;98;195;land;false;mountain;5
1685;249;55;241;land;false;forest;5
1686;244;223;255;land;false;hills;7
1687;220;254;231;land;false;plains;7
1688;255;223;227;land;false;hills;5
1689;243;167;104;land;true;plains;7
1690;255;172;198;land;true;plains;7
1691;97;238;171;land;false;plains;7
1692;20;249;97;land;false;plains;7
1693;218;223;254;land;false;plains;3
1694;35;242;26;land;true;plains;7
1695;233;108;124;land;false;plains;7
1696;246;161;219;land;false;plains;1
1697;68;210;217;land;false;forest;6
1698;82;157;231;land;false;forest;5
1699;151;180;250;land;false;plains;7
1700;190;137;242;land;false;plains;7
1701;194;247;150;land;false;hills;7
1702;152;232;252;land;false;forest;7
1703;206;254;225;land;false;forest;7
1704;255;186;185;land;false;hills;7
1705;236;137;251;land;false;plains;6
1706;247;103;141;land;false;plains;7
1707;255;253;253;land;false;contaminated;2
1708;147;72;210;land;true;plains;7
1709;59;230;118;land;false;contaminated;2
1710;226;124;50;land;false;desert;5
1711;98;240;116;land;false;mountain;5
1712;219;51;47;land;true;plains;7
1713;66;179;201;land;false;plains;7
1714;153;237;132;land;false;hills;7
1715;237;46;180;land;false;hills;7
1716;108;244;146;land;false;plains;7
1717;223;86;128;land;true;plains;7
1718;249;175;203;land;false;forest;7
1719;143;240;135;land;false;plains;7
1720;254;232;252;land;false;plains;7
1721;253;188;230;land;false;plains;7
1722;247;233;255;land;false;forest;5
1723;252;240;192;land;true;plains;7
1724;225;253;199;land;false;plains;7
1725;251;238;175;land;false;contaminated;2
1726;153;246;227;land;false;plains;7
1727;45;250;226;land;true;plains;7
1728;225;146;248;land;false;mountain;7
1729;224;166;53;land;true;plains;7
1730;212;67;121;land;false;plains;7
1731;247;245;168;land;true;plains;7
1732;226;79;166;land;true;plains;7
1733;170;250;164;land;false;forest;7
1734;232;242;148;land;false;plains;7
1735;76;219;200;land;false;plains;7
1736;240;228;110;land;false;forest;7
1737;171;190;249;land;false;hills;7
1738;225;87;122;land;true;plains;7
1739;255;236;252;land;false;forest;7
1740;192;211;84;land;false;contaminated;2
1741;244;225;138;land;false;plains;7
1742;221;141;45;land;false;plains;7
1743;234;255;245;land;false;plains;7
1744;76;203;218;land;true;forest;6
1745;195;120;250;land;true;plains;7
1746;228;211;254;land;false;plains;7
1747;232;106;201;land;false;plains;7
1748;251;255;215;land;false;plains;7
1749;255;229;234;land;false;forest;7
1750;211;251;187;land;false;plains;7
1751;254;164;217;land;true;plains;7
1752;244;255;231;land;false;hills;7
1753;216;253;176;land;false;plains;7
1754;176;205;252;land;false;plains;7
1755;204;251;191;land;false;plains;7
1756;175;246;41;land;false;plains;7
1757;181;66;219;land;false;forest;7
1758;204;66;124;land;false;plains;7
1759;222;222;254;land;true;plains;7
1760;105;234;176;land;false;desert;3
1761;152;204;254;land;true;plains;7
1762;116;227;241;land;false;hills;7
1763;250;233;255;land;false;plains;6
1764;238;202;30;land;false;plains;5
1765;186;255;233;land;true;plains;7
1766;255;245;248;land;false;plains;7
1767;248;200;126;land;false;plains;7
1768;202;254;150;land;false;plains;6
1769;226;137;252;land;false;plains;7
1770;189;177;250;land;false;plains;7
1771;234;22;84;land;true;plains;7
1772;110;252;184;land;true;plains;7
1773;247;127;169;land;false;plains;7
1774;253;179;190;land;false;mountain;2
1775;188;63;200;land;true;forest;7
1776;253;223;185;land;true;forest;7
1777;100;116;247;land;true;plains;7
1778;184;199;251;land;false;hills;7
1779;229;252;184;land;false;plains;7
1780;237;251;255;land;false;hills;5
1781;131;124;254;land;false;desert;3
1782;150;246;226;land;false;plains;7
1783;249;106;224;land;false;plains;7
1784;221;181;49;land;false;desert;3
1785;244;25;52;land;false;plains;7
1786;112;227;213;land;false;hills;7
1787;252;159;240;land;false;plains;7
1788;249;106;163;land;false;plains;7
1789;168;110;234;land;false;plains;7
1790;237;227;255;land;false;plains;7
1791;218;94;225;land;false;plains;7
1792;150;66;229;land;true;desert;5
1793;236;65;239;land;false;plains;7
1794;58;225;89;land;false;plains;5
1795;221;254;249;land;false;plains;7
1796;230;89;232;land;false;hills;7
1797;212;78;189;land;false;plains;7
1798;204;217;254;land;false;plains;7
1799;121;91;247;land;true;plains;7
1800;248;123;120;land;false;plains;5
1801;239;214;141;land;false;hills;5
1802;250;158;251;land;false;desert;3
1803;254;127;213;land;false;forest;7
1804;255;58;160;land;false;plains;7
1805;224;255;248;land;false;contaminated;2
1806;246;168;69;land;true;plains;7
1807;179;149;253;land;false;plains;7
1808;218;91;45;land;false;plains;7
1809;218;154;246;land;false;plains;7
1810;146;230;59;land;false;hills;7
1811;121;247;222;land;false;plains;7
1812;129;240;252;land;false;plains;7
1813;244;187;252;land;false;plains;7
1814;255;236;240;land;false;plains;7
1815;95;243;178;land;false;hills;7
1816;255;177;173;land;false;plains;7
1817;238;48;148;land;true;plains;7
1818;56;231;35;land;false;plains;5
1819;145;246;115;land;false;plains;7
1820;253;225;205;land;false;plains;7
1821;184;253;207;land;false;forest;5
1822;46;49;245;land;false;plains;7
1823;71;246;83;land;true;desert;1
1824;252;159;163;land;true;plains;7
1825;221;182;250;land;true;forest;7
1826;235;213;110;land;false;plains;7
1827;107;247;49;land;false;hills;7
1828;231;109;158;land;true;plains;7
1829;245;119;182;land;false;plains;7
1830;192;252;193;land;false;marsh;5
1831;239;127;131;land;true;desert;5
1832;254;233;185;land;false;plains;7
1833;243;254;214;land;true;marsh;7
1834;90;233;142;land;false;plains;7
1835;177;219;254;land;false;forest;7
1836;106;224;159;land;false;plains;7
1837;177;254;154;land;true;plains;7
1838;227;254;244;land;false;plains;7
1839;216;46;131;land;false;plains;7
1840;224;104;96;land;true;plains;7
1841;240;51;154;land;false;plains;7
1842;234;199;88;land;false;contaminated;2
1843;130;215;253;land;false;plains;7
1844;52;247;28;land;false;plains;7
1845;255;235;251;land;true;contaminated;2
1846;151;251;160;land;true;desert;3
1847;180;253;248;land;false;plains;7
1848;249;173;176;land;false;plains;7
1849;254;250;189;land;true;plains;7
1850;39;14;254;land;false;plains;7
1851;134;250;206;land;false;plains;7
1852;255;233;184;land;false;plains;7
1853;164;252;162;land;false;forest;5
1854;173;167;252;land;false;hills;7
1855;179;253;221;land;false;plains;7
1856;79;240;167;land;false;plains;7
1857;253;212;228;land;false;plains;7
1858;133;238;144;land;true;plains;7
1859;240;194;251;land;false;hills;7
1860;103;182;236;land;false;plains;7
1861;69;137;239;land;false;plains;6
1862;252;193;237;land;false;plains;6
1863;100;207;75;land;false;plains;3
1864;252;102;122;land;false;plains;7
1865;254;190;187;land;false;plains;7
1866;46;87;252;land;false;plains;7
1867;179;231;254;land;true;plains;7
1868;240;251;168;land;false;plains;7
1869;51;240;207;land;false;plains;7
1870;239;212;253;land;false;plains;7
1871;63;239;215;land;false;plains;7
1872;251;43;64;land;false;mountain;2
1873;244;172;39;land;false;plains;7
1874;90;190;240;land;false;hills;7
1875;243;61;209;land;false;plains;7
1876;229;255;230;land;true;plains;7
1877;250;80;130;land;false;plains;7
1878;97;247;229;land;false;plains;7
1879;41;250;161;land;false;contaminated;2
1880;141;181;254;land;false;plains;7
1881;201;191;253;land;false;hills;7
1882;160;251;204;land;false;plains;7
1883;198;184;252;land;false;hills;7
1884;206;252;181;land;true;plains;7
1885;198;252;231;land;false;plains;7
1886;132;211;243;land;false;plains;7
1887;196;211;254;land;false;plains;7
1888;196;242;138;land;false;plains;5
1889;202;246;168;land;false;plains;5
1890;215;88;118;land;true;plains;6
1891;250;206;159;land;false;plains;7
1892;89;57;223;land;true;plains;7
1893;253;248;163;land;false;plains;7
1894;159;248;146;land;true;plains;7
1895;237;255;235;land;false;forest;7
1896;213;236;71;land;false;plains;7
1897;240;253;164;land;false;plains;7
1898;79;248;221;land;false;plains;7
1899;241;255;243;land;true;plains;7
1900;66;249;121;land;false;desert;3
1901;255;239;235;land;false;plains;7
1902;160;74;220;land;false;contaminated;2
1903;133;222;249;land;false;plains;7
1904;244;203;254;land;false;desert;3
1905;234;235;94;land;false;forest;7
1906;180;129;246;land;false;forest;5
1907;208;49;163;land;false;contaminated;2
1908;139;243;71;land;false;plains;7
1909;189;66;200;land;false;plains;7
1910;151;248;187;land;false;contaminated;2
1911;255;142;92;land;false;plains;7
1912;123;213;232;land;false;plains;7
1913;241;147;146;land;false;plains;7
1914;95;127;228;land;true;plains;7
1915;114;211;72;land;false;hills;5
1916;248;162;194;land;false;forest;5
1917;217;154;65;land;true;forest;7
1918;209;220;254;land;false;plains;7
1919;101;225;194;land;false;plains;1
1920;164;251;230;land;false;plains;7
1921;229;41;121;land;false;plains;7
1922;71;92;233;land;false;plains;7
1923;174;253;214;land;false;plains;7
1924;170;247;103;land;false;plains;7
1925;133;109;225;land;false;plains;7
1926;216;85;194;land;false;plains;7
1927;232;254;209;land;false;plains;7
1928;194;251;213;land;false;plains;7
1929;246;211;253;land;false;plains;7
1930;215;255;242;land;false;plains;7
1931;254;221;226;land;false;plains;7
1932;254;237;230;land;false;plains;7
1933;247;170;250;land;false;plains;7
1934;252;188;168;land;false;plains;7
1935;212;255;183;land;false;plains;7
1936;244;253;203;land;false;plains;7
1937;210;231;253;land;false;forest;7
1938;230;247;255;land;false;plains;7
1939;254;193;166;land;false;plains;7
1940;254;100;225;land;true;plains;7
1941;255;233;224;land;false;plains;7
1942;67;224;172;land;false;plains;7
1943;172;155;244;land;true;plains;7
1944;207;251;255;land;false;plains;7
1945;111;235;159;land;false;forest;7
1946;255;249;243;land;false;plains;5
1947;119;251;162;land;false;plains;7
1948;240;178;141;land;false;plains;7
1949;235;41;229;land;false;plains;7
1950;54;222;177;land;false;desert;1
1951;252;250;179;land;true;plains;7
1952;247;241;255;land;true;forest;7
1953;243;167;148;land;false;plains;7
1954;152;228;107;land;false;plains;7
1955;213;184;250;land;true;forest;3
1956;236;117;190;land;false;plains;7
1957;253;236;201;land;false;plains;7
1958;172;247;249;land;false;plains;7
1959;111;60;254;land;false;plains;7
1960;213;106;68;land;false;plains;7
1961;45;113;221;land;false;mountain;7
1962;174;207;251;land;false;forest;7
1963;204;105;239;land;false;plains;7
1964;238;114;172;land;false;plains;7
1965;245;222;124;land;false;plains;7
1966;252;146;53;land;false;forest;7
1967;145;244;162;land;false;plains;7
1968;58;231;253;land;false;forest;5
1969;183;251;182;land;false;mountain;5
1970;226;218;255;land;false;desert;3
1971;244;180;255;land;false;forest;6
1972;173;227;73;land;false;plains;7
1973;180;246;116;land;true;forest;7
1974;227;94;122;land;false;desert;3
1975;204;176;68;land;false;mountain;7
1976;64;240;53;land;true;plains;7
1977;216;235;254;land;false;hills;7
1978;250;136;139;land;false;plains;7
1979;247;164;238;land;false;plains;5
1980;102;209;252;land;false;plains;5
1981;145;252;165;land;false;plains;7
1982;190;176;252;land;false;mountain;1
1983;226;226;94;land;false;plains;7
1984;176;207;251;land;false;plains;7
1985;205;254;205;land;true;forest;7
1986;194;255;173;land;false;plains;7
1987;245;255;241;land;true;forest;7
1988;253;189;154;land;false;forest;7
1989;87;51;237;land;false;mountain;3
1990;35;252;140;land;false;plains;7
1991;243;254;225;land;false;mountain;7
1992;213;247;136;land;false;desert;3
1993;254;211;226;land;false;forest;7
1994;231;247;125;land;false;contaminated;2
1995;148;108;252;land;true;plains;7
1996;250;247;152;land;false;plains;7
1997;252;199;190;land;false;hills;7
1998;212;64;161;land;true;plains;7
1999;107;82;240;land;false;plains;7
2000;240;248;255;land;true;forest;7
2001;250;208;253;land;true;plains;7
2002;243;146;143;land;false;forest;7
2003;153;238;48;land;false;marsh;7
2004;255;235;252;land;false;plains;7
2005;219;236;255;land;false;plains;7
2006;193;218;255;land;false;plains;7
2007;99;255;61;land;false;plains;7
2008;249;174;176;land;false;forest;7
2009;247;221;156;land;false;hills;7
2010;104;217;226;land;false;plains;7
2011;142;250;200;land;false;plains;7
2012;244;165;71;land;true;plains;7
2013;245;77;146;land;false;plains;7
2014;107;153;254;land;false;desert;3
2015;94;254;50;land;false;plains;7
2016;154;248;89;land;true;plains;7
2017;253;210;175;land;false;plains;7
2018;226;255;232;land;true;forest;7
2019;66;232;250;land;false;hills;7
2020;217;246;161;land;false;plains;7
2021;38;240;206;land;false;plains;7
2022;237;91;81;land;false;plains;7
2023;86;240;217;land;false;plains;7
2024;254;231;197;land;false;mountain;2
2025;254;218;223;land;false;forest;6
2026;250;186;189;land;true;plains;7
2027;171;231;115;land;false;plains;7
2028;231;148;115;land;false;plains;7
2029;218;77;81;land;false;plains;7
2030;188;248;176;land;false;desert;3
2031;237;71;46;land;false;forest;7
2032;155;127;235;land;false;plains;7
2033;247;102;251;land;false;mountain;2
2034;230;253;254;land;false;plains;7
2035;195;91;238;land;false;forest;7
2036;245;121;159;land;true;plains;7
2037;127;208;60;land;false;hills;7
2038;208;51;131;land;true;desert;5
2039;251;225;255;land;false;plains;7
2040;192;118;243;land;false;desert;3
2041;103;211;74;land;false;plains;7
2042;229;254;174;land;false;hills;1
2043;226;208;81;land;false;plains;2
2044;223;251;189;land;true;plains;7
2045;174;254;247;land;false;plains;7
2046;63;150;218;land;false;plains;7
2047;208;225;109;land;false;plains;7
2048;249;171;180;land;false;desert;3
2049;173;214;82;land;false;plains;7
2050;57;233;68;land;false;plains;7
2051;205;157;246;land;false;plains;7
2052;208;147;64;land;false;plains;7
2053;160;240;253;land;false;plains;7
2054;140;34;232;land;false;plains;7
2055;251;54;113;land;false;forest;7
2056;228;153;113;land;false;hills;3
2057;106;238;59;land;false;plains;7
2058;248;251;169;land;false;forest;6
2059;229;125;117;land;false;plains;7
2060;121;239;195;land;false;plains;7
2061;255;253;182;land;false;plains;7
2062;245;195;142;land;false;hills;3
2063;237;188;255;land;false;plains;7
2064;185;254;224;land;false;plains;7
2065;66;219;159;land;true;plains;7
2066;216;254;198;land;false;plains;7
2067;101;211;80;land;true;plains;7
2068;220;211;74;land;false;plains;7
2069;255;222;238;land;true;plains;7
2070;134;230;102;land;false;plains;7
2071;85;213;116;land;false;plains;7
2072;253;228;192;land;false;plains;7
2073;176;237;249;land;false;hills;3
2074;246;168;196;land;true;plains;7
2075;212;86;89;land;false;desert;1
2076;47;40;243;land;false;plains;7
2077;248;235;142;land;false;plains;7
2078;246;229;165;land;true;plains;7
2079;223;238;99;land;false;plains;7
2080;237;130;239;land;false;plains;7
2081;255;251;255;land;false;forest;7
2082;93;220;76;land;false;plains;7
2083;230;195;251;land;true;plains;7
2084;178;243;254;land;false;plains;7
2085;81;208;219;land;false;plains;7
2086;216;250;254;land;false;plains;7
2087;244;254;230;land;false;hills;7
2088;244;141;156;land;false;desert;5
2089;98;121;241;land;false;plains;7
2090;246;108;52;land;false;plains;7
2091;217;253;214;land;false;plains;7
2092;248;212;155;land;false;forest;7
2093;232;117;84;land;true;plains;7
2094;224;254;203;land;false;plains;7
2095;177;253;182;land;true;plains;7
2096;17;124;247;land;false;plains;7
2097;181;255;190;land;true;forest;6
2098;241;233;147;land;false;hills;7
2099;241;211;108;land;true;plains;7
2100;214;237;253;land;false;plains;7
2101;214;248;113;land;false;plains;7
2102;242;190;152;land;false;plains;7
2103;74;219;72;land;true;forest;7
2104;206;254;158;land;false;plains;7
2105;118;183;234;land;false;plains;7
2106;193;251;180;land;false;contaminated;2
2107;195;84;248;land;false;plains;7
2108;216;254;214;land;true;plains;7
2109;255;232;231;land;true;plains;7
2110;253;169;181;land;true;plains;7
2111;139;106;242;land;false;hills;7
2112;246;172;254;land;false;plains;7
2113;68;247;118;land;true;plains;7
2114;80;172;210;land;false;plains;5
2115;211;106;235;land;false;forest;7
2116;45;60;235;land;false;hills;1
2117;245;157;109;land;true;forest;7
2118;169;99;228;land;true;plains;7
2119;129;251;47;land;false;plains;7
2120;252;210;169;land;false;plains;7
2121;27;233;157;land;false;hills;7
2122;203;252;185;land;true;marsh;7
2123;229;94;43;land;false;contaminated;2
2124;254;101;208;land;false;plains;7
2125;254;166;103;land;false;plains;7
2126;255;232;248;land;false;forest;7
2127;245;252;193;land;false;plains;7
2128;232;255;247;land;false;plains;7
2129;238;220;255;land;true;plains;7
2130;254;212;251;land;false;plains;7
2131;241;30;168;land;false;plains;5
2132;126;223;58;land;false;plains;7
2133;105;228;173;land;false;plains;7
2134;121;216;253;land;false;plains;7
2135;112;217;85;land;false;plains;7
2136;222;254;251;land;true;plains;7
2137;251;35;119;land;false;contaminated;2
2138;131;243;206;land;false;desert;3
2139;230;83;189;land;true;desert;3
2140;176;254;88;land;false;forest;7
2141;228;211;253;land;false;hills;7
2142;108;138;234;land;false;forest;7
2143;19;247;119;land;false;plains;5
2144;240;233;255;land;false;contaminated;2
2145;77;243;182;land;false;plains;7
2146;252;201;244;land;false;plains;7
2147;238;56;165;land;false;plains;7
2148;133;253;188;land;true;forest;7
2149;223;61;212;land;false;plains;5
2150;100;225;153;land;false;desert;3
2151;252;170;169;land;false;hills;7
2152;255;155;183;land;true;desert;3
2153;247;174;207;land;true;hills;5
2154;225;228;254;land;true;plains;7
2155;255;226;244;land;false;plains;7
2156;178;252;215;land;true;plains;7
2157;252;50;57;land;false;forest;6
2158;88;40;222;land;false;plains;7
2159;219;255;215;land;false;plains;5
2160;233;89;148;land;true;plains;7
2161;219;116;238;land;false;plains;7
2162;90;173;217;land;false;desert;3
2163;52;218;42;land;false;plains;7
2164;112;196;248;land;false;plains;7
2165;24;47;247;land;true;plains;7
2166;159;254;156;land;true;forest;7
2167;224;188;254;land;false;mountain;1
2168;202;254;228;land;false;plains;5
2169;77;90;237;land;false;plains;7
2170;240;141;125;land;false;plains;7
2171;89;241;133;land;false;plains;7
2172;251;187;198;land;false;plains;5
2173;211;153;242;land;false;plains;7
2174;25;199;231;land;false;plains;7
2175;252;141;99;land;false;hills;7
2176;171;236;34;land;false;forest;7
2177;242;66;39;land;false;plains;7
2178;250;239;146;land;false;plains;7
2179;199;216;252;land;true;plains;7
2180;51;209;243;land;false;hills;7
2181;252;169;243;land;false;plains;7
2182;255;243;240;land;false;plains;7
2183;244;249;51;land;true;plains;7
2184;246;248;152;land;false;desert;3
2185;239;255;176;land;false;plains;7
2186;225;249;255;land;false;forest;7
2187;254;227;240;land;false;plains;7
2188;206;241;97;land;false;forest;6
2189;253;252;255;land;false;hills;7
2190;250;160;115;land;false;hills;7
2191;249;159;224;land;false;plains;7
2192;230;78;224;land;false;mountain;5
2193;84;141;228;land;false;plains;7
2194;199;252;217;land;true;forest;7
2195;102;244;120;land;false;plains;3
2196;255;193;203;land;true;plains;7
2197;198;233;252;land;true;plains;5
2198;215;249;107;land;false;plains;7
2199;90;110;237;land;false;plains;7
2200;233;235;255;land;false;plains;5
2201;233;121;160;land;true;plains;7
2202;182;240;114;land;false;forest;5
2203;224;251;154;land;false;plains;7
2204;157;249;176;land;false;plains;7
2205;223;202;76;land;false;plains;7
2206;221;218;255;land;true;plains;7
2207;243;221;254;land;false;plains;7
2208;253;225;215;land;false;plains;7
2209;175;232;252;land;false;plains;7
2210;168;250;213;land;false;plains;7
2211;250;174;198;land;false;forest;6
2212;183;253;215;land;false;marsh;7
2213;214;254;251;land;false;plains;7
2214;46;244;123;land;false;plains;7
2215;248;156;197;land;false;plains;7
2216;253;210;207;land;false;plains;7
2217;235;120;249;land;false;plains;7
2218;191;251;249;land;false;plains;7
2219;254;213;232;land;true;plains;6
2220;45;231;249;land;false;plains;3
2221;239;38;69;land;false;plains;7
2222;106;206;224;land;false;plains;7
2223;234;149;44;land;false;desert;3
2224;251;250;136;land;true;plains;7
2225;254;226;249;land;false;plains;7
2226;254;231;201;land;false;urban;2
2227;191;68;244;land;false;plains;7
2228;194;239;252;land;true;plains;7
2229;191;194;251;land;false;plains;7
2230;110;111;227;land;false;plains;7
2231;91;252;216;land;true;desert;5
2232;243;99;226;land;false;plains;7
2233;251;173;141;land;false;plains;7
2234;126;126;234;land;false;plains;7
2235;254;221;227;land;false;forest;7
2236;57;245;117;land;false;plains;7
2237;255;248;231;land;false;plains;7
2238;254;247;221;land;false;desert;5
2239;232;52;120;land;true;plains;7
2240;220;178;250;land;false;plains;5
2241;252;185;218;land;false;contaminated;2
2242;250;214;254;land;false;desert;3
2243;174;253;149;land;false;mountain;3
2244;142;225;246;land;false;hills;3
2245;112;177;238;land;false;plains;7
2246;237;252;166;land;false;plains;7
2247;226;170;250;land;false;mountain;2
2248;121;236;221;land;false;plains;7
2249;191;230;90;land;false;desert;3
2250;193;184;254;land;false;plains;7
2251;255;247;247;land;false;plains;7
2252;253;241;187;land;false;forest;7
2253;234;181;252;land;false;plains;7
2254;243;226;254;land;false;desert;1
2255;204;193;251;land;true;plains;7
2256;233;199;33;land;false;plains;7
2257;80;246;69;land;false;forest;1
2258;48;84;214;land;false;plains;7
2259;244;148;243;land;false;hills;7
2260;240;247;168;land;false;plains;7
2261;169;251;235;land;true;plains;7
2262;120;191;235;land;false;plains;6
2263;119;156;246;land;false;plains;7
2264;244;147;85;land;false;desert;3
2265;123;55;243;land;true;plains;3
2266;149;90;238;land;true;marsh;7
2267;148;45;227;land;false;plains;5
2268;253;161;242;land;false;marsh;5
2269;53;248;178;land;false;forest;7
2270;253;198;208;land;false;plains;7
2271;255;250;255;land;false;plains;7
2272;237;254;229;land;false;forest;7
2273;217;252;180;land;false;contaminated;2
2274;54;236;126;land;false;forest;7
2275;203;254;219;land;false;plains;6
2276;194;252;191;land;false;mountain;7
2277;75;51;226;land;false;plains;7
2278;254;187;13;land;false;plains;7
2279;74;206;145;land;true;plains;7
2280;21;64;243;land;false;plains;7
2281;221;157;74;land;true;plains;7
2282;209;254;210;land;false;hills;7
2283;253;144;211;land;false;hills;7
2284;253;245;255;land;false;forest;7
2285;205;238;131;land;false;desert;1
2286;71;71;211;land;false;desert;3
2287;254;243;230;land;false;contaminated;2
2288;114;239;193;land;false;plains;7
2289;233;254;224;land;false;plains;7
2290;124;233;141;land;false;plains;7
2291;216;254;224;land;false;forest;7
2292;222;249;254;land;false;mountain;2
2293;252;221;153;land;false;plains;7
2294;218;145;92;land;false;plains;7
2295;158;252;231;land;false;plains;7
2296;235;69;182;land;false;plains;7
2297;64;244;69;land;false;plains;7
2298;82;219;143;land;false;contaminated;2
2299;224;255;214;land;true;desert;5
2300;242;81;145;land;false;plains;7
2301;194;105;244;land;true;plains;7
2302;194;133;255;land;false;plains;7
2303;77;246;26;land;false;desert;3
2304;114;253;159;land;false;forest;5
2305;156;224;32;land;false;plains;7
2306;253;190;146;land;false;contaminated;2
2307;106;233;133;land;false;plains;7
2308;59;139;245;land;true;forest;7
2309;41;253;3;land;false;mountain;3
2310;226;201;255;land;false;forest;5
2311;143;192;249;land;true;forest;7
2312;164;251;206;land;false;forest;7
2313;76;221;179;land;false;plains;7
2314;247;135;163;land;false;plains;7
2315;237;106;131;land;false;plains;7
2316;247;202;158;land;false;plains;7
2317;149;249;243;land;false;desert;3
2318;255;241;227;land;false;hills;3
2319;194;254;226;land;false;desert;3
2320;173;250;110;land;true;plains;7
2321;249;251;181;land;false;plains;7
2322;153;238;132;land;true;forest;7
2323;176;123;237;land;false;desert;3
2324;243;180;100;land;false;plains;7
2325;208;63;85;land;false;plains;7
2326;100;233;244;land;false;plains;7
2327;182;251;185;land;false;hills;3
2328;225;230;255;land;true;hills;3
2329;109;143;244;land;false;plains;7
2330;139;220;37;land;false;plains;7
2331;142;243;169;land;true;forest;3
2332;218;254;227;land;false;contaminated;2
2333;84;137;252;land;true;plains;7
2334;238;120;107;land;false;plains;5
2335;212;253;231;land;false;plains;7
2336;73;114;234;land;false;plains;7
2337;233;143;37;land;false;plains;7
2338;213;252;125;land;true;desert;3
2339;127;159;238;land;false;plains;5
2340;242;35;121;land;true;plains;7
2341;174;209;254;land;false;plains;7
2342;78;205;160;land;false;desert;3
2343;208;184;56;land;false;forest;7
2344;218;238;254;land;true;forest;7
2345;157;246;232;land;true;plains;7
2346;254;165;181;land;false;plains;5
2347;214;104;235;land;false;forest;5
2348;253;219;207;land;false;plains;7
2349;241;27;190;land;true;plains;7
2350;164;217;252;land;false;desert;3
2351;221;252;166;land;false;plains;3
2352;252;255;246;land;false;plains;7
2353;255;248;234;land;false;plains;7
2354;148;79;242;land;true;plains;7
2355;249;218;181;land;true;plains;7
2356;247;251;176;land;false;plains;7
2357;166;117;244;land;true;forest;7
2358;242;252;255;land;true;forest;7
2359;179;253;235;land;false;plains;7
2360;208;55;117;land;false;hills;7
2361;200;204;254;land;false;plains;1
2362;250;170;238;land;false;mountain;3
2363;236;42;129;land;false;forest;5
2364;255;217;250;land;false;plains;7
2365;145;159;250;land;false;desert;3
2366;167;219;255;land;true;plains;7
2367;65;23;250;land;false;plains;7
2368;233;54;222;land;false;forest;5
2369;227;114;234;land;false;plains;7
2370;152;251;147;land;false;contaminated;2
2371;251;193;181;land;true;plains;7
2372;245;187;67;land;false;plains;7
2373;255;244;224;land;false;contaminated;2
2374;65;226;102;land;false;mountain;3
2375;224;249;167;land;false;plains;7
2376;144;241;240;land;false;forest;5
2377;96;230;31;land;false;forest;7
2378;204;163;248;land;false;plains;7
2379;61;230;94;land;true;plains;7
2380;127;242;125;land;false;plains;6
2381;203;255;246;land;false;forest;7
2382;42;126;223;land;false;plains;7
2383;167;97;224;land;false;plains;7
2384;117;254;149;land;false;plains;7
2385;249;110;218;land;true;plains;7
2386;242;253;182;land;false;plains;7
2387;252;191;136;land;true;forest;7
2388;51;190;215;land;false;plains;7
2389;90;160;235;land;false;plains;7
2390;255;220;238;land;false;hills;1
2391;93;214;46;land;false;marsh;7
2392;48;219;245;land;false;plains;7
2393;246;252;255;land;false;plains;7
2394;124;234;243;land;false;plains;7
2395;155;246;207;land;false;contaminated;2
2396;254;194;252;land;false;desert;3
2397;227;184;70;land;false;hills;7
2398;185;106;254;land;false;plains;7
2399;213;214;254;land;false;contaminated;2
2400;241;126;163;land;false;plains;7
2401;184;252;195;land;true;plains;7
2402;206;230;255;land;true;plains;5
2403;198;250;178;land;true;plains;7
2404;209;244;142;land;false;plains;7
2405;213;72;237;land;false;plains;7
2406;167;206;254;land;false;plains;7
2407;255;241;243;land;false;mountain;3
2408;236;39;174;land;false;hills;3
2409;245;37;33;land;false;plains;7
2410;254;248;226;land;false;desert;3
2411;245;197;252;land;false;desert;3
2412;251;95;250;land;false;desert;3
2413;86;222;156;land;false;plains;7
2414;149;244;162;land;false;forest;6
2415;252;213;254;land;true;plains;7
2416;94;237;235;land;false;contaminated;2
2417;68;96;227;land;false;plains;7
2418;249;174;229;land;false;plains;7
2419;119;87;251;land;true;desert;3
2420;137;119;244;land;false;plains;7
2421;206;77;226;land;false;mountain;7
2422;226;250;254;land;false;desert;3
2423;244;65;218;land;false;plains;7
2424;17;158;245;land;false;forest;7
2425;188;246;252;land;false;forest;7
2426;253;141;151;land;true;plains;7
2427;53;163;204;land;false;contaminated;2
2428;127;238;137;land;false;plains;7
2429;217;41;124;land;false;hills;7
2430;182;215;91;land;false;plains;7
2431;164;250;201;land;true;marsh;7
2432;239;130;58;land;true;plains;7
2433;254;154;237;land;false;forest;7
2434;255;130;244;land;false;contaminated;2
2435;148;242;36;land;false;plains;7
2436;115;244;112;land;false;plains;7
2437;255;252;218;land;true;plains;7
2438;226;100;184;land;false;plains;7
2439;82;87;237;land;false;plains;7
2440;26;16;242;land;false;forest;5
2441;240;170;145;land;false;plains;7
2442;236;229;65;land;false;plains;7
2443;251;199;167;land;true;desert;3
2444;251;41;224;land;true;plains;7
2445;226;111;68;land;false;plains;7
2446;101;245;61;land;true;forest;7
2447;153;253;116;land;true;forest;7
2448;254;199;198;land;false;plains;6
2449;79;250;217;land;false;hills;7
2450;251;219;254;land;true;plains;7
2451;250;38;67;land;false;plains;7
2452;233;255;231;land;false;plains;5
2453;243;253;202;land;true;plains;7
2454;253;178;254;land;false;plains;7
2455;239;179;254;land;false;forest;7
2456;200;239;112;land;true;marsh;1
2457;199;66;220;land;false;plains;7
2458;252;107;166;land;false;plains;7
2459;163;248;129;land;false;plains;7
2460;254;215;252;land;false;plains;7
2461;233;224;255;land;false;hills;7
2462;71;253;40;land;false;plains;7
2463;254;220;225;land;false;plains;7
2464;150;246;102;land;false;plains;7
2465;192;233;119;land;true;plains;7
2466;209;47;48;land;false;plains;7
2467;253;200;245;land;false;plains;7
2468;254;196;251;land;false;plains;7
2469;111;90;217;land;false;marsh;5
2470;170;150;252;land;true;plains;7
2471;200;254;216;land;false;plains;7
2472;208;254;202;land;false;plains;7
2473;148;241;116;land;false;desert;1
2474;125;128;253;land;false;forest;5
2475;255;243;246;land;false;hills;7
2476;123;229;84;land;false;plains;7
2477;129;121;232;land;true;plains;7
2478;222;231;94;land;true;plains;5
2479;247;191;122;land;true;plains;7
2480;203;67;61;land;true;forest;7
2481;47;255;188;land;true;plains;7
2482;178;211;248;land;false;plains;7
2483;193;52;215;land;false;plains;7
2484;207;254;237;land;false;plains;7
2485;64;252;163;land;false;hills;7
2486;227;239;28;land;false;plains;7
2487;234;107;176;land;false;plains;7
2488;235;124;188;land;false;desert;5
2489;238;187;253;land;false;contaminated;2
2490;252;20;196;land;false;forest;5
2491;251;66;69;land;true;plains;7
2492;155;246;185;land;false;plains;7
2493;217;94;220;land;false;forest;7
2494;255;243;226;land;true;desert;6
2495;254;226;187;land;false;mountain;3
2496;252;136;245;land;true;plains;7
2497;150;232;244;land;false;plains;7
2498;239;92;217;land;false;marsh;5
2499;177;183;248;land;false;plains;7
2500;210;223;254;land;true;marsh;7
2501;133;229;103;land;false;forest;5
2502;236;218;254;land;false;plains;7
2503;108;229;219;land;false;plains;6
2504;220;232;255;land;false;desert;3
2505;201;223;51;land;true;plains;7
2506;252;23;92;land;false;plains;7
2507;49;108;208;land;false;plains;7
2508;78;73;252;land;false;hills;7
2509;215;61;167;land;true;marsh;7
2510;253;210;196;land;false;plains;7
2511;190;255;179;land;false;desert;3
2512;88;122;220;land;false;plains;7
2513;246;157;217;land;false;hills;7
2514;30;243;247;land;false;plains;7
2515;173;250;12;land;false;plains;7
2516;95;142;235;land;false;desert;5
2517;227;254;241;land;false;plains;7
2518;241;104;230;land;false;plains;7
2519;186;252;214;land;false;plains;7
2520;80;230;215;land;false;hills;7
2521;83;95;210;land;false;plains;7
2522;226;237;255;land;false;contaminated;2
2523;235;69;234;land;false;desert;3
2524;182;251;213;land;false;forest;5
2525;48;223;233;land;false;plains;7
2526;211;253;226;land;false;plains;7
2527;113;212;253;land;false;forest;7
2528;162;252;147;land;false;forest;7
2529;83;251;149;land;false;plains;7
2530;242;103;165;land;false;plains;7
2531;213;253;255;land;true;plains;7
2532;134;228;250;land;false;plains;7
2533;252;244;255;land;false;mountain;2
2534;58;226;124;land;false;hills;2
2535;183;249;188;land;true;marsh;7
2536;222;217;255;land;true;marsh;7
2537;255;184;184;land;true;forest;6
2538;59;98;227;land;false;plains;7
2539;137;151;242;land;false;hills;5
2540;44;215;79;land;false;forest;5
2541;232;67;195;land;false;plains;7
2542;228;180;251;land;false;desert;3
2543;236;255;232;land;false;hills;7
2544;195;250;134;land;true;plains;5
2545;213;63;51;land;false;desert;3
2546;135;242;206;land;false;hills;7
2547;121;242;123;land;false;mountain;7
2548;211;207;254;land;true;plains;7
2549;252;201;243;land;false;plains;7
2550;160;241;138;land;true;plains;7
2551;207;9;247;land;true;plains;7
2552;193;253;134;land;true;desert;5
2553;75;215;76;land;true;plains;6
2554;249;115;244;land;false;hills;7
2555;111;245;242;land;true;plains;7
2556;138;134;239;land;true;forest;7
2557;249;175;210;land;false;forest;7
2558;243;246;255;land;false;contaminated;2
2559;250;237;101;land;true;plains;7
2560;252;188;219;land;true;plains;7
2561;129;93;220;land;false;plains;7
2562;121;56;200;land;false;plains;7
2563;184;187;252;land;false;plains;7
2564;250;59;140;land;false;plains;7
2565;182;76;249;land;false;hills;5
2566;237;50;23;land;false;hills;7
2567;250;58;108;land;false;forest;7
2568;244;121;93;land;false;plains;7
2569;207;163;245;land;true;plains;7
2570;247;233;118;land;false;hills;7
2571;219;243;255;land;false;plains;5
2572;233;254;215;land;false;hills;3
2573;223;255;226;land;false;plains;7
2574;26;80;246;land;false;plains;7
2575;240;253;208;land;false;plains;7
2576;126;118;229;land;false;hills;7
2577;240;229;119;land;false;desert;1
2578;219;175;37;land;false;hills;3
2579;190;254;242;land;true;plains;7
2580;160;250;200;land;false;plains;7
2581;70;249;205;land;false;plains;7
2582;231;254;56;land;false;plains;7
2583;167;234;247;land;false;hills;5
2584;251;64;146;land;true;plains;7
2585;246;224;254;land;false;plains;7
2586;249;142;188;land;false;forest;7
2587;254;204;197;land;false;forest;7
2588;96;227;93;land;false;plains;7
2589;136;32;244;land;false;plains;7
2590;251;169;250;land;false;plains;7
2591;64;230;206;land;false;forest;7
2592;201;244;254;land;false;plains;7
2593;253;252;193;land;true;plains;7
2594;138;239;247;land;true;plains;7
2595;127;243;121;land;true;plains;7
2596;111;245;125;land;false;forest;7
2597;242;98;100;land;false;plains;7
2598;65;223;105;land;false;plains;7
2599;246;210;134;land;false;mountain;3
2600;233;250;163;land;false;plains;7
2601;204;210;81;land;false;contaminated;2
2602;49;244;163;land;false;plains;7
2603;213;244;255;land;true;forest;7
2604;254;215;239;land;false;plains;7
2605;159;247;167;land;false;plains;7
2606;217;64;245;land;false;plains;7
2607;94;255;163;land;false;plains;7
2608;215;254;233;land;false;plains;7
2609;206;148;50;land;true;plains;7
2610;247;42;205;land;false;plains;7
2611;245;91;232;land;true;plains;7
2612;176;249;190;land;true;plains;7
2613;249;105;76;land;false;plains;7
2614;242;246;255;land;false;plains;7
2615;220;254;190;land;false;plains;7
2616;101;181;252;land;false;plains;7
2617;254;208;240;land;false;contaminated;2
2618;73;208;204;land;false;hills;3
2619;247;164;234;land;false;plains;7
2620;31;250;119;land;false;plains;5
2621;209;251;195;land;false;plains;5
2622;159;249;230;land;false;plains;7
2623;248;221;254;land;false;marsh;5
2624;220;78;159;land;false;hills;7
2625;197;253;213;land;false;hills;3
2626;254;76;173;land;false;plains;7
2627;128;214;79;land;false;desert;1
2628;147;253;219;land;false;plains;7
2629;160;152;249;land;false;plains;7
2630;253;76;108;land;true;plains;7
2631;103;253;12;land;true;plains;7
2632;231;231;255;land;false;desert;3
2633;217;254;202;land;false;plains;7
2634;253;183;221;land;false;plains;7
2635;250;175;205;land;false;contaminated;2
2636;60;139;228;land;false;plains;7
2637;139;227;107;land;false;hills;7
2638;246;150;215;land;false;mountain;3
2639;250;201;179;land;false;plains;7
2640;184;57;206;land;false;plains;7
2641;122;161;236;land;true;plains;7
2642;254;223;230;land;false;plains;7
2643;232;200;253;land;false;mountain;5
2644;221;220;254;land;false;plains;7
2645;147;148;247;land;false;plains;7
2646;143;160;254;land;false;mountain;3
2647;254;22;207;land;false;plains;7
2648;253;231;163;land;false;plains;7
2649;224;232;255;land;false;plains;7
2650;219;81;251;land;false;plains;7
2651;245;79;246;land;true;plains;7
2652;227;160;253;land;false;desert;5
2653;208;142;246;land;false;plains;7
2654;252;43;148;land;false;forest;7
2655;249;177;227;land;true;plains;7
2656;241;134;137;land;false;desert;1
2657;199;201;254;land;false;plains;7
2658;50;214;192;land;false;plains;7
2659;236;255;234;land;false;plains;7
2660;201;202;253;land;false;plains;7
2661;110;252;215;land;false;desert;3
2662;250;255;239;land;false;plains;7
2663;178;214;249;land;false;plains;7
2664;228;209;255;land;false;forest;7
2665;183;206;253;land;false;forest;7
2666;158;225;247;land;false;plains;7
2667;250;168;230;land;false;plains;7
2668;55;157;240;land;false;mountain;7
2669;247;243;169;land;false;plains;7
2670;228;180;88;land;false;plains;7
2671;63;194;180;land;false;plains;7
2672;185;252;235;land;false;contaminated;2
2673;189;78;217;land;false;plains;7
2674;236;106;88;land;false;plains;7
2675;164;228;246;land;false;forest;3
2676;129;243;234;land;false;plains;7
2677;29;235;210;land;false;plains;7
2678;184;253;184;land;true;plains;7
2679;241;241;255;land;false;plains;7
2680;202;67;103;land;false;plains;7
2681;246;140;67;land;false;plains;7
2682;53;199;211;land;true;plains;7
2683;225;253;67;land;true;plains;7
2684;90;225;201;land;false;plains;7
2685;183;226;250;land;false;plains;7
2686;233;136;123;land;true;plains;7
2687;253;234;197;land;false;hills;7
2688;254;213;229;land;false;marsh;5
2689;214;186;253;land;true;plains;7
2690;254;241;215;land;false;plains;7
2691;44;212;138;land;false;plains;7
2692;237;52;99;land;false;forest;7
2693;190;239;252;land;false;plains;7
2694;67;228;176;land;false;hills;3
2695;20;230;240;land;false;plains;7
2696;233;240;60;land;false;plains;7
2697;216;245;254;land;false;plains;7
2698;252;212;255;land;false;plains;7
2699;128;66;209;land;true;plains;7
2700;239;67;75;land;false;plains;7
2701;252;151;230;land;false;plains;7
2702;49;225;251;land;false;plains;7
2703;234;210;107;land;false;desert;3
2704;247;156;169;land;false;plains;5
2705;238;178;89;land;false;plains;7
2706;253;255;236;land;false;hills;5
2707;231;33;140;land;false;plains;7
2708;145;246;138;land;false;plains;7
2709;167;245;152;land;false;plains;7
2710;112;164;254;land;false;plains;7
2711;196;252;218;land;true;plains;7
2712;212;250;141;land;false;mountain;7
2713;240;247;255;land;false;plains;5
2714;219;254;224;land;false;contaminated;2
2715;154;111;250;land;false;plains;7
2716;247;178;160;land;false;plains;7
2717;253;226;255;land;true;plains;7
2718;250;255;241;land;false;forest;7
2719;92;235;159;land;false;plains;7
2720;213;255;220;land;false;plains;7
2721;200;253;241;land;false;plains;7
2722;170;247;163;land;false;plains;3
2723;235;255;229;land;false;plains;7
2724;190;251;196;land;true;marsh;7
2725;81;224;244;land;false;hills;7
2726;226;107;42;land;false;plains;7
2727;253;197;215;land;false;plains;7
2728;245;148;225;land;false;plains;7
2729;170;161;252;land;true;plains;7
2730;255;246;255;land;false;plains;7
2731;216;250;179;land;false;plains;7
2732;230;169;111;land;true;plains;7
2733;216;255;243;land;false;plains;1
2734;230;248;155;land;false;desert;1
2735;255;231;250;land;true;plains;7
2736;139;248;180;land;false;hills;6
2737;251;107;150;land;false;forest;7
2738;253;50;120;land;false;plains;7
2739;148;226;240;land;false;forest;3
2740;152;252;194;land;false;forest;5
2741;237;139;238;land;false;contaminated;2
2742;228;40;209;land;true;plains;5
2743;187;215;252;land;false;contaminated;2
2744;250;255;227;land;false;desert;6
2745;135;217;41;land;false;forest;7
2746;244;145;207;land;false;plains;7
2747;136;238;227;land;false;plains;7
2748;42;254;34;land;false;contaminated;2
2749;255;148;188;land;false;plains;7
2750;25;246;54;land;false;plains;7
2751;245;107;98;land;false;mountain;2
2752;15;133;250;land;false;forest;6
2753;121;230;92;land;true;forest;3
2754;255;243;250;land;false;plains;7
2755;233;253;202;land;true;plains;7
2756;213;195;48;land;false;plains;7
2757;191;103;247;land;true;forest;7
2758;203;253;207;land;false;hills;7
2759;101;206;51;land;false;plains;7
2760;227;174;100;land;false;plains;7
2761;207;193;251;land;false;forest;7
2762;210;234;253;land;false;plains;7
2763;232;109;173;land;false;plains;7
2764;254;204;206;land;false;forest;7
2765;242;171;254;land;false;plains;5
2766;107;87;219;land;true;plains;7
2767;234;27;131;land;false;hills;5
2768;197;233;253;land;false;contaminated;2
2769;71;118;215;land;false;plains;7
2770;207;245;117;land;false;plains;7
2771;245;128;193;land;false;forest;7
2772;239;243;255;land;false;contaminated;2
2773;80;69;247;land;true;plains;7
2774;142;120;233;land;false;plains;7
2775;168;235;250;land;false;plains;7
2776;240;146;53;land;false;hills;7
2777;191;254;211;land;false;plains;7
2778;94;90;242;land;false;plains;7
2779;227;248;254;land;false;desert;3
2780;194;128;250;land;false;plains;7
2781;118;149;251;land;false;contaminated;2
2782;225;54;154;land;true;plains;7
2783;246;146;201;land;false;plains;7
2784;248;176;210;land;false;plains;7
2785;221;254;216;land;true;desert;3
2786;184;50;252;land;false;plains;1
2787;156;222;247;land;true;forest;7
2788;102;248;189;land;true;plains;7
2789;145;239;59;land;false;plains;7
2790;255;255;238;land;true;plains;7
2791;72;135;229;land;false;plains;7
2792;188;250;238;land;false;forest;7
2793;159;245;179;land;false;plains;7
2794;220;193;254;land;false;plains;7
2795;245;141;127;land;false;plains;7
2796;255;223;192;land;false;plains;7
2797;68;210;253;land;false;plains;7
2798;242;38;66;land;false;plains;7
2799;217;183;49;land;true;plains;7
2800;224;252;254;land;false;plains;7
2801;238;206;108;land;false;plains;7
2802;251;231;173;land;true;desert;3
2803;120;249;139;land;false;hills;3
2804;251;207;128;land;false;mountain;3
2805;107;233;220;land;false;forest;6
2806;246;146;126;land;false;mountain;3
2807;245;255;231;land;true;forest;7
2808;184;253;212;land;true;forest;7
2809;219;213;254;land;false;forest;7
2810;115;93;251;land;false;plains;7
2811;139;250;220;land;false;desert;3
2812;248;253;196;land;false;plains;7
2813;159;254;11;land;true;desert;3
2814;252;32;132;land;false;forest;7
2815;131;241;159;land;false;plains;7
2816;185;201;250;land;true;plains;7
2817;251;149;65;land;false;hills;1
2818;240;220;254;land;false;plains;7
2819;55;50;227;land;false;desert;3
2820;211;69;234;land;false;plains;7
2821;234;82;91;land;true;forest;7
2822;252;214;189;land;false;desert;1
2823;239;21;163;land;false;plains;7
2824;206;236;119;land;false;plains;7
2825;224;241;255;land;false;contaminated;2
2826;254;202;255;land;false;contaminated;2
2827;234;255;237;land;false;mountain;2
2828;246;171;165;land;false;plains;7
2829;49;181;228;land;true;plains;7
2830;143;244;14;land;false;plains;7
2831;185;76;234;land;true;plains;5
2832;249;239;138;land;false;plains;7
2833;254;219;233;land;false;plains;7
2834;146;231;57;land;true;marsh;7
2835;180;252;181;land;true;plains;7
2836;139;242;248;land;false;plains;7
2837;219;12;246;land;false;forest;7
2838;113;244;147;land;false;mountain;2
2839;84;254;60;land;false;forest;7
2840;230;254;213;land;true;plains;7
2841;120;221;58;land;false;contaminated;2
2842;254;224;132;land;true;plains;7
2843;253;209;223;land;false;plains;7
2844;209;95;238;land;false;hills;5
2845;31;232;139;land;false;plains;7
2846;255;237;230;land;false;plains;7
2847;213;211;255;land;false;forest;7
2848;253;206;223;land;false;plains;7
2849;241;137;222;land;false;plains;7
2850;255;248;247;land;true;desert;1
2851;236;52;114;land;false;plains;7
2852;100;103;229;land;false;hills;7
2853;248;210;253;land;false;plains;7
2854;174;251;102;land;false;plains;7
2855;255;254;253;land;false;plains;7
2856;216;254;221;land;true;plains;7
2857;184;177;249;land;false;desert;3
2858;255;201;248;land;false;plains;7
2859;255;181;212;land;false;plains;7
2860;213;251;92;land;false;plains;7
2861;182;163;253;land;true;plains;7
2862;109;149;230;land;false;desert;3
2863;234;245;154;land;true;plains;7
2864;185;254;184;land;false;plains;7
2865;242;222;255;land;false;plains;7
2866;255;251;245;land;false;desert;5
2867;111;243;74;land;false;forest;7
2868;246;245;255;land;false;mountain;5
2869;255;233;249;land;false;desert;3
2870;71;92;225;land;false;plains;7
2871;255;232;250;land;false;forest;7
2872;205;254;234;land;false;plains;7
2873;249;123;111;land;false;plains;7
2874;134;254;131;land;true;plains;7
2875;249;170;177;land;false;marsh;7
2876;172;249;210;land;false;plains;7
2877;212;71;70;land;false;plains;7
2878;8;207;248;land;true;forest;7
2879;255;211;233;land;false;contaminated;2
2880;255;225;239;land;false;forest;7
2881;131;238;118;land;false;forest;7
2882;249;37;103;land;false;hills;3
2883;250;242;255;land;false;plains;5
2884;182;253;155;land;false;plains;7
2885;222;29;239;land;false;desert;3
2886;166;229;112;land;true;forest;7
2887;208;64;171;land;false;plains;7
2888;233;155;91;land;false;plains;7
2889;217;179;249;land;false;hills;7
2890;239;123;157;land;false;forest;7
2891;129;245;173;land;false;plains;7
2892;69;246;27;land;false;hills;3
2893;128;83;239;land;true;plains;7
2894;204;246;253;land;false;plains;7
2895;255;240;234;land;false;contaminated;2
2896;244;250;143;land;false;plains;5
2897;203;193;255;land;false;plains;7
2898;252;228;159;land;false;plains;7
2899;185;199;253;land;false;plains;7
2900;211;255;242;land;false;plains;7
2901;252;168;198;land;false;marsh;7
2902;241;252;188;land;false;desert;5
2903;59;228;138;land;false;hills;7
2904;77;229;133;land;false;plains;7
2905;230;254;255;land;false;forest;7
2906;121;239;123;land;false;plains;1
2907;203;255;229;land;false;plains;7
2908;178;252;132;land;false;forest;7
2909;239;202;111;land;true;plains;7
2910;255;253;239;land;false;plains;7
2911;217;84;96;land;true;plains;7
2912;64;232;75;land;true;plains;7
2913;247;128;137;land;false;plains;7
2914;202;251;196;land;false;mountain;5
2915;186;135;253;land;true;forest;7
2916;237;254;143;land;false;hills;5
2917;68;229;207;land;false;forest;7
2918;253;17;19;land;false;plains;7
2919;59;238;161;land;false;plains;7
2920;147;250;159;land;false;plains;7
2921;167;199;66;land;false;plains;7
2922;251;227;180;land;false;plains;7
2923;36;237;236;land;true;plains;7
2924;242;208;254;land;true;plains;7
2925;239;253;200;land;false;plains;7
2926;254;234;159;land;false;desert;5
2927;189;164;251;land;false;plains;7
2928;252;245;255;land;true;plains;7
2929;14;242;135;land;false;plains;7
2930;236;255;248;land;false;plains;2
2931;216;61;49;land;false;plains;7
2932;252;190;253;land;false;plains;7
2933;80;121;218;land;false;plains;7
2934;163;215;80;land;true;plains;7
2935;214;84;74;land;false;desert;5
2936;214;241;140;land;true;plains;7
2937;250;253;194;land;false;desert;1
2938;229;109;141;land;false;hills;1
2939;65;200;199;land;true;plains;7
2940;166;250;192;land;true;plains;7
2941;206;225;253;land;false;plains;7
2942;240;110;245;land;true;hills;6
2943;252;177;125;land;false;plains;7
2944;173;232;120;land;false;forest;5
2945;146;255;172;land;false;plains;7
2946;236;212;253;land;false;hills;7
2947;191;233;254;land;false;hills;3
2948;192;241;140;land;false;plains;7
2949;43;26;250;land;false;desert;5
2950;208;122;252;land;false;plains;7
2951;122;198;241;land;false;plains;7
2952;254;146;145;land;false;contaminated;2
2953;250;145;231;land;true;plains;7
2954;252;198;158;land;false;plains;7
2955;183;254;203;land;false;contaminated;2
2956;250;168;162;land;false;plains;7
2957;185;253;185;land;false;hills;7
2958;222;84;239;land;false;contaminated;2
2959;251;114;244;land;false;plains;7
2960;252;114;230;land;true;plains;7
2961;246;132;243;land;false;plains;7
2962;245;124;141;land;false;desert;3
2963;244;37;34;land;true;forest;7
2964;183;206;250;land;false;contaminated;2
2965;235;105;125;land;false;hills;1
2966;236;248;255;land;false;hills;3
2967;249;218;254;land;false;plains;7
2968;211;254;203;land;false;hills;1
2969;120;234;200;land;false;plains;7
2970;227;244;255;land;false;plains;7
2971;242;212;255;land;true;hills;7
2972;239;58;31;land;true;plains;7
2973;230;254;226;land;true;plains;7
2974;89;217;96;land;false;contaminated;2
2975;211;238;115;land;false;plains;7
2976;172;249;170;land;false;plains;7
2977;255;209;197;land;false;hills;2
2978;218;243;255;land;false;plains;7
2979;195;179;248;land;false;forest;3
2980;198;228;252;land;false;plains;6
2981;204;172;251;land;false;plains;7
2982;211;157;245;land;false;plains;7
2983;255;215;217;land;false;mountain;7
2984;255;249;228;land;true;marsh;7
2985;137;231;86;land;false;plains;7
2986;194;253;242;land;false;desert;1
2987;254;255;232;land;false;desert;3
2988;254;199;220;land;true;hills;5
2989;190;164;254;land;false;plains;7
2990;188;254;253;land;false;contaminated;2
2991;104;221;241;land;true;plains;6
2992;254;228;44;land;false;forest;7
2993;247;255;255;land;false;plains;7
2994;214;254;224;land;true;plains;7
2995;121;241;201;land;false;plains;7
2996;249;173;199;land;false;plains;7
2997;199;249;172;land;false;plains;7
2998;239;255;245;land;false;plains;7
2999;242;255;243;land;false;plains;7
3000;170;249;105;land;false;plains;7
3001;112;245;151;land;false;contaminated;2
3002;130;234;23;land;true;plains;7
3003;60;246;149;land;false;hills;6
3004;143;108;251;land;false;plains;7
3005;250;122;191;land;false;plains;7
3006;129;236;251;land;true;plains;7
3007;144;153;249;land;false;plains;5
3008;254;213;224;land;true;plains;7
3009;130;148;235;land;false;plains;7
3010;248;140;223;land;true;plains;7
3011;252;177;207;land;false;plains;7
3012;211;230;255;land;false;hills;7
3013;246;254;192;land;false;desert;3
3014;246;232;255;land;false;plains;5
3015;139;162;242;land;false;plains;7
3016;73;203;118;land;false;plains;7
3017;247;255;239;land;false;forest;6
3018;232;252;50;land;true;desert;3
3019;71;223;94;land;false;plains;7
3020;249;217;48;land;true;plains;7
3021;69;212;243;land;true;plains;7
3022;85;67;203;land;true;forest;7
3023;59;135;251;land;true;plains;7
3024;151;107;252;land;true;plains;5
3025;251;52;77;land;false;plains;5
3026;32;199;229;land;false;forest;7
3027;156;32;253;land;false;desert;1
3028;255;242;238;land;false;hills;7
3029;212;122;239;land;false;plains;7
3030;153;250;123;land;false;plains;7
3031;183;74;231;land;false;forest;5
3032;223;255;246;land;false;plains;7
3033;232;178;119;land;false;plains;7
3034;250;255;213;land;false;plains;7
3035;225;64;218;land;false;forest;7
3036;250;164;137;land;false;plains;7
3037;227;255;240;land;false;plains;7
3038;250;239;93;land;false;plains;6
3039;253;203;201;land;false;plains;7
3040;241;252;255;land;false;hills;5
3041;225;254;222;land;false;plains;7
3042;224;254;218;land;false;mountain;3
3043;211;215;254;land;false;desert;5
3044;205;254;231;land;false;plains;7
3045;242;255;234;land;false;mountain;7
3046;243;253;149;land;false;desert;1
3047;149;229;69;land;true;plains;7
3048;200;114;245;land;false;hills;7
3049;159;255;155;land;false;plains;7
3050;234;213;253;land;false;plains;7
3051;158;243;109;land;false;forest;7
3052;150;243;224;land;false;plains;7
3053;159;253;204;land;false;plains;7
3054;59;182;219;land;false;forest;7
3055;98;228;102;land;false;plains;7
3056;158;248;211;land;false;plains;7
3057;59;30;225;land;false;plains;7
3058;191;253;230;land;true;plains;7
3059;249;255;253;land;false;desert;3
3060;7;249;84;land;false;mountain;7
3061;92;217;207;land;false;plains;5
3062;219;206;254;land;false;hills;7
3063;235;233;255;land;false;plains;7
3064;221;82;187;land;false;plains;7
3065;132;254;243;land;false;desert;3
3066;245;122;239;land;false;plains;7
3067;159;187;250;land;false;plains;7
3068;243;231;157;land;false;forest;7
3069;250;141;146;land;false;forest;5
3070;250;253;186;land;false;plains;7
3071;203;224;253;land;true;plains;7
3072;215;116;233;land;true;plains;7
3073;187;254;203;land;false;plains;7
3074;183;144;253;land;false;plains;7
3075;254;218;222;land;false;plains;7
3076;179;255;166;land;false;plains;7
3077;223;42;104;land;false;plains;7
3078;255;224;226;land;false;plains;7
3079;255;254;247;land;false;desert;3
3080;245;159;157;land;false;plains;7
3081;200;254;236;land;false;plains;7
3082;242;255;235;land;false;plains;7
3083;132;247;197;land;false;hills;5
3084;185;205;254;land;false;plains;7
3085;112;208;237;land;false;hills;7
3086;224;168;82;land;false;plains;7
3087;161;129;255;land;false;hills;7
3088;206;213;254;land;false;mountain;2
3089;238;254;203;land;false;desert;1
3090;222;107;96;land;false;plains;7
3091;249;110;180;land;false;plains;7
3092;147;134;238;land;false;hills;7
3093;208;81;191;land;false;plains;7
3094;216;189;75;land;true;plains;7
3095;175;234;253;land;false;plains;7
3096;176;248;180;land;false;plains;7
3097;246;253;255;land;false;mountain;3
3098;141;214;75;land;true;plains;7
3099;181;254;158;land;true;plains;7
3100;242;128;211;land;false;contaminated;2
3101;234;157;112;land;false;mountain;7
3102;251;255;244;land;false;hills;7
3103;192;124;238;land;false;contaminated;2
3104;146;156;249;land;false;forest;7
3105;46;253;16;land;false;plains;7
3106;144;200;245;land;true;forest;7
3107;206;253;222;land;false;plains;7
3108;212;253;220;land;false;hills;7
3109;206;61;151;land;true;forest;7
3110;171;217;61;land;false;plains;7
3111;228;255;208;land;false;forest;7
3112;154;238;133;land;false;plains;7
3113;226;254;217;land;false;desert;1
3114;244;63;158;land;false;plains;7
3115;141;75;229;land;false;plains;1
3116;235;255;253;land;true;plains;7
3117;140;208;253;land;false;plains;7
3118;214;255;255;land;false;plains;7
3119;205;248;173;land;true;plains;7
3120;254;199;213;land;true;plains;7
3121;69;220;107;land;false;plains;7
3122;88;234;193;land;false;plains;7
3123;226;69;97;land;false;forest;3
3124;252;137;133;land;false;plains;7
3125;158;243;246;land;false;plains;7
3126;203;53;207;land;false;contaminated;2
3127;249;204;177;land;false;desert;5
3128;187;246;157;land;false;plains;7
3129;249;219;173;land;true;plains;7
3130;178;219;75;land;false;contaminated;2
3131;253;100;154;land;false;forest;6
3132;243;62;71;land;true;plains;7
3133;242;252;190;land;false;hills;7
3134;250;195;174;land;false;desert;3
3135;168;245;79;land;false;hills;3
3136;233;251;188;land;false;plains;7
3137;107;35;251;land;false;contaminated;2
3138;254;180;197;land;false;plains;7
3139;207;254;234;land;false;desert;3
3140;231;113;229;land;true;desert;3
3141;148;249;124;land;false;plains;7
3142;186;208;251;land;false;desert;3
3143;244;250;173;land;false;plains;7
3144;84;80;243;land;false;plains;7
3145;250;154;210;land;false;desert;5
3146;241;150;152;land;false;plains;7
3147;196;218;254;land;false;hills;5
3148;203;239;254;land;false;plains;7
3149;165;253;134;land;false;plains;5
3150;252;196;59;land;false;plains;7
3151;177;253;218;land;false;mountain;5
3152;67;237;146;land;false;plains;7
3153;253;152;174;land;false;plains;7
3154;123;241;185;land;true;plains;7
3155;221;178;91;land;false;plains;7
3156;130;213;253;land;false;plains;7
3157;52;250;115;land;false;plains;7
3158;229;254;59;land;false;forest;7
3159;200;252;210;land;false;hills;7
3160;218;44;167;land;true;plains;7
3161;248;255;237;land;false;plains;7
3162;252;178;197;land;true;plains;7
3163;228;248;130;land;false;plains;7
3164;67;158;250;land;false;plains;7
3165;251;5;176;land;false;contaminated;2
3166;218;133;96;land;false;plains;7
3167;42;66;241;land;true;plains;7
3168;163;92;254;land;true;desert;3
3169;175;214;250;land;true;plains;7
3170;198;216;94;land;false;plains;7
3171;155;62;216;land;false;forest;7
3172;247;193;159;land;false;plains;7
3173;26;230;44;land;true;plains;5
3174;185;249;254;land;false;plains;7
3175;184;47;245;land;false;plains;1
3176;247;238;163;land;false;desert;1
3177;20;11;247;land;false;plains;7
3178;144;79;214;land;false;plains;7
3179;231;255;251;land;false;plains;7
3180;202;253;227;land;false;plains;7
3181;248;205;253;land;false;forest;6
3182;76;250;253;land;false;plains;6
3183;233;254;178;land;true;desert;5
3184;254;231;170;land;true;marsh;7
3185;211;221;57;land;false;plains;7
3186;238;255;255;land;false;hills;7
3187;252;197;182;land;false;plains;7
3188;233;230;114;land;true;plains;7
3189;99;253;234;land;false;hills;7
3190;74;250;249;land;false;forest;7
3191;109;234;134;land;false;plains;7
3192;252;246;179;land;false;plains;7
3193;14;252;211;land;true;plains;7
3194;182;91;227;land;false;plains;7
3195;196;239;92;land;false;desert;3
3196;65;243;119;land;false;forest;5
3197;184;255;204;land;false;plains;7
3198;46;238;224;land;false;plains;7
3199;253;217;240;land;false;plains;7
3200;154;94;234;land;false;plains;7
3201;194;252;7;land;false;marsh;7
3202;158;193;249;land;false;plains;7
3203;167;138;243;land;true;plains;7
3204;125;253;7;land;false;plains;7
3205;241;102;249;land;false;plains;7
3206;64;236;162;land;false;plains;7
3207;55;49;217;land;false;forest;7
3208;251;255;222;land;false;hills;7
3209;225;238;255;land;true;plains;7
3210;245;114;177;land;false;plains;7
3211;242;255;249;land;false;plains;7
3212;239;255;247;land;false;forest;7
3213;253;209;188;land;false;plains;7
3214;195;228;113;land;true;plains;7
3215;60;219;100;land;false;forest;5
3216;244;247;255;land;false;plains;7
3217;236;132;180;land;false;contaminated;2
3218;197;251;248;land;false;plains;5
3219;156;254;235;land;false;plains;7
3220;44;89;246;land;false;plains;7
3221;180;240;84;land;true;forest;7
3222;194;227;254;land;false;desert;3
3223;178;71;252;land;false;plains;7
3224;243;136;240;land;true;plains;7
3225;134;191;236;land;true;forest;7
3226;162;159;245;land;false;desert;1
3227;193;241;138;land;false;forest;5
3228;221;209;255;land;false;forest;5
3229;171;251;244;land;false;plains;7
3230;56;235;216;land;false;plains;7
3231;138;158;249;land;false;hills;7
3232;251;139;229;land;false;plains;7
3233;193;73;227;land;false;plains;3
3234;254;223;200;land;true;forest;3
3235;213;242;114;land;true;plains;7
3236;254;172;199;land;true;marsh;7
3237;112;129;242;land;false;plains;7
3238;79;210;125;land;false;hills;5
3239;255;217;225;land;false;plains;7
3240;156;174;253;land;false;forest;5
3241;238;255;241;land;false;marsh;7
3242;243;253;143;land;true;forest;7
3243;220;251;4;land;true;plains;5
3244;129;234;160;land;false;plains;7
3245;97;241;248;land;false;hills;6
3246;240;183;73;land;false;forest;7
3247;91;173;220;land;false;contaminated;2
3248;237;166;123;land;false;urban;5
3249;141;239;143;land;false;plains;7
3250;152;254;229;land;false;mountain;1
3251;121;240;222;land;false;plains;7
3252;202;128;249;land;false;plains;7
3253;206;104;239;land;false;plains;7
3254;143;239;69;land;false;desert;3
3255;241;251;255;land;false;plains;7
3256;190;245;139;land;false;plains;7
3257;254;251;227;land;false;plains;7
3258;237;158;255;land;true;plains;7
3259;137;229;111;land;false;marsh;5
3260;88;192;229;land;true;plains;7
3261;255;234;244;land;true;plains;1
3262;250;255;197;land;false;plains;7
3263;253;202;186;land;false;contaminated;2
3264;255;217;238;land;false;plains;7
3265;118;204;254;land;true;plains;7
3266;245;96;196;land;false;plains;7
3267;252;231;255;land;false;forest;5
3268;217;123;76;land;false;plains;7
3269;255;241;232;land;false;plains;7
3270;255;229;247;land;false;forest;7
3271;145;107;254;land;false;plains;7
3272;242;127;211;land;false;plains;7
3273;249;196;163;land;false;plains;6
3274;159;255;165;land;false;plains;7
3275;227;254;255;land;false;plains;7
3276;67;160;227;land;false;forest;7
3277;243;254;195;land;true;plains;7
3278;166;53;210;land;true;forest;7
3279;246;255;255;land;false;marsh;7
3280;255;112;160;land;false;plains;7
3281;249;147;180;land;false;forest;7
3282;242;155;152;land;false;plains;7
3283;248;188;251;land;false;plains;7
3284;198;91;67;land;false;mountain;3
3285;96;166;230;land;false;plains;7
3286;245;249;168;land;false;marsh;7
3287;192;90;237;land;false;mountain;7
3288;69;175;225;land;false;plains;7
3289;150;254;134;land;false;plains;7
3290;254;220;244;land;false;plains;7
3291;249;255;230;land;false;plains;7
3292;204;238;116;land;false;hills;7
3293;235;254;210;land;true;plains;7
3294;250;219;153;land;false;mountain;7
3295;208;253;232;land;false;plains;7
3296;224;166;252;land;false;hills;5
3297;220;254;236;land;false;plains;5
3298;234;26;121;land;false;plains;7
3299;71;190;249;land;false;plains;7
3300;213;229;253;land;false;hills;7
3301;79;233;91;land;true;plains;7
3302;182;37;237;land;false;plains;6
3303;234;196;255;land;false;forest;7
3304;154;122;249;land;false;forest;6
3305;163;249;53;land;false;contaminated;2
3306;244;156;191;land;false;hills;3
3307;164;228;90;land;false;plains;7
3308;249;162;157;land;false;hills;7
3309;66;236;192;land;false;mountain;7
3310;32;114;227;land;false;mountain;5
3311;176;243;155;land;true;plains;7
3312;175;246;134;land;false;plains;1
3313;117;252;177;land;true;plains;7
3314;184;75;205;land;false;desert;1
3315;255;250;229;land;true;forest;3
3316;144;246;75;land;false;plains;7
3317;250;210;185;land;false;contaminated;2
3318;173;140;239;land;false;plains;6
3319;244;147;175;land;true;plains;7
3320;235;107;237;land;false;plains;7
3321;237;208;71;land;false;marsh;5
3322;234;239;255;land;false;desert;1
3323;255;229;227;land;true;plains;7
3324;158;254;184;land;false;plains;7
3325;75;214;93;land;false;plains;7
3326;161;230;251;land;false;forest;7
3327;152;67;241;land;false;contaminated;2
3328;219;252;142;land;false;desert;3
3329;86;108;251;land;false;plains;5
3330;246;137;229;land;false;plains;7
3331;107;248;181;land;false;contaminated;2
3332;235;254;255;land;false;desert;1
3333;107;86;251;land;false;hills;7
3334;205;227;252;land;false;hills;5
3335;142;133;243;land;false;contaminated;2
3336;249;228;164;land;true;plains;7
3337;201;254;253;land;false;plains;7
3338;235;254;166;land;false;plains;7
3339;196;250;35;land;false;plains;7
3340;117;129;251;land;true;plains;7
3341;177;253;193;land;false;mountain;2
3342;38;221;61;land;true;plains;7
3343;251;188;188;land;true;plains;7
3344;255;221;250;land;true;desert;1
3345;254;196;250;land;false;marsh;5
3346;224;236;255;land;false;forest;5
3347;130;172;241;land;false;contaminated;2
3348;163;203;248;land;false;forest;7
3349;208;149;49;land;false;plains;7
3350;237;239;42;land;true;plains;5
3351;236;239;101;land;true;plains;5
3352;245;248;29;land;false;plains;7
3353;208;80;226;land;false;plains;7
3354;254;211;173;land;false;plains;7
3355;177;253;119;land;true;plains;7
3356;237;107;230;land;false;plains;7
3357;84;240;172;land;false;hills;7
3358;114;232;40;land;false;plains;7
3359;143;206;252;land;false;marsh;7
3360;179;247;254;land;false;plains;7
3361;238;58;23;land;false;plains;7
3362;89;214;161;land;false;plains;7
3363;69;75;239;land;true;forest;2
3364;229;74;147;land;false;plains;7
3365;165;251;140;land;false;plains;7
3366;201;250;24;land;true;plains;7
3367;175;249;241;land;false;desert;3
3368;254;222;217;land;true;plains;7
3369;194;254;247;land;false;plains;7
3370;154;106;230;land;false;plains;7
3371;94;35;241;land;false;hills;7
3372;141;231;107;land;false;plains;7
3373;124;236;201;land;true;plains;7
3374;84;248;135;land;false;plains;7
3375;229;249;148;land;false;plains;7
3376;241;103;113;land;false;plains;7
3377;253;255;239;land;false;plains;7
3378;161;152;250;land;false;plains;7
3379;238;100;180;land;false;plains;7
3380;196;202;255;land;false;plains;7
3381;252;247;255;land;false;plains;7
3382;163;4;252;land;true;plains;7
3383;247;92;42;land;false;plains;7
3384;221;254;141;land;false;plains;7
3385;247;168;34;land;false;desert;1
3386;227;230;69;land;true;forest;7
3387;239;222;254;land;false;plains;7
3388;164;218;92;land;false;plains;7
3389;132;95;222;land;false;plains;7
3390;164;182;250;land;false;plains;7
3391;198;221;98;land;false;plains;7
3392;69;227;242;land;false;forest;7
3393;96;249;104;land;false;forest;7
3394;139;176;242;land;false;contaminated;2
3395;176;251;254;land;false;plains;7
3396;224;178;252;land;true;plains;7
3397;247;180;253;land;false;plains;7
3398;249;71;32;land;false;plains;7
3399;106;241;190;land;false;plains;7
3400;219;139;75;land;false;plains;7
3401;201;133;253;land;false;plains;7
3402;254;134;252;land;false;plains;7
3403;81;248;175;land;false;mountain;2
3404;248;103;115;land;false;forest;7
3405;218;155;251;land;false;hills;7
3406;252;248;255;land;false;plains;7
3407;237;251;162;land;false;plains;1
3408;157;235;246;land;false;plains;7
3409;212;190;251;land;false;plains;7
3410;243;201;135;land;true;plains;7
3411;219;196;253;land;true;hills;6
3412;108;240;253;land;false;hills;7
3413;254;246;226;land;false;plains;7
3414;255;250;246;land;true;plains;7
3415;254;221;228;land;false;hills;3
3416;97;244;173;land;false;desert;3
3417;181;174;251;land;false;plains;7
3418;73;240;70;land;false;marsh;5
3419;253;247;214;land;true;plains;7
3420;229;216;254;land;false;plains;7
3421;244;110;206;land;false;plains;7
3422;58;245;197;land;false;forest;2
3423;226;231;64;land;false;plains;7
3424;193;160;249;land;false;plains;7
3425;255;250;240;land;false;plains;7
3426;120;98;223;land;true;plains;7
3427;254;204;251;land;true;plains;7
3428;107;96;220;land;false;contaminated;2
3429;229;118;132;land;true;plains;7
3430;245;243;255;land;true;forest;7
3431;112;116;249;land;false;forest;7
3432;244;39;200;land;false;plains;7
3433;131;200;238;land;false;plains;7
3434;150;252;248;land;false;plains;7
3435;19;148;253;land;false;plains;7
3436;227;251;111;land;false;plains;7
3437;53;255;147;land;false;forest;7
3438;162;232;114;land;false;plains;7
3439;206;106;251;land;false;hills;7
3440;255;227;226;land;false;plains;7
3441;255;241;208;land;false;plains;7
3442;244;244;139;land;false;plains;7
3443;253;190;150;land;false;plains;7
3444;162;248;223;land;true;desert;3
3445;57;243;240;land;false;plains;7
3446;231;33;213;land;false;forest;7
3447;226;137;243;land;false;plains;6
3448;229;250;255;land;false;marsh;5
3449;50;221;129;land;false;plains;7
3450;225;255;143;land;false;plains;7
3451;194;238;64;land;true;plains;7
3452;76;250;146;land;false;plains;7
3453;154;250;209;land;true;plains;6
3454;237;93;142;land;true;plains;7
3455;248;185;123;land;true;plains;7
3456;134;68;210;land;false;plains;7
3457;245;118;56;land;false;plains;7
3458;169;248;214;land;false;contaminated;2
3459;182;250;197;land;false;plains;6
3460;237;202;116;land;false;plains;7
3461;253;204;234;land;false;desert;3
3462;249;26;96;land;false;plains;6
3463;73;201;77;land;false;plains;7
3464;251;182;204;land;false;desert;3
3465;242;218;149;land;false;mountain;3
3466;247;213;108;land;true;plains;3
3467;191;210;250;land;false;desert;3
3468;186;252;225;land;false;plains;7
3469;189;129;242;land;false;plains;7
3470;173;150;249;land;false;plains;7
3471;202;229;66;land;false;hills;7
3472;62;210;205;land;true;forest;7
3473;132;222;79;land;false;plains;5
3474;170;253;219;land;false;contaminated;2
3475;162;250;203;land;false;forest;7
3476;239;247;155;land;false;contaminated;2
3477;253;207;239;land;false;plains;7
3478;227;204;253;land;true;plains;7
3479;161;149;254;land;false;plains;7
3480;51;221;171;land;true;forest;7
3481;233;255;227;land;true;contaminated;2
3482;251;170;248;land;false;contaminated;2
3483;123;135;239;land;false;mountain;3
3484;62;207;144;land;true;desert;3
3485;193;255;217;land;false;contaminated;2
3486;237;179;135;land;false;plains;7
3487;238;162;89;land;false;plains;7
3488;246;253;157;land;false;plains;7
3489;110;228;251;land;false;plains;7
3490;120;253;250;land;false;contaminated;2
3491;236;84;110;land;true;plains;7
3492;246;145;132;land;false;desert;5
3493;248;213;255;land;false;plains;7
3494;250;91;202;land;false;plains;7
3495;235;21;84;land;false;hills;3
3496;196;250;155;land;false;plains;7
3497;238;250;141;land;false;plains;7
3498;254;255;245;land;false;plains;7
3499;194;252;196;land;false;plains;7
3500;237;190;65;land;false;plains;7
3501;255;238;238;land;false;plains;7
3502;199;238;100;land;false;forest;7
3503;199;253;203;land;true;plains;6
3504;239;255;241;land;false;desert;3
3505;136;190;250;land;false;marsh;5
3506;255;138;180;land;false;hills;7
3507;228;196;253;land;false;contaminated;2
3508;148;254;220;land;false;plains;7
3509;221;246;103;land;false;plains;7
3510;248;169;153;land;false;plains;7
3511;231;217;108;land;false;plains;7
3512;244;248;127;land;false;plains;7
3513;219;66;162;land;false;plains;7
3514;249;121;209;land;false;plains;7
3515;128;217;241;land;false;plains;7
3516;250;220;160;land;false;plains;7
3517;215;27;237;land;false;plains;7
3518;235;109;89;land;false;hills;5
3519;222;70;105;land;false;plains;7
3520;53;233;115;land;true;plains;7
3521;242;41;130;land;true;plains;7
3522;177;102;227;land;false;plains;7
3523;233;254;255;land;true;plains;7
3524;250;253;176;land;false;plains;7
3525;167;251;136;land;false;plains;7
3526;253;145;120;land;false;plains;7
3527;68;221;242;land;false;forest;7
3528;255;136;116;land;false;hills;3
3529;187;252;199;land;false;desert;3
3530;250;102;137;land;true;plains;7
3531;255;246;242;land;false;plains;7
3532;108;81;209;land;false;plains;7
3533;213;167;253;land;false;plains;7
3534;145;245;211;land;false;mountain;5
3535;215;255;189;land;false;plains;7
3536;82;209;119;land;false;hills;3
3537;223;163;84;land;false;plains;7
3538;203;67;87;land;false;plains;7
3539;142;193;253;land;false;plains;7
3540;78;247;47;land;false;plains;7
3541;253;177;189;land;false;plains;6
3542;230;104;139;land;false;contaminated;2
3543;255;252;252;land;false;plains;7
3544;163;79;212;land;false;desert;3
3545;214;251;6;land;false;plains;7
3546;255;252;232;land;false;plains;7
3547;255;214;219;land;false;plains;7
3548;221;230;254;land;false;plains;7
3549;249;254;218;land;false;plains;7
3550;254;228;221;land;false;plains;7
3551;250;223;177;land;false;contaminated;2
3552;157;174;249;land;false;hills;7
3553;253;248;196;land;false;plains;7
3554;35;245;134;land;false;plains;7
3555;38;218;175;land;false;plains;7
3556;226;102;192;land;false;hills;7
3557;79;198;222;land;false;plains;7
3558;241;188;114;land;true;forest;7
3559;235;82;144;land;false;plains;7
3560;244;83;134;land;false;plains;7
3561;118;205;239;land;false;plains;7
3562;255;248;233;land;false;desert;3
3563;221;205;44;land;false;plains;7
3564;246;214;167;land;false;hills;7
3565;64;100;212;land;false;plains;7
3566;253;197;204;land;false;forest;7
3567;103;211;229;land;false;forest;5
3568;59;111;246;land;false;plains;7
3569;53;201;233;land;false;plains;7
3570;73;94;223;land;false;forest;6
3571;232;96;229;land;false;desert;3
3572;60;217;73;land;false;urban;5
3573;108;98;246;land;false;hills;5
3574;213;67;56;land;false;contaminated;2
3575;201;231;254;land;false;plains;7
3576;71;70;232;land;false;hills;7
3577;234;255;248;land;false;forest;7
3578;194;254;124;land;false;desert;3
3579;183;156;250;land;false;plains;6
3580;80;245;109;land;false;plains;7
3581;155;62;254;land;false;hills;7
3582;224;186;252;land;false;plains;7
3583;76;136;251;land;false;plains;5
3584;254;253;214;land;true;desert;6
3585;240;179;110;land;false;plains;7
3586;222;253;255;land;true;plains;7
3587;255;244;255;land;true;plains;7
3588;228;244;254;land;true;plains;7
3589;59;248;249;land;true;plains;7
3590;244;255;233;land;false;desert;3
3591;45;244;165;land;true;plains;7
3592;207;144;253;land;false;plains;6
3593;210;203;252;land;false;plains;7
3594;249;110;71;land;true;plains;7
3595;71;204;160;land;false;forest;4
3596;86;69;243;land;false;forest;7
3597;251;255;237;land;false;contaminated;2
3598;108;121;240;land;false;plains;6
3599;255;242;253;land;false;plains;7
3600;223;47;208;land;false;plains;7
3601;133;191;243;land;false;plains;7
3602;254;231;241;land;false;contaminated;2
3603;255;249;249;land;false;forest;7
3604;161;221;255;land;false;plains;7
3605;121;114;240;land;false;forest;7
3606;190;247;104;land;false;hills;3
3607;162;229;39;land;true;plains;7
3608;132;140;237;land;false;hills;7
3609;94;214;228;land;false;plains;7
3610;150;219;91;land;false;plains;7
3611;248;34;129;land;false;plains;7
3612;138;160;255;land;true;plains;7
3613;110;154;227;land;true;plains;7
3614;221;86;94;land;false;desert;3
3615;159;198;248;land;false;forest;7
3616;229;186;69;land;false;plains;5
3617;105;160;227;land;true;forest;7
3618;147;248;207;land;false;plains;7
3619;244;253;128;land;false;plains;7
3620;183;249;229;land;false;plains;7
3621;244;136;47;land;false;plains;7
3622;251;104;172;land;false;plains;7
3623;76;218;75;land;false;plains;7
3624;201;251;252;land;true;marsh;7
3625;162;213;71;land;false;plains;7
3626;192;242;148;land;false;plains;7
3627;133;25;243;land;false;desert;3
3628;226;214;34;land;false;plains;7
3629;254;11;22;land;true;plains;7
3630;234;77;151;land;false;plains;6
3631;157;232;116;land;false;plains;7
3632;255;227;200;land;true;forest;7
3633;255;225;253;land;false;plains;7
3634;180;221;92;land;false;plains;7
3635;248;111;186;land;true;plains;7
3636;169;234;115;land;false;forest;7
3637;255;248;252;land;true;forest;7
3638;79;242;151;land;true;marsh;7
3639;60;229;165;land;false;plains;6
3640;90;196;252;land;false;plains;7
3641;243;246;164;land;false;plains;7
3642;238;255;183;land;false;contaminated;2
3643;253;215;234;land;true;desert;3
3644;239;250;46;land;false;plains;7
3645;128;241;107;land;false;plains;7
3646;199;151;244;land;false;plains;7
3647;221;253;150;land;false;plains;7
3648;241;112;134;land;false;forest;6
3649;166;99;241;land;false;plains;7
3650;190;208;252;land;false;plains;7
3651;205;158;71;land;false;hills;7
3652;158;82;251;land;false;plains;7
3653;253;223;155;land;true;plains;7
3654;174;80;212;land;false;desert;3
3655;211;253;220;land;false;plains;7
3656;108;226;122;land;false;plains;7
3657;190;247;147;land;false;forest;5
3658;147;194;251;land;true;plains;7
3659;90;151;243;land;false;plains;7
3660;218;231;254;land;false;plains;7
3661;249;138;95;land;true;plains;7
3662;252;73;214;land;false;plains;7
3663;254;246;255;land;true;forest;7
3664;248;110;206;land;true;plains;7
3665;144;235;251;land;false;plains;7
3666;254;128;242;land;false;plains;7
3667;87;219;185;land;false;mountain;3
3668;230;117;69;land;false;plains;7
3669;222;75;244;land;false;plains;7
3670;242;208;253;land;false;plains;7
3671;252;184;212;land;false;plains;7
3672;202;100;232;land;false;hills;7
3673;250;129;223;land;true;plains;7
3674;176;182;249;land;false;forest;5
3675;81;216;61;land;false;plains;7
3676;245;196;93;land;false;plains;7
3677;247;201;133;land;false;contaminated;2
3678;250;255;254;land;false;plains;7
3679;249;145;194;land;false;plains;7
3680;255;230;242;land;false;plains;7
3681;145;255;235;land;false;plains;7
3682;208;167;72;land;false;plains;7
3683;242;133;201;land;false;plains;7
3684;163;230;114;land;false;mountain;2
3685;224;70;102;land;true;plains;7
3686;227;255;211;land;true;desert;3
3687;214;147;243;land;false;plains;7
3688;254;209;209;land;false;forest;5
3689;126;223;87;land;false;forest;7
3690;162;162;248;land;false;plains;7
3691;137;156;253;land;true;forest;7
3692;237;138;41;land;false;hills;7
3693;249;124;175;land;false;plains;7
3694;255;250;244;land;false;plains;7
3695;158;242;244;land;false;desert;1
3696;228;232;255;land;false;contaminated;2
3697;212;252;196;land;false;plains;7
3698;218;77;174;land;false;forest;7
3699;210;254;214;land;false;plains;7
3700;155;251;165;land;false;plains;7
3701;254;227;254;land;true;plains;7
3702;172;71;243;land;false;plains;7
3703;254;18;173;land;false;plains;7
3704;141;52;232;land;false;plains;7
3705;151;243;88;land;false;mountain;2
3706;80;231;80;land;false;desert;3
3707;232;166;253;land;false;desert;5
3708;243;255;231;land;true;plains;7
3709;77;242;82;land;false;forest;5
3710;148;253;229;land;false;forest;7
3711;89;248;115;land;true;plains;7
3712;232;253;186;land;false;hills;7
3713;248;101;207;land;false;desert;3
3714;241;197;144;land;false;forest;6
3715;190;233;252;land;true;plains;7
3716;232;207;29;land;false;plains;7
3717;203;175;248;land;true;plains;7
3718;75;201;63;land;false;plains;7
3719;152;253;162;land;false;plains;7
3720;237;246;142;land;false;plains;7
3721;157;50;233;land;false;contaminated;2
3722;51;251;145;land;false;hills;5
3723;190;117;243;land;false;plains;7
3724;39;113;246;land;false;plains;7
3725;245;255;253;land;false;plains;7
3726;254;161;154;land;false;plains;7
3727;105;242;72;land;true;plains;7
3728;48;240;195;land;false;mountain;2
3729;60;240;253;land;false;forest;5
3730;45;105;224;land;false;desert;1
3731;182;84;213;land;true;plains;5
3732;32;250;23;land;true;plains;7
3733;148;247;249;land;false;forest;7
3734;103;242;107;land;false;plains;5
3735;240;243;94;land;false;plains;7
3736;138;252;43;land;false;forest;7
3737;91;231;131;land;true;plains;7
3738;244;252;255;land;false;forest;5
3739;215;201;254;land;false;plains;7
3740;249;180;27;land;false;plains;7
3741;98;240;176;land;false;plains;7
3742;255;251;248;land;false;desert;3
3743;255;186;191;land;false;plains;5
3744;246;63;207;land;false;plains;7
3745;244;227;255;land;true;plains;7
3746;64;193;76;land;false;plains;7
3747;83;232;55;land;false;plains;7
3748;226;106;144;land;false;desert;3
3749;71;102;200;land;false;plains;7
3750;127;234;174;land;true;plains;7
3751;229;206;63;land;true;plains;7
3752;89;106;220;land;false;plains;7
3753;254;191;247;land;true;plains;7
3754;250;63;74;land;false;plains;7
3755;241;130;195;land;false;hills;7
3756;39;146;223;land;false;desert;3
3757;82;250;114;land;false;plains;5
3758;255;184;224;land;false;plains;7
3759;142;245;93;land;false;plains;7
3760;135;241;202;land;false;plains;7
3761;235;173;248;land;false;forest;7
3762;184;240;37;land;false;hills;5
3763;78;255;159;land;false;hills;7
3764;196;252;216;land;false;plains;7
3765;116;228;38;land;false;desert;5
3766;240;227;254;land;false;hills;7
3767;145;252;191;land;false;hills;3
3768;253;180;39;land;false;plains;7
3769;213;218;77;land;false;plains;7
3770;247;180;157;land;false;plains;7
3771;242;167;139;land;false;plains;7
3772;62;237;86;land;false;plains;7
3773;172;182;249;land;false;forest;7
3774;136;96;244;land;false;forest;7
3775;52;195;210;land;false;plains;7
3776;164;26;250;land;false;forest;7
3777;224;73;62;land;false;forest;7
3778;203;226;254;land;false;plains;7
3779;80;215;63;land;true;forest;7
3780;128;225;55;land;false;plains;7
3781;139;72;250;land;false;contaminated;2
3782;79;72;216;land;false;plains;7
3783;251;174;226;land;false;contaminated;2
3784;255;214;167;land;false;forest;7
3785;204;164;249;land;false;hills;7
3786;71;225;242;land;false;plains;5
3787;246;230;57;land;true;plains;7
3788;254;168;186;land;false;forest;7
3789;248;255;242;land;false;plains;7
3790;55;65;232;land;false;hills;1
3791;254;168;220;land;false;plains;7
3792;251;189;166;land;false;desert;1
3793;94;228;139;land;false;plains;7
3794;219;212;254;land;false;hills;7
3795;252;202;220;land;false;plains;7
3796;235;175;109;land;false;plains;7
3797;161;252;225;land;false;plains;7
3798;249;155;194;land;false;plains;7
3799;252;231;207;land;false;plains;7
3800;249;94;44;land;false;plains;7
3801;218;222;254;land;false;contaminated;2
3802;85;250;168;land;false;plains;7
3803;131;243;51;land;false;plains;6
3804;75;249;15;land;false;desert;3
3805;239;255;235;land;false;mountain;3
3806;248;136;214;land;true;forest;7
3807;87;219;197;land;false;plains;7
3808;229;232;255;land;false;contaminated;2
3809;53;254;37;land;false;plains;5
3810;234;250;255;land;false;plains;7
3811;245;220;254;land;true;plains;7
3812;145;245;254;land;false;plains;7
3813;228;235;107;land;false;plains;7
3814;83;235;144;land;false;plains;7
3815;252;187;227;land;false;plains;7
3816;53;131;213;land;false;contaminated;2
3817;160;185;251;land;false;plains;7
3818;252;210;191;land;false;plains;7
3819;144;244;253;land;false;plains;7
3820;214;255;228;land;false;plains;7
3821;255;254;246;land;false;plains;7
3822;85;229;206;land;false;plains;7
3823;26;232;61;land;false;plains;5
3824;207;220;254;land;false;plains;7
3825;255;224;225;land;false;plains;7
3826;252;164;174;land;false;plains;7
3827;161;235;106;land;false;hills;7
3828;254;255;250;land;false;plains;6
3829;85;32;255;land;true;plains;6
3830;155;57;204;land;false;plains;7
3831;200;161;245;land;true;marsh;7
3832;248;212;130;land;true;forest;7
3833;236;252;204;land;false;desert;1
3834;105;88;232;land;false;forest;7
3835;240;228;70;land;false;plains;7
3836;231;47;77;land;false;plains;7
3837;250;225;52;land;false;plains;7
3838;242;165;250;land;true;forest;7
3839;143;188;250;land;false;plains;7
3840;239;218;255;land;false;plains;7
3841;125;127;235;land;false;plains;7
3842;147;227;247;land;false;plains;7
3843;253;206;209;land;false;plains;7
3844;146;237;253;land;false;plains;7
3845;249;195;252;land;false;plains;7
3846;251;168;225;land;false;plains;6
3847;253;249;197;land;false;hills;6
3848;179;249;171;land;false;plains;5
3849;28;245;190;land;false;plains;3
3850;104;183;235;land;false;plains;7
3851;239;161;135;land;false;plains;7
3852;128;100;254;land;false;plains;7
3853;218;248;167;land;true;plains;7
3854;121;232;155;land;false;desert;1
3855;244;179;140;land;false;plains;7
3856;246;241;125;land;true;plains;7
3857;254;217;243;land;true;plains;7
3858;165;254;154;land;false;plains;7
3859;189;168;248;land;false;hills;7
3860;139;170;252;land;false;plains;7
3861;179;14;249;land;false;plains;7
3862;254;216;220;land;true;plains;7
3863;124;243;171;land;false;plains;7
3864;239;26;25;land;false;plains;7
3865;106;246;88;land;true;plains;7
3866;177;186;251;land;true;plains;7
3867;244;115;173;land;false;hills;7
3868;61;234;35;land;false;plains;7
3869;122;240;137;land;false;plains;7
3870;172;212;251;land;true;plains;7
3871;254;251;225;land;false;plains;7
3872;251;128;210;land;false;desert;1
3873;228;218;108;land;false;plains;7
3874;83;53;254;land;true;plains;7
3875;89;139;236;land;false;plains;7
3876;252;255;243;land;false;plains;7
3877;115;110;245;land;false;marsh;7
3878;238;169;115;land;true;plains;7
3879;212;163;247;land;false;plains;7
3880;248;255;229;land;false;plains;7
3881;254;232;219;land;false;mountain;7
3882;205;228;254;land;false;hills;7
3883;252;118;89;land;true;plains;7
3884;237;178;122;land;true;plains;5
3885;154;232;53;land;false;plains;7
3886;221;92;97;land;false;plains;7
3887;101;209;242;land;false;forest;5
3888;137;233;237;land;false;hills;7
3889;250;240;171;land;false;hills;7
3890;231;92;241;land;false;plains;7
3891;154;245;246;land;false;plains;7
3892;244;49;162;land;true;plains;7
3893;255;236;236;land;false;plains;7
3894;197;254;184;land;false;plains;5
3895;104;240;40;land;false;plains;7
3896;200;69;229;land;true;plains;6
3897;253;200;235;land;false;plains;7
3898;178;146;246;land;false;forest;7
3899;250;197;171;land;false;mountain;7
3900;136;235;131;land;true;plains;7
3901;138;198;245;land;false;plains;7
3902;62;167;199;land;false;forest;7
3903;192;228;254;land;false;contaminated;2
3904;122;255;123;land;false;plains;7
3905;154;249;148;land;false;hills;5
3906;244;120;155;land;false;plains;7
3907;47;46;214;land;false;contaminated;2
3908;63;16;241;land;false;plains;7
3909;180;254;241;land;true;plains;7
3910;212;224;50;land;true;plains;7
3911;231;119;131;land;true;hills;2
3912;182;250;85;land;false;plains;7
3913;18;18;249;land;false;urban;5
3914;16;198;248;land;false;plains;7
3915;252;165;129;land;false;plains;6
3916;70;212;173;land;false;desert;1
3917;254;131;186;land;false;plains;7
3918;254;222;198;land;false;desert;3
3919;64;58;232;land;false;plains;6
3920;252;255;251;land;false;plains;7
3921;128;243;222;land;false;plains;7
3922;189;126;251;land;false;plains;7
3923;189;238;250;land;false;mountain;7
3924;235;255;248;land;false;desert;3
3925;203;241;129;land;false;hills;5
3926;249;212;182;land;false;plains;7
3927;69;179;254;land;false;plains;7
3928;132;238;93;land;false;forest;5
3929;171;251;222;land;false;plains;7
3930;116;179;253;land;false;plains;7
3931;251;158;167;land;true;plains;7
3932;95;232;193;land;false;plains;3
3933;87;244;86;land;false;contaminated;2
3934;239;217;255;land;false;marsh;7
3935;105;237;196;land;false;plains;7
3936;215;183;250;land;false;plains;7
3937;249;172;216;land;false;plains;7
3938;112;202;248;land;false;plains;6
3939;251;186;184;land;false;desert;3
3940;142;247;254;land;false;plains;7
3941;227;73;39;land;false;contaminated;2
3942;141;57;214;land;false;plains;7
3943;248;124;215;land;false;plains;7
3944;183;86;244;land;false;contaminated;2
3945;103;151;244;land;false;plains;7
3946;143;255;202;land;false;hills;7
3947;56;69;252;land;false;plains;7
3948;163;252;170;land;false;plains;7
3949;139;163;251;land;false;hills;3
3950;189;231;58;land;true;forest;7
3951;254;136;251;land;false;plains;6
3952;235;254;232;land;false;plains;7
3953;100;192;254;land;false;plains;7
3954;182;250;253;land;false;plains;7
3955;71;172;240;land;false;plains;7
3956;102;57;203;land;false;contaminated;2
3957;249;12;129;land;true;plains;7
3958;204;253;229;land;false;hills;7
3959;237;55;66;land;false;plains;7
3960;43;252;223;land;false;mountain;7
3961;218;255;194;land;true;plains;7
3962;111;227;244;land;false;plains;7
3963;243;43;100;land;false;plains;7
3964;236;193;97;land;false;desert;3
3965;255;163;168;land;false;plains;7
3966;105;251;232;land;false;plains;7
3967;105;95;222;land;false;desert;3
3968;252;205;205;land;false;hills;7
3969;145;241;177;land;false;plains;7
3970;254;218;244;land;false;plains;7
3971;104;226;234;land;false;contaminated;2
3972;249;255;229;land;false;plains;5
3973;211;251;88;land;false;plains;7
3974;217;57;161;land;false;contaminated;2
3975;230;155;245;land;false;plains;7
3976;210;65;249;land;false;desert;3
3977;119;253;252;land;false;desert;1
3978;241;190;86;land;false;forest;5
3979;255;238;233;land;false;plains;7
3980;224;223;254;land;false;hills;7
3981;253;235;211;land;false;plains;7
3982;245;116;52;land;true;plains;7
3983;202;152;243;land;false;plains;7
3984;254;190;224;land;true;forest;7
3985;254;220;218;land;true;plains;7
3986;214;84;164;land;false;desert;1
3987;87;201;217;land;false;plains;7
3988;83;127;254;land;false;forest;7
3989;237;229;132;land;false;plains;7
3990;244;252;128;land;false;hills;7
3991;62;192;253;land;false;hills;7
3992;183;181;252;land;true;plains;7
3993;232;255;246;land;false;plains;7
3994;240;228;118;land;false;plains;7
3995;238;255;242;land;false;plains;7
3996;240;144;147;land;true;plains;7
3997;217;94;107;land;false;forest;5
3998;209;253;223;land;true;marsh;7
3999;230;186;254;land;false;plains;7
4000;193;228;252;land;false;plains;7
4001;141;180;239;land;true;forest;1
4002;223;79;195;land;false;mountain;7
4003;171;201;249;land;false;plains;7
4004;214;253;242;land;true;plains;5
4005;253;205;191;land;false;plains;7
4006;254;183;245;land;false;plains;7
4007;149;140;246;land;false;forest;5
4008;231;193;254;land;false;hills;7
4009;66;106;220;land;true;plains;7
4010;21;243;76;land;false;forest;7
4011;229;201;253;land;false;contaminated;2
4012;240;203;254;land;false;plains;7
4013;95;217;106;land;false;desert;3
4014;247;67;194;land;false;desert;1
4015;222;255;233;land;false;plains;7
4016;114;252;58;land;false;forest;7
4017;213;211;254;land;false;plains;7
4018;246;237;255;land;false;plains;7
4019;63;145;213;land;true;plains;7
4020;155;61;247;land;false;forest;5
4021;68;238;164;land;false;plains;7
4022;147;252;196;land;false;forest;7
4023;254;114;224;land;true;plains;7
4024;116;242;195;land;true;plains;7
4025;187;206;253;land;true;desert;5
4026;222;226;254;land;false;contaminated;2
4027;200;228;57;land;false;plains;7
4028;148;186;241;land;false;plains;7
4029;28;234;175;land;false;forest;7
4030;105;54;250;land;false;plains;7
4031;252;65;69;land;true;plains;7
4032;222;251;162;land;true;plains;7
4033;196;253;239;land;false;plains;7
4034;107;223;90;land;false;contaminated;2
4035;150;248;241;land;false;hills;1
4036;184;246;251;land;false;plains;7
4037;50;91;223;land;false;hills;6
4038;253;194;196;land;true;plains;7
4039;254;177;192;land;true;plains;7
4040;255;215;225;land;false;plains;7
4041;245;166;150;land;false;plains;2
4042;133;242;137;land;false;plains;7
4043;236;254;213;land;false;forest;7
4044;97;73;250;land;true;plains;7
4045;174;231;84;land;false;plains;7
4046;252;255;253;land;false;plains;7
4047;105;232;64;land;false;plains;7
4048;149;163;253;land;false;plains;7
4049;148;241;167;land;false;plains;7
4050;129;239;184;land;false;plains;7
4051;163;155;245;land;false;contaminated;2
4052;214;124;84;land;false;desert;3
4053;234;246;255;land;false;plains;7
4054;156;252;250;land;false;plains;7
4055;253;255;191;land;false;plains;7
4056;229;91;204;land;false;plains;7
4057;150;150;243;land;false;forest;7
4058;250;157;140;land;false;plains;7
4059;52;49;224;land;false;plains;7
4060;247;145;255;land;false;desert;1
4061;224;220;254;land;false;plains;6
4062;252;227;192;land;false;plains;7
4063;222;244;254;land;false;plains;7
4064;177;222;249;land;false;contaminated;2
4065;171;248;190;land;false;plains;7
4066;184;70;215;land;false;desert;3
4067;131;235;177;land;false;hills;1
4068;88;179;229;land;false;contaminated;2
4069;238;251;176;land;false;plains;7
4070;236;255;254;land;false;plains;7
4071;145;89;250;land;true;plains;7
4072;254;130;125;land;false;forest;7
4073;186;252;189;land;false;plains;7
4074;63;118;214;land;true;plains;7
4075;208;235;97;land;false;plains;7
4076;168;252;146;land;false;forest;7
4077;253;143;137;land;false;plains;7
4078;243;141;163;land;false;forest;7
4079;219;252;200;land;false;plains;7
4080;234;254;222;land;false;marsh;5
4081;191;246;164;land;false;desert;5
4082;113;248;96;land;false;mountain;7
4083;218;60;183;land;true;hills;7
4084;251;197;72;land;false;hills;3
4085;223;172;247;land;false;plains;7
4086;112;224;99;land;false;plains;7
4087;247;252;255;land;false;plains;7
4088;239;221;121;land;false;plains;7
4089;218;205;253;land;true;desert;3
4090;198;253;227;land;false;plains;7
4091;223;254;204;land;true;desert;5
4092;107;230;209;land;false;plains;7
4093;223;150;253;land;false;desert;3
4094;205;246;110;land;true;forest;7
4095;71;233;190;land;false;marsh;7
4096;198;252;194;land;false;mountain;1
4097;165;33;246;land;false;plains;7
4098;254;198;239;land;false;hills;7
4099;246;101;168;land;true;plains;7
4100;255;221;235;land;false;desert;3
4101;151;241;124;land;false;plains;7
4102;155;182;253;land;false;plains;7
4103;185;171;252;land;false;forest;6
4104;95;232;173;land;false;plains;7
4105;251;252;255;land;true;plains;7
4106;109;253;157;land;false;plains;7
4107;138;252;113;land;false;plains;7
4108;211;98;64;land;false;forest;7
4109;251;193;191;land;false;plains;7
4110;236;30;24;land;false;contaminated;2
4111;249;203;253;land;false;plains;7
4112;242;191;131;land;false;plains;7
4113;235;247;28;land;false;forest;7
4114;180;232;82;land;false;plains;7
4115;101;230;215;land;false;plains;7
4116;253;122;226;land;true;plains;7
4117;242;157;113;land;false;plains;7
4118;241;209;75;land;false;plains;7
4119;246;248;141;land;true;plains;7
4120;232;87;236;land;false;plains;7
4121;75;225;137;land;false;hills;7
4122;250;202;175;land;false;plains;7
4123;201;104;234;land;false;forest;7
4124;255;239;250;land;false;forest;7
4125;154;251;179;land;false;plains;7
4126;227;96;213;land;false;plains;7
4127;245;249;166;land;false;plains;5
4128;47;203;236;land;false;plains;7
4129;254;232;147;land;false;plains;7
4130;59;223;117;land;false;plains;5
4131;116;111;245;land;false;plains;7
4132;22;53;235;land;false;plains;7
4133;70;42;222;land;false;hills;5
4134;254;242;207;land;false;marsh;5
4135;39;228;72;land;false;plains;7
4136;200;222;54;land;true;plains;7
4137;251;201;253;land;false;plains;7
4138;72;244;132;land;false;forest;7
4139;251;255;223;land;false;hills;5
4140;240;255;210;land;false;plains;7
4141;218;254;245;land;false;plains;7
4142;251;246;192;land;false;plains;7
4143;229;140;247;land;false;mountain;5
4144;246;246;148;land;false;plains;7
4145;74;200;242;land;false;plains;7
4146;242;229;255;land;false;plains;7
4147;254;133;235;land;false;contaminated;2
4148;252;196;166;land;false;plains;5
4149;224;38;190;land;false;plains;7
4150;35;52;228;land;false;hills;7
4151;112;57;210;land;true;plains;7
4152;139;248;133;land;false;plains;7
4153;251;98;137;land;false;hills;7
4154;73;210;90;land;false;plains;7
4155;138;236;68;land;true;forest;7
4156;253;168;176;land;false;desert;5
4157;253;160;157;land;true;marsh;7
4158;249;42;155;land;false;plains;7
4159;42;245;63;land;false;plains;7
4160;235;254;216;land;false;desert;3
4161;62;199;96;land;false;plains;7
4162;183;252;186;land;false;mountain;7
4163;181;234;254;land;false;plains;7
4164;254;247;255;land;false;plains;7
4165;66;198;150;land;true;plains;7
4166;170;90;215;land;false;plains;5
4167;249;179;244;land;true;forest;7
4168;254;243;207;land;false;plains;7
4169;232;241;255;land;false;mountain;7
4170;243;139;237;land;true;forest;7
4171;249;219;178;land;false;plains;7
4172;254;220;183;land;false;plains;7
4173;247;162;204;land;false;plains;7
4174;255;235;248;land;false;plains;7
4175;190;251;217;land;false;desert;1
4176;225;231;103;land;true;plains;7
4177;154;247;190;land;false;forest;6
4178;62;81;215;land;false;hills;5
4179;181;242;89;land;true;desert;1
4180;209;59;68;land;false;forest;7
4181;175;249;188;land;false;plains;7
4182;247;238;77;land;false;plains;3
4183;242;233;255;land;true;plains;7
4184;216;78;198;land;true;plains;7
4185;120;42;249;land;false;plains;5
4186;195;246;42;land;false;desert;3
4187;97;203;234;land;false;plains;7
4188;77;83;247;land;false;plains;7
4189;214;64;112;land;false;marsh;7
4190;108;243;70;land;false;desert;3
4191;255;238;241;land;true;plains;7
4192;140;217;244;land;false;plains;7
4193;24;252;207;land;true;plains;7
4194;216;218;255;land;true;plains;7
4195;249;216;255;land;false;plains;7
4196;54;139;225;land;true;plains;7
4197;207;174;249;land;false;forest;5
4198;206;187;254;land;false;mountain;3
4199;81;249;128;land;false;plains;7
4200;141;247;204;land;true;plains;7
4201;57;43;232;land;false;plains;7
4202;115;251;105;land;false;plains;7
4203;52;93;204;land;false;plains;7
4204;240;149;49;land;false;hills;7
4205;254;215;231;land;true;plains;7
4206;242;83;92;land;false;plains;7
4207;162;158;254;land;false;desert;3
4208;227;133;246;land;false;plains;7
4209;225;187;47;land;false;forest;7
4210;246;254;196;land;false;plains;5
4211;242;229;254;land;true;plains;7
4212;100;88;219;land;false;plains;5
4213;224;68;156;land;true;forest;7
4214;247;118;248;land;false;hills;1
4215;251;190;242;land;true;plains;7
4216;194;102;62;land;false;plains;7
4217;230;255;224;land;false;plains;6
4218;252;25;74;land;true;desert;6
4219;254;208;191;land;true;plains;7
4220;100;204;66;land;false;marsh;1
4221;120;252;105;land;false;plains;2
4222;31;233;60;land;true;plains;7
4223;153;244;242;land;false;plains;7
4224;253;150;238;land;false;forest;5
4225;150;246;222;land;false;forest;7
4226;141;253;26;land;false;plains;7
4227;253;159;222;land;false;plains;7
4228;232;255;237;land;false;plains;7
4229;173;168;250;land;false;plains;7
4230;209;161;246;land;true;forest;7
4231;224;253;179;land;false;plains;7
4232;150;156;243;land;false;plains;7
4233;235;121;163;land;true;plains;7
4234;244;234;143;land;false;plains;7
4235;76;158;214;land;false;forest;7
4236;230;209;253;land;false;plains;7
4237;177;75;222;land;false;mountain;1
4238;252;233;152;land;true;plains;7
4239;50;110;236;land;false;plains;7
4240;221;204;253;land;true;plains;7
4241;211;253;127;land;true;plains;7
4242;211;253;232;land;true;plains;7
4243;125;242;242;land;false;plains;7
4244;244;94;149;land;false;plains;7
4245;117;156;246;land;false;plains;7
4246;164;254;233;land;false;plains;7
4247;218;210;61;land;false;desert;3
4248;145;251;136;land;false;plains;7
4249;122;226;232;land;false;plains;7
4250;149;252;173;land;false;plains;7
4251;148;247;205;land;true;plains;7
4252;167;253;177;land;false;plains;7
4253;225;248;94;land;true;forest;7
4254;202;251;180;land;false;plains;7
4255;103;246;52;land;false;plains;7
4256;173;251;129;land;true;plains;7
4257;245;108;200;land;false;forest;7
4258;255;255;253;land;false;plains;7
4259;237;22;131;land;false;plains;7
4260;220;197;254;land;false;plains;6
4261;186;70;227;land;false;plains;7
4262;193;144;247;land;false;hills;5
4263;247;216;146;land;true;plains;7
4264;140;129;242;land;true;plains;7
4265;146;27;233;land;false;plains;7
4266;125;205;246;land;true;forest;7
4267;204;253;4;land;false;plains;7
4268;223;216;92;land;false;plains;7
4269;243;100;128;land;false;forest;7
4270;232;243;133;land;false;plains;5
4271;247;255;253;land;false;mountain;3
4272;252;188;243;land;true;plains;7
4273;83;39;252;land;true;plains;7
4274;229;254;231;land;false;plains;3
4275;73;226;227;land;false;plains;7
4276;98;160;248;land;false;hills;7
4277;195;137;252;land;true;plains;6
4278;247;125;153;land;false;mountain;5
4279;85;237;70;land;false;forest;6
4280;231;255;253;land;false;plains;7
4281;255;242;241;land;false;plains;7
4282;242;37;248;land;false;contaminated;2
4283;252;232;160;land;false;forest;5
4284;148;249;214;land;true;plains;7
4285;244;241;59;land;true;plains;7
4286;212;64;132;land;false;plains;7
4287;75;234;95;land;false;desert;5
4288;228;143;112;land;false;plains;7
4289;215;115;51;land;false;plains;7
4290;252;194;158;land;false;hills;5
4291;237;234;255;land;false;forest;7
4292;239;235;134;land;false;plains;7
4293;176;155;252;land;false;plains;7
4294;113;233;154;land;false;hills;7
4295;213;163;253;land;false;plains;7
4296;244;150;210;land;false;plains;7
4297;223;255;236;land;false;plains;2
4298;239;210;139;land;false;plains;7
4299;255;238;236;land;false;plains;7
4300;226;59;210;land;false;contaminated;2
4301;211;76;228;land;false;desert;3
4302;83;125;210;land;false;plains;6
4303;217;254;240;land;false;plains;7
4304;253;186;168;land;false;plains;7
4305;171;254;251;land;false;hills;7
4306;233;247;141;land;false;plains;7
4307;246;212;253;land;false;mountain;7
4308;48;199;216;land;false;plains;7
4309;252;161;65;land;false;hills;7
4310;253;187;241;land;false;plains;7
4311;176;243;133;land;true;forest;3
4312;236;254;218;land;false;plains;7
4313;59;104;202;land;false;plains;7
4314;255;246;249;land;false;plains;7
4315;101;76;218;land;false;desert;3
4316;196;251;149;land;true;forest;7
4317;232;117;159;land;false;plains;7
4318;253;184;99;land;false;mountain;2
4319;203;238;255;land;true;plains;7
4320;246;248;167;land;false;plains;7
4321;238;253;169;land;false;desert;5
4322;183;254;225;land;true;marsh;7
4323;172;187;251;land;false;plains;7
4324;209;127;70;land;false;contaminated;2
4325;227;114;115;land;false;plains;7
4326;152;161;252;land;true;plains;7
4327;241;205;135;land;false;plains;7
4328;253;251;156;land;false;plains;2
4329;253;199;254;land;false;contaminated;2
4330;68;177;212;land;false;plains;7
4331;145;242;140;land;false;plains;5
4332;231;117;83;land;false;desert;3
4333;241;135;201;land;false;hills;7
4334;251;250;165;land;false;plains;6
4335;227;214;104;land;false;plains;7
4336;231;98;237;land;false;contaminated;2
4337;90;43;220;land;false;plains;7
4338;114;226;78;land;true;plains;7
4339;208;161;245;land;false;desert;1
4340;157;248;146;land;true;plains;7
4341;99;239;79;land;false;plains;7
4342;193;242;254;land;false;plains;7
4343;96;236;122;land;true;plains;7
4344;240;97;250;land;false;plains;7
4345;88;226;92;land;true;plains;7
4346;208;57;191;land;false;plains;7
4347;39;220;178;land;false;hills;2
4348;90;175;232;land;false;plains;1
4349;226;132;63;land;false;desert;3
4350;98;230;167;land;false;hills;3
4351;250;180;188;land;false;forest;7
4352;77;139;237;land;true;plains;7
4353;81;221;90;land;false;plains;7
4354;158;213;244;land;false;plains;7
4355;125;157;246;land;false;plains;7
4356;250;204;176;land;false;hills;1
4357;255;159;171;land;false;mountain;3
4358;245;225;156;land;false;hills;7
4359;91;248;90;land;false;plains;7
4360;253;198;221;land;false;desert;3
4361;254;255;224;land;false;hills;5
4362;103;246;249;land;false;plains;7
4363;164;232;254;land;true;plains;7
4364;70;232;235;land;true;plains;7
4365;183;253;224;land;true;plains;7
4366;207;252;254;land;false;plains;7
4367;133;176;251;land;false;plains;7
4368;117;202;62;land;false;plains;7
4369;249;172;143;land;false;forest;1
4370;165;218;246;land;true;desert;1
4371;216;255;251;land;false;forest;7
4372;255;242;229;land;false;plains;7
4373;254;179;220;land;false;plains;7
4374;151;247;178;land;false;hills;7
4375;127;248;160;land;false;plains;7
4376;252;246;194;land;true;desert;3
4377;236;176;249;land;false;plains;7
4378;150;234;22;land;true;forest;7
4379;57;205;83;land;false;desert;3
4380;36;129;232;land;false;desert;3
4381;215;209;91;land;false;mountain;5
4382;230;254;190;land;false;plains;7
4383;241;248;255;land;false;plains;7
4384;145;103;245;land;false;plains;7
4385;166;237;70;land;true;forest;7
4386;224;244;254;land;false;plains;7
4387;100;253;131;land;false;plains;7
4388;255;196;240;land;false;forest;7
4389;252;124;110;land;false;plains;7
4390;101;227;244;land;false;plains;7
4391;233;49;65;land;false;mountain;2
4392;107;183;245;land;false;contaminated;2
4393;152;251;196;land;false;plains;7
4394;138;254;251;land;true;plains;7
4395;41;40;223;land;false;mountain;3
4396;240;249;255;land;true;plains;5
4397;168;253;221;land;false;desert;3
4398;151;250;94;land;false;plains;7
4399;172;250;189;land;false;plains;7
4400;226;77;43;land;true;plains;7
4401;255;253;230;land;true;plains;7
4402;244;218;255;land;false;plains;7
4403;171;94;246;land;true;plains;7
4404;111;95;252;land;false;desert;5
4405;255;242;222;land;false;contaminated;2
4406;253;207;252;land;false;mountain;3
4407;216;254;217;land;false;plains;7
4408;249;255;236;land;false;plains;7
4409;240;214;53;land;false;hills;7
4410;245;117;133;land;false;plains;7
4411;130;241;135;land;false;contaminated;2
4412;87;121;254;land;false;plains;7
4413;148;244;171;land;false;plains;7
4414;237;254;211;land;false;plains;7
4415;254;210;225;land;false;forest;5
4416;140;63;218;land;true;plains;7
4417;240;239;255;land;false;plains;7
4418;223;198;255;land;false;plains;7
4419;255;251;250;land;false;plains;7
4420;253;208;233;land;false;plains;7
4421;228;227;255;land;false;hills;5
4422;253;201;181;land;true;plains;7
4423;255;220;228;land;false;hills;5
4424;139;110;236;land;false;hills;1
4425;250;115;180;land;false;forest;5
4426;249;238;180;land;false;plains;7
4427;203;190;251;land;false;plains;7
4428;188;252;11;land;false;plains;7
4429;227;254;247;land;false;forest;7
4430;250;162;255;land;false;plains;7
4431;196;179;253;land;false;plains;7
4432;50;242;207;land;false;plains;7
4433;79;134;215;land;true;plains;7
4434;242;221;255;land;true;plains;7
4435;202;116;232;land;false;plains;7
4436;236;106;218;land;false;contaminated;2
4437;172;247;149;land;false;plains;7
4438;202;99;69;land;false;contaminated;2
4439;255;255;202;land;false;plains;7
4440;143;247;172;land;true;plains;7
4441;253;184;169;land;false;plains;7
4442;130;241;117;land;false;plains;7
4443;250;179;150;land;true;urban;5
4444;255;254;226;land;false;plains;7
4445;208;254;212;land;false;plains;7
4446;248;173;255;land;false;plains;7
4447;252;44;161;land;false;desert;3
4448;134;105;225;land;false;plains;7
4449;249;193;255;land;false;hills;3
4450;246;139;153;land;false;plains;7
4451;229;233;255;land;false;hills;7
4452;247;67;183;land;false;plains;7
4453;243;61;85;land;false;forest;6
4454;252;251;255;land;false;plains;7
4455;252;158;221;land;false;hills;7
4456;255;240;255;land;true;plains;7
4457;212;161;250;land;false;desert;3
4458;99;255;134;land;false;plains;7
4459;40;205;231;land;false;forest;7
4460;253;210;253;land;true;plains;7
4461;108;221;37;land;false;plains;7
4462;82;47;223;land;true;plains;7
4463;250;200;185;land;false;forest;7
4464;255;243;232;land;false;forest;7
4465;242;117;239;land;true;desert;1
4466;181;114;248;land;false;forest;6
4467;251;161;212;land;true;desert;3
4468;244;142;255;land;false;desert;3
4469;209;205;253;land;false;plains;7
4470;249;132;168;land;false;plains;7
4471;241;198;253;land;false;plains;7
4472;146;225;244;land;false;hills;7
4473;255;48;130;land;false;plains;7
4474;213;254;185;land;false;plains;7
4475;96;235;54;land;true;plains;7
4476;249;254;105;land;true;forest;7
4477;86;118;254;land;true;plains;7
4478;105;73;254;land;false;desert;1
4479;221;120;78;land;true;plains;7
4480;80;119;211;land;false;plains;7
4481;165;162;250;land;false;desert;3
4482;234;81;224;land;false;hills;7
4483;211;255;206;land;false;plains;7
4484;222;221;254;land;true;forest;7
4485;165;215;248;land;false;hills;7
4486;245;102;242;land;false;contaminated;2
4487;186;204;251;land;false;forest;7
4488;238;128;149;land;true;plains;7
4489;254;228;196;land;false;plains;7
4490;246;226;255;land;false;contaminated;2
4491;255;232;236;land;false;hills;7
4492;250;177;204;land;false;desert;3
4493;193;50;213;land;true;plains;7
4494;203;219;88;land;false;plains;7
4495;41;115;242;land;false;desert;3
4496;248;133;143;land;false;hills;7
4497;241;148;195;land;false;plains;7
4498;217;187;83;land;false;plains;7
4499;250;177;92;land;false;plains;7
4500;128;217;239;land;false;marsh;7
4501;250;145;178;land;false;hills;5
4502;205;208;253;land;false;plains;7
4503;244;53;200;land;true;plains;6
4504;252;203;203;land;true;plains;7
4505;245;72;122;land;false;plains;7
4506;247;255;246;land;false;desert;3
4507;254;214;201;land;true;desert;3
4508;243;220;142;land;false;mountain;2
4509;165;182;253;land;false;forest;7
4510;249;193;157;land;true;forest;7
4511;197;223;51;land;false;plains;7
4512;187;180;251;land;false;plains;2
4513;246;153;150;land;false;contaminated;2
4514;208;227;253;land;false;plains;7
4515;197;164;251;land;false;plains;7
4516;254;44;134;land;false;plains;7
4517;36;237;69;land;false;plains;7
4518;60;215;76;land;true;marsh;1
4519;136;120;242;land;false;plains;7
4520;254;240;215;land;false;plains;7
4521;244;254;224;land;false;plains;7
4522;145;43;213;land;false;plains;7
4523;250;254;211;land;false;plains;5
4524;253;176;225;land;false;plains;5
4525;242;224;136;land;false;plains;7
4526;180;254;115;land;false;hills;7
4527;228;40;152;land;false;contaminated;2
4528;249;255;247;land;false;plains;5
4529;235;100;167;land;true;plains;7
4530;105;218;94;land;false;mountain;2
4531;161;251;186;land;false;forest;7
4532;232;255;215;land;false;plains;7
4533;225;103;192;land;false;contaminated;2
4534;168;51;213;land;false;plains;6
4535;220;240;254;land;false;plains;5
4536;136;164;237;land;false;plains;7
4537;255;175;232;land;false;hills;3
4538;197;239;254;land;true;desert;3
4539;249;111;98;land;false;plains;7
4540;255;245;204;land;false;plains;7
4541;200;163;250;land;false;plains;7
4542;97;225;201;land;false;plains;7
4543;246;193;168;land;false;plains;7
4544;236;238;122;land;true;plains;7
4545;211;132;77;land;false;plains;7
4546;72;215;202;land;false;plains;7
4547;235;237;137;land;false;forest;7
4548;255;214;217;land;true;plains;7
4549;248;237;149;land;false;plains;7
4550;233;181;80;land;true;plains;7
4551;66;225;211;land;true;desert;3
4552;246;119;119;land;false;plains;7
4553;255;251;249;land;false;plains;6
4554;55;218;122;land;false;plains;7
4555;235;250;122;land;false;plains;7
4556;254;218;235;land;false;plains;7
4557;237;121;167;land;false;plains;7
4558;158;246;169;land;true;plains;7
4559;221;222;254;land;false;plains;7
4560;254;213;231;land;true;plains;7
4561;112;46;249;land;false;plains;7
4562;219;191;254;land;false;plains;7
4563;164;225;87;land;false;plains;7
4564;175;249;240;land;false;plains;7
4565;250;127;166;land;false;plains;7
4566;213;254;176;land;false;contaminated;2
4567;230;226;254;land;false;hills;6
4568;233;253;145;land;false;forest;5
4569;133;185;247;land;false;hills;5
4570;208;231;253;land;false;plains;7
4571;195;124;244;land;false;marsh;5
4572;180;242;107;land;false;forest;6
4573;31;242;33;land;false;plains;7
4574;228;32;138;land;false;plains;7
4575;93;67;246;land;false;plains;7
4576;223;91;62;land;false;plains;6
4577;178;249;213;land;false;forest;7
4578;250;175;232;land;false;forest;7
4579;222;255;254;land;true;plains;7
4580;199;254;232;land;false;contaminated;2
4581;221;184;99;land;false;contaminated;2
4582;248;254;231;land;false;forest;7
4583;160;248;154;land;false;plains;7
4584;88;103;232;land;false;forest;7
4585;130;101;253;land;false;plains;7
4586;234;252;202;land;false;plains;7
4587;255;244;253;land;false;forest;7
4588;28;241;71;land;true;desert;3
4589;255;47;231;land;false;plains;7
4590;186;234;123;land;false;mountain;5
4591;228;255;245;land;false;forest;7
4592;216;254;212;land;false;plains;7
4593;145;249;247;land;true;plains;7
4594;252;199;209;land;true;forest;7
4595;246;253;212;land;false;hills;7
4596;255;254;233;land;false;plains;7
4597;168;246;176;land;false;forest;5
4598;212;81;217;land;false;contaminated;2
4599;152;88;237;land;false;plains;7
4600;19;139;240;land;false;plains;7
4601;201;157;254;land;false;hills;7
4602;254;250;224;land;false;plains;7
4603;151;238;18;land;false;plains;5
4604;225;37;95;land;false;plains;7
4605;77;237;188;land;false;forest;7
4606;176;252;175;land;true;plains;7
4607;128;250;65;land;false;plains;7
4608;203;75;117;land;true;marsh;1
4609;203;217;253;land;false;plains;7
4610;243;85;234;land;true;plains;7
4611;236;247;255;land;false;contaminated;2
4612;239;205;255;land;false;plains;7
4613;243;212;255;land;false;plains;7
4614;45;122;248;land;false;plains;7
4615;247;208;121;land;false;plains;7
4616;243;173;114;land;false;forest;5
4617;145;172;240;land;false;plains;7
4618;187;207;253;land;false;mountain;7
4619;106;229;221;land;false;plains;7
4620;248;120;123;land;false;plains;7
4621;60;129;203;land;true;plains;7
4622;254;89;123;land;false;plains;7
4623;254;221;172;land;false;plains;7
4624;224;97;239;land;true;plains;7
4625;226;251;194;land;true;plains;7
4626;237;164;120;land;false;hills;5
4627;212;126;77;land;false;plains;7
4628;213;254;214;land;true;plains;7
4629;199;255;143;land;false;plains;7
4630;42;227;56;land;false;plains;7
4631;229;28;221;land;false;plains;7
4632;248;72;239;land;false;plains;7
4633;208;71;118;land;false;hills;7
4634;114;226;103;land;false;plains;5
4635;108;253;152;land;false;contaminated;2
4636;241;147;203;land;true;plains;7
4637;214;255;243;land;true;plains;7
4638;21;247;11;land;false;mountain;7
4639;230;211;255;land;false;plains;7
4640;206;230;91;land;false;desert;3
4641;254;217;212;land;true;plains;7
4642;207;36;234;land;false;forest;7
4643;253;166;171;land;false;plains;7
4644;221;67;247;land;true;plains;7
4645;234;255;224;land;false;plains;7
4646;128;110;242;land;false;forest;6
4647;98;163;224;land;false;plains;6
4648;230;87;72;land;true;forest;7
4649;136;195;249;land;false;plains;7
4650;168;230;86;land;false;hills;7
4651;212;79;162;land;false;plains;7
4652;211;253;207;land;false;hills;3
4653;251;215;152;land;false;plains;7
4654;234;166;121;land;false;plains;7
4655;204;224;36;land;false;plains;7
4656;239;235;113;land;false;plains;7
4657;246;85;108;land;false;forest;7
4658;144;37;241;land;false;plains;7
4659;135;82;220;land;false;forest;5
4660;194;221;253;land;false;plains;7
4661;117;241;166;land;false;plains;7
4662;253;233;208;land;false;plains;7
4663;252;245;159;land;false;mountain;7
4664;140;185;249;land;false;plains;7
4665;239;229;254;land;false;plains;7
4666;96;181;240;land;false;plains;7
4667;210;247;122;land;false;forest;7
4668;254;164;171;land;false;plains;7
4669;233;219;121;land;false;plains;7
4670;70;241;131;land;true;plains;7
4671;156;107;242;land;false;hills;5
4672;50;213;81;land;false;plains;7
4673;249;252;255;land;false;desert;3
4674;236;154;255;land;false;desert;1
4675;57;252;165;land;false;plains;7
4676;255;237;241;land;false;forest;7
4677;255;254;189;land;false;forest;5
4678;186;249;173;land;false;hills;3
4679;240;240;138;land;false;plains;7
4680;129;252;27;land;true;plains;7
4681;26;20;251;land;false;plains;7
4682;248;119;156;land;false;plains;7
4683;248;255;244;land;false;plains;7
4684;153;204;255;land;false;plains;7
4685;201;72;104;land;false;plains;7
4686;105;234;149;land;true;plains;7
4687;212;254;232;land;true;marsh;1
4688;244;255;250;land;true;forest;7
4689;78;191;239;land;false;plains;7
4690;192;254;224;land;true;plains;7
4691;95;252;221;land;false;forest;7
4692;28;87;253;land;false;hills;7
4693;56;234;73;land;false;desert;3
4694;159;244;233;land;false;plains;7
4695;250;81;107;land;false;plains;7
4696;247;159;166;land;false;plains;7
4697;177;93;242;land;false;forest;7
4698;221;248;255;land;true;plains;7
4699;187;254;205;land;false;hills;1
4700;216;100;57;land;false;plains;7
4701;135;244;128;land;false;plains;7
4702;243;124;114;land;false;plains;7
4703;255;255;255;land;false;plains;7
4704;198;243;254;land;false;plains;7
4705;172;98;249;land;true;forest;7
4706;124;81;250;land;false;forest;5
4707;96;232;179;land;false;contaminated;2
4708;121;234;238;land;false;desert;1
4709;248;255;209;land;false;plains;7
4710;223;92;161;land;false;forest;7
4711;246;229;164;land;false;plains;7
4712;241;95;120;land;true;forest;1
4713;150;246;48;land;false;contaminated;2
4714;204;255;234;land;false;plains;7
4715;254;230;202;land;false;hills;7
4716;156;209;76;land;false;hills;7
4717;107;200;69;land;false;desert;1
4718;228;222;254;land;false;plains;7
4719;149;159;242;land;true;plains;7
4720;225;222;62;land;false;plains;7
4721;250;174;77;land;false;plains;7
4722;253;75;58;land;false;forest;7
4723;241;150;130;land;false;forest;1
4724;80;152;213;land;true;plains;7
4725;96;245;164;land;false;plains;7
4726;221;191;253;land;false;hills;7
4727;181;93;237;land;false;plains;7
4728;135;36;224;land;false;plains;7
4729;242;244;255;land;false;plains;7
4730;150;243;167;land;true;plains;7
4731;244;215;81;land;false;plains;7
4732;239;126;187;land;true;forest;7
4733;229;18;252;land;false;hills;7
4734;248;216;174;land;false;plains;7
4735;98;241;139;land;false;forest;7
4736;229;206;253;land;false;plains;7
4737;246;255;234;land;true;plains;7
4738;204;254;234;land;true;forest;7
4739;251;255;226;land;true;plains;6
4740;40;220;132;land;true;desert;6
4741;251;195;114;land;false;forest;7
4742;231;255;203;land;true;plains;7
4743;253;217;203;land;false;plains;7
4744;251;203;255;land;false;plains;1
4745;51;250;159;land;false;plains;7
4746;244;68;183;land;false;plains;7
4747;168;204;249;land;false;plains;7
4748;190;253;139;land;false;forest;7
4749;255;245;244;land;false;contaminated;2
4750;209;239;255;land;false;plains;7
4751;205;255;230;land;true;plains;7
4752;254;249;255;land;true;forest;7
4753;89;213;93;land;false;plains;7
4754;190;251;190;land;false;plains;7
4755;146;246;225;land;false;plains;7
4756;239;140;127;land;false;plains;7
4757;245;205;75;land;false;desert;3
4758;250;129;172;land;false;plains;7
4759;241;77;75;land;false;desert;3
4760;235;247;119;land;false;forest;7
4761;234;101;124;land;false;plains;7
4762;245;251;23;land;true;plains;7
4763;248;119;113;land;true;marsh;1
4764;135;244;175;land;false;forest;7
4765;241;91;129;land;true;plains;7
4766;248;156;237;land;true;plains;7
4767;201;79;242;land;false;contaminated;2
4768;113;170;232;land;true;plains;7
4769;254;93;160;land;false;mountain;2
4770;60;244;182;land;false;plains;7
4771;122;128;237;land;false;forest;5
4772;153;212;246;land;false;plains;7
4773;74;242;192;land;false;plains;7
4774;252;197;198;land;false;plains;7
4775;131;245;110;land;true;plains;7
4776;252;236;201;land;false;plains;7
4777;107;233;149;land;false;plains;7
4778;251;227;105;land;false;plains;7
4779;252;209;163;land;false;hills;7
4780;254;221;198;land;false;plains;7
4781;196;228;255;land;false;marsh;5
4782;244;116;108;land;false;desert;3
4783;254;190;194;land;true;forest;7
4784;225;226;102;land;true;plains;7
4785;255;70;141;land;false;plains;2
4786;190;251;105;land;false;plains;7
4787;254;220;242;land;true;plains;7
4788;250;249;255;land;false;hills;7
4789;27;241;82;land;false;plains;7
4790;255;229;252;land;false;plains;7
4791;199;247;255;land;true;plains;7
4792;252;23;68;land;false;mountain;3
4793;247;238;255;land;true;marsh;7
4794;219;73;233;land;false;plains;7
4795;160;245;116;land;false;mountain;5
4796;189;254;196;land;false;plains;7
4797;191;137;252;land;false;plains;7
4798;44;233;122;land;false;marsh;5
4799;243;144;183;land;false;plains;7
4800;250;250;165;land;false;plains;7
4801;76;226;112;land;false;plains;7
4802;94;246;132;land;false;mountain;5
4803;135;151;240;land;true;plains;7
4804;170;253;252;land;false;desert;3
4805;251;127;225;land;false;plains;7
4806;235;101;46;land;false;plains;7
4807;126;245;13;land;false;plains;7
4808;162;100;229;land;true;plains;7
4809;245;152;131;land;true;plains;7
4810;255;253;249;land;false;plains;7
4811;210;177;254;land;false;plains;7
4812;197;248;252;land;false;plains;7
4813;155;59;248;land;true;plains;7
4814;69;209;172;land;false;plains;7
4815;240;143;161;land;false;desert;3
4816;245;250;169;land;false;plains;7
4817;81;249;153;land;false;forest;5
4818;146;240;124;land;false;plains;7
4819;254;245;210;land;false;hills;7
4820;250;169;136;land;false;forest;7
4821;243;119;165;land;false;plains;7
4822;236;248;169;land;false;plains;7
4823;234;196;113;land;false;plains;7
4824;184;164;251;land;false;plains;7
4825;255;176;251;land;false;plains;7
4826;196;254;221;land;false;plains;7
4827;210;67;251;land;true;forest;1
4828;244;253;200;land;false;plains;7
4829;239;252;158;land;false;plains;7
4830;252;52;7;land;false;plains;7
4831;122;217;73;land;false;mountain;3
4832;182;252;114;land;false;plains;7
4833;95;247;158;land;false;plains;7
4834;200;142;248;land;false;plains;7
4835;170;244;146;land;false;plains;7
4836;208;253;250;land;false;plains;7
4837;253;210;223;land;false;forest;5
4838;220;254;238;land;false;plains;7
4839;132;193;247;land;false;plains;7
4840;243;253;69;land;false;forest;7
4841;184;151;245;land;false;urban;5
4842;255;233;229;land;false;plains;7
4843;104;197;249;land;false;plains;7
4844;77;231;76;land;false;desert;1
4845;96;234;196;land;false;plains;7
4846;252;201;248;land;false;plains;7
4847;225;217;254;land;true;plains;7
4848;188;87;216;land;false;plains;7
4849;89;247;165;land;false;hills;7
4850;167;253;218;land;false;plains;7
4851;209;129;239;land;false;plains;7
4852;238;136;164;land;false;plains;7
4853;217;83;44;land;false;forest;7
4854;10;250;102;land;false;plains;7
4855;222;202;254;land;false;plains;7
4856;240;135;127;land;true;plains;7
4857;57;115;211;land;false;hills;5
4858;167;197;249;land;false;plains;5
4859;156;129;243;land;false;mountain;5
4860;240;106;251;land;false;plains;7
4861;232;247;136;land;false;contaminated;2
4862;234;254;178;land;false;plains;7
4863;247;255;240;land;false;desert;3
4864;247;168;164;land;true;plains;7
4865;253;212;174;land;false;plains;7
4866;150;179;250;land;true;plains;7
4867;118;165;253;land;false;forest;7
4868;164;250;222;land;false;mountain;5
4869;222;102;97;land;false;plains;7
4870;235;250;163;land;false;mountain;2
4871;225;254;219;land;false;contaminated;2
4872;253;182;210;land;true;plains;7
4873;60;152;239;land;false;plains;7
4874;56;242;16;land;false;forest;7
4875;92;247;72;land;false;hills;7
4876;110;86;232;land;false;mountain;7
4877;108;231;103;land;false;plains;7
4878;217;160;249;land;false;forest;5
4879;254;187;188;land;false;plains;7
4880;240;135;234;land;false;urban;5
4881;250;139;58;land;false;plains;7
4882;128;155;249;land;false;forest;7
4883;251;174;191;land;false;forest;3
4884;233;213;88;land;false;plains;7
4885;91;246;17;land;false;plains;7
4886;86;233;110;land;false;plains;7
4887;32;237;36;land;true;marsh;1
4888;183;133;251;land;false;plains;7
4889;177;134;251;land;false;hills;3
4890;244;205;153;land;true;plains;7
4891;105;201;239;land;false;plains;7
4892;186;45;222;land;false;hills;7
4893;254;215;214;land;false;plains;7
4894;61;49;254;land;false;plains;7
4895;230;42;106;land;false;hills;7
4896;210;147;79;land;false;plains;7
4897;253;196;218;land;false;hills;1
4898;254;174;153;land;false;contaminated;2
4899;252;240;201;land;false;contaminated;2
4900;240;193;253;land;false;contaminated;2
4901;216;255;232;land;false;plains;7
4902;172;61;245;land;true;forest;7
4903;217;144;61;land;true;forest;3
4904;245;115;89;land;true;plains;7
4905;186;253;255;land;false;contaminated;2
4906;253;223;193;land;false;plains;7
4907;82;232;191;land;false;plains;7
4908;200;255;235;land;false;plains;7
4909;79;245;76;land;false;plains;6
4910;239;232;255;land;false;plains;7
4911;166;220;49;land;false;mountain;5
4912;242;231;255;land;false;desert;5
4913;243;124;174;land;false;plains;6
4914;227;126;244;land;false;plains;7
4915;250;125;192;land;false;plains;7
4916;236;234;255;land;false;plains;7
4917;239;255;218;land;false;plains;7
4918;251;158;121;land;false;plains;7
4919;242;141;248;land;false;hills;2
4920;255;226;236;land;false;plains;7
4921;167;254;134;land;false;plains;7
4922;250;159;146;land;false;plains;7
4923;239;68;161;land;false;plains;7
4924;255;224;238;land;false;hills;5
4925;234;181;250;land;true;forest;1
4926;248;253;195;land;false;plains;7
4927;149;137;254;land;true;plains;7
4928;245;254;199;land;false;plains;7
4929;235;170;252;land;false;hills;7
4930;157;203;248;land;true;forest;7
4931;128;253;246;land;false;mountain;5
4932;79;110;239;land;false;hills;5
4933;251;238;52;land;true;plains;7
4934;249;249;255;land;true;plains;7
4935;228;252;172;land;false;plains;6
4936;203;141;253;land;false;plains;7
4937;242;109;243;land;false;desert;3
4938;153;246;216;land;false;plains;7
4939;190;40;226;land;false;mountain;2
4940;252;230;202;land;false;plains;7
4941;249;33;228;land;true;forest;7
4942;223;190;252;land;true;forest;7
4943;253;206;231;land;true;plains;7
4944;251;236;189;land;false;mountain;2
4945;218;92;242;land;false;contaminated;2
4946;149;253;247;land;false;plains;7
4947;199;253;202;land;false;plains;7
4948;249;166;162;land;false;plains;7
4949;249;33;240;land;false;mountain;3
4950;177;249;171;land;false;plains;7
4951;75;206;123;land;true;plains;7
4952;247;120;107;land;false;plains;5
4953;189;236;133;land;false;plains;7
4954;222;198;252;land;false;plains;7
4955;250;240;126;land;false;mountain;7
4956;242;68;94;land;false;hills;7
4957;205;146;253;land;false;forest;7
4958;193;251;214;land;false;plains;7
4959;239;121;252;land;false;desert;3
4960;40;109;243;land;false;plains;7
4961;244;247;146;land;false;plains;7
4962;234;233;30;land;true;plains;7
4963;255;253;250;land;false;plains;7
4964;145;201;240;land;false;forest;7
4965;253;128;154;land;true;forest;7
4966;247;243;255;land;false;hills;7
4967;151;215;52;land;true;plains;7
4968;136;250;123;land;false;mountain;3
4969;191;163;250;land;false;plains;7
4970;217;91;123;land;false;forest;7
4971;242;198;125;land;false;plains;7
4972;246;160;183;land;false;desert;6
4973;214;252;255;land;false;plains;7
4974;255;197;198;land;true;plains;7
4975;57;98;249;land;true;desert;3
4976;146;240;199;land;true;plains;7
4977;165;247;146;land;true;plains;7
4978;134;242;47;land;false;plains;7
4979;201;59;215;land;false;plains;7
4980;61;233;48;land;true;plains;7
4981;106;227;179;land;false;hills;3
4982;56;250;248;land;false;contaminated;2
4983;244;255;252;land;false;plains;7
4984;251;94;172;land;false;plains;7
4985;219;231;112;land;false;plains;7
4986;225;87;85;land;false;plains;7
4987;115;90;231;land;true;desert;1
4988;176;158;249;land;false;hills;5
4989;204;217;255;land;true;plains;7
4990;237;141;247;land;false;plains;7
4991;225;139;84;land;false;forest;5
4992;255;31;101;land;false;plains;7
4993;249;204;123;land;true;marsh;7
4994;253;183;169;land;false;plains;7
4995;99;252;57;land;false;plains;3
4996;164;240;247;land;false;forest;7
4997;116;111;229;land;false;plains;7
4998;245;102;170;land;false;plains;7
4999;255;224;202;land;true;plains;7
5000;246;238;255;land;false;marsh;7
5001;247;116;197;land;true;plains;7
5002;205;56;150;land;true;forest;7
5003;157;239;93;land;false;hills;7
5004;235;72;105;land;false;plains;7
5005;249;190;135;land;false;plains;7
5006;165;126;251;land;false;plains;7
5007;200;250;108;land;false;hills;7
5008;176;203;253;land;true;plains;7
5009;252;37;73;land;false;plains;7
5010;209;251;194;land;false;mountain;3
5011;250;212;186;land;true;plains;7
5012;251;223;137;land;false;plains;7
5013;207;235;104;land;true;plains;7
5014;235;159;253;land;false;mountain;2
5015;27;251;25;land;false;forest;7
5016;212;254;229;land;false;plains;6
5017;249;149;137;land;false;plains;7
5018;250;197;175;land;false;plains;5
5019;206;236;112;land;false;hills;7
5020;240;161;145;land;false;contaminated;2
5021;246;126;105;land;false;plains;7
5022;181;128;252;land;false;plains;7
5023;253;254;201;land;false;plains;7
5024;252;189;234;land;false;mountain;7
5025;128;237;217;land;false;plains;7
5026;84;223;189;land;false;plains;7
5027;247;151;195;land;false;plains;7
5028;229;245;255;land;true;forest;7
5029;182;195;255;land;false;contaminated;2
5030;99;113;249;land;false;plains;7
5031;236;241;255;land;false;plains;7
5032;206;119;234;land;false;contaminated;2
5033;248;144;78;land;false;plains;7
5034;255;246;233;land;false;forest;7
5035;250;132;211;land;false;plains;7
5036;179;188;252;land;false;plains;7
5037;102;154;253;land;false;plains;7
5038;51;153;230;land;false;forest;7
5039;183;114;240;land;false;hills;3
5040;255;28;181;land;false;plains;7
5041;145;243;116;land;false;plains;7
5042;159;82;222;land;false;hills;3
5043;153;213;250;land;true;plains;7
5044;255;245;240;land;false;contaminated;2
5045;119;107;233;land;false;plains;7
5046;47;189;251;land;false;hills;1
5047;166;207;64;land;true;plains;7
5048;255;208;212;land;false;hills;3
5049;201;238;254;land;false;plains;7
5050;248;255;254;land;false;plains;7
5051;254;255;251;land;false;desert;3
5052;64;213;154;land;false;desert;3
5053;213;253;214;land;true;forest;7
5054;136;240;217;land;false;desert;3
5055;185;80;248;land;true;plains;6
5056;232;44;88;land;false;plains;7
5057;182;180;254;land;false;plains;7
5058;106;242;105;land;false;plains;7
5059;247;170;144;land;true;desert;1
5060;241;208;253;land;false;plains;7
5061;86;239;162;land;false;desert;3
5062;60;73;222;land;false;plains;7
5063;207;229;85;land;false;plains;7
5064;248;254;175;land;false;plains;7
5065;30;249;100;land;false;forest;5
5066;233;254;201;land;false;plains;7
5067;104;166;228;land;false;plains;7
5068;254;172;196;land;false;plains;7
5069;88;218;143;land;false;plains;7
5070;68;134;232;land;false;plains;7
5071;185;141;246;land;false;plains;7
5072;217;238;54;land;true;plains;7
5073;121;252;194;land;false;plains;7
5074;254;212;211;land;false;plains;7
5075;239;45;252;land;false;plains;5
5076;106;141;236;land;false;marsh;5
5077;254;208;223;land;true;plains;7
5078;247;213;254;land;false;plains;7
5079;200;99;236;land;false;plains;7
5080;224;34;94;land;false;forest;5
5081;150;199;246;land;false;plains;7
5082;252;202;206;land;false;plains;7
5083;247;254;201;land;false;desert;3
5084;155;254;242;land;false;plains;7
5085;254;240;174;land;false;contaminated;2
5086;236;194;84;land;false;desert;3
5087;255;251;242;land;false;plains;7
5088;253;255;250;land;false;plains;7
5089;251;81;72;land;false;plains;7
5090;126;44;249;land;false;mountain;5
5091;208;106;231;land;true;plains;7
5092;234;117;117;land;false;hills;3
5093;243;125;176;land;false;mountain;7
5094;72;226;228;land;false;plains;7
5095;254;175;223;land;false;hills;7
5096;249;135;212;land;false;plains;7
5097;226;36;106;land;false;plains;7
5098;255;235;245;land;false;plains;7
5099;221;215;254;land;true;plains;7
5100;68;234;228;land;true;forest;3
5101;226;254;221;land;false;plains;7
5102;151;244;207;land;false;plains;7
5103;223;254;231;land;false;plains;7
5104;237;189;99;land;true;marsh;7
5105;159;251;181;land;false;contaminated;2
5106;255;235;253;land;false;plains;7
5107;114;251;114;land;false;plains;7
5108;202;253;203;land;false;plains;7
5109;254;245;214;land;false;plains;7
5110;237;203;253;land;false;hills;7
5111;32;111;245;land;false;marsh;1
5112;112;194;235;land;false;contaminated;2
5113;52;250;123;land;false;plains;7
5114;97;219;84;land;false;plains;7
5115;243;110;215;land;false;plains;7
5116;252;148;164;land;false;plains;7
5117;124;217;237;land;false;plains;7
5118;56;111;226;land;false;plains;7
5119;177;140;244;land;false;contaminated;2
5120;190;123;234;land;false;plains;7
5121;209;105;229;land;false;plains;7
5122;72;248;126;land;false;plains;7
5123;129;81;247;land;false;desert;3
5124;115;250;199;land;true;plains;7
5125;74;209;125;land;false;desert;3
5126;233;48;222;land;false;plains;7
5127;140;159;253;land;false;plains;7
5128;59;244;30;land;false;mountain;7
5129;237;171;134;land;true;plains;7
5130;219;238;254;land;false;plains;7
5131;136;122;234;land;false;plains;7
5132;251;90;91;land;false;plains;7
5133;226;51;129;land;false;plains;7
5134;254;217;244;land;false;plains;7
5135;231;234;254;land;true;forest;5
5136;227;222;54;land;false;plains;5
5137;163;246;218;land;false;plains;7
5138;136;246;242;land;false;hills;7
5139;250;230;255;land;true;plains;7
5140;244;144;168;land;false;plains;7
5141;163;189;253;land;false;plains;7
5142;62;197;109;land;false;plains;7
5143;152;251;170;land;false;plains;7
5144;235;86;186;land;false;plains;7
5145;245;152;163;land;false;plains;7
5146;246;181;29;land;false;plains;6
5147;200;242;114;land;true;plains;7
5148;110;232;111;land;true;plains;7
5149;221;159;253;land;false;plains;7
5150;209;249;102;land;false;forest;7
5151;82;218;185;land;false;plains;7
5152;185;200;254;land;false;plains;7
5153;212;171;251;land;false;plains;5
5154;45;233;246;land;false;plains;5
5155;206;249;255;land;false;plains;7
5156;118;215;236;land;false;desert;3
5157;180;156;250;land;false;hills;1
5158;115;231;222;land;true;plains;7
5159;226;88;98;land;false;desert;1
5160;254;46;119;land;true;plains;7
5161;58;161;200;land;false;urban;2
5162;84;227;193;land;true;desert;6
5163;215;183;252;land;false;plains;6
5164;203;146;53;land;false;plains;7
5165;238;181;131;land;false;contaminated;2
5166;252;249;255;land;false;plains;7
5167;252;188;209;land;false;plains;7
5168;211;206;254;land;false;plains;7
5169;255;239;254;land;false;plains;7
5170;226;214;254;land;false;forest;5
5171;240;150;128;land;false;plains;7
5172;216;255;187;land;false;hills;7
5173;85;250;206;land;false;plains;2
5174;230;223;255;land;false;plains;7
5175;253;241;255;land;false;plains;7
5176;160;218;246;land;false;plains;7
5177;250;233;163;land;false;plains;7
5178;89;254;118;land;true;plains;7
5179;236;254;222;land;false;plains;7
5180;253;214;211;land;false;mountain;5
5181;207;194;253;land;false;plains;7
5182;255;247;254;land;false;contaminated;2
5183;107;250;132;land;false;forest;7
5184;207;254;208;land;false;plains;7
5185;255;226;178;land;false;contaminated;2
5186;252;110;191;land;false;plains;7
5187;196;167;255;land;false;plains;6
5188;253;244;255;land;false;plains;7
5189;199;252;239;land;false;plains;7
5190;122;137;234;land;false;plains;7
5191;137;246;10;land;true;plains;7
5192;210;54;74;land;false;plains;7
5193;154;251;194;land;false;forest;5
5194;179;251;154;land;false;contaminated;2
5195;222;153;254;land;false;contaminated;2
5196;162;255;108;land;false;plains;7
5197;182;255;146;land;false;plains;7
5198;252;88;134;land;false;plains;7
5199;120;238;39;land;false;plains;7
5200;41;249;33;land;false;contaminated;2
5201;253;255;248;land;false;plains;7
5202;178;185;250;land;false;plains;7
5203;226;165;99;land;true;plains;6
5204;85;204;63;land;false;plains;7
5205;234;106;146;land;false;plains;7
5206;193;252;238;land;true;plains;7
5207;119;125;237;land;false;forest;5
5208;137;246;211;land;false;marsh;7
5209;83;194;253;land;true;plains;7
5210;254;80;98;land;true;contaminated;2
5211;189;200;57;land;true;plains;7
5212;236;245;255;land;false;plains;7
5213;162;161;248;land;false;plains;7
5214;181;225;41;land;true;plains;7
5215;182;246;108;land;false;contaminated;2
5216;243;255;229;land;false;plains;7
5217;158;182;253;land;false;plains;7
5218;255;196;200;land;true;plains;7
5219;248;174;184;land;true;plains;7
5220;98;255;193;land;false;mountain;3
5221;27;232;235;land;false;plains;7
5222;13;248;138;land;false;plains;7
5223;179;250;138;land;false;mountain;7
5224;89;221;214;land;false;forest;7
5225;247;172;220;land;false;plains;5
5226;254;224;216;land;true;plains;7
5227;238;255;228;land;false;plains;6
5228;255;216;212;land;false;contaminated;2
5229;42;252;29;land;false;plains;7
5230;237;157;45;land;false;plains;7
5231;244;196;252;land;true;plains;7
5232;67;196;222;land;false;plains;7
5233;126;234;95;land;false;plains;7
5234;242;124;234;land;false;plains;7
5235;255;252;253;land;false;plains;7
5236;83;62;250;land;false;forest;7
5237;92;75;224;land;false;plains;7
5238;190;180;249;land;false;plains;7
5239;242;211;255;land;false;plains;7
5240;206;204;254;land;true;plains;7
5241;180;150;246;land;false;contaminated;2
5242;221;210;255;land;false;plains;7
5243;251;148;225;land;false;plains;7
5244;248;255;240;land;false;plains;7
5245;248;147;187;land;true;plains;5
5246;158;108;241;land;true;plains;7
5247;246;182;160;land;false;forest;5
5248;153;232;88;land;false;plains;5
5249;249;162;217;land;false;mountain;1
5250;238;242;255;land;false;plains;7
5251;203;233;254;land;false;plains;7
5252;255;241;237;land;false;hills;7
5253;253;248;179;land;false;forest;7
5254;254;207;214;land;false;plains;7
5255;93;51;221;land;false;plains;7
5256;153;232;78;land;false;plains;7
5257;254;193;214;land;false;contaminated;2
5258;255;244;194;land;true;plains;7
5259;144;232;86;land;false;plains;7
5260;98;217;246;land;false;desert;1
5261;175;225;67;land;false;mountain;3
5262;246;163;187;land;false;mountain;3
5263;243;126;190;land;false;plains;7
5264;114;67;221;land;false;plains;7
5265;239;163;96;land;false;plains;7
5266;201;205;252;land;false;plains;7
5267;113;163;237;land;false;plains;7
5268;234;253;204;land;false;plains;7
5269;30;45;233;land;false;plains;7
5270;96;235;65;land;false;plains;7
5271;92;221;78;land;false;plains;7
5272;239;254;167;land;false;plains;7
5273;161;238;133;land;false;plains;6
5274;185;137;241;land;true;plains;7
5275;254;178;130;land;false;plains;7
5276;246;150;248;land;true;forest;7
5277;53;62;229;land;false;hills;7
5278;189;109;250;land;false;plains;7
5279;246;254;218;land;false;plains;7
5280;206;249;149;land;false;forest;7
5281;255;176;197;land;true;plains;7
5282;129;110;244;land;false;plains;5
5283;163;247;247;land;false;forest;7
5284;111;232;23;land;true;plains;7
5285;255;254;250;land;false;plains;7
5286;213;117;233;land;true;plains;7
5287;244;144;136;land;false;plains;7
5288;245;79;187;land;false;desert;3
5289;175;223;33;land;false;plains;7
5290;85;247;111;land;true;plains;7
5291;155;247;153;land;false;plains;1
5292;255;252;231;land;false;plains;7
5293;238;105;61;land;false;desert;3
5294;185;253;120;land;false;contaminated;2
5295;228;140;240;land;false;plains;7
5296;194;219;253;land;true;plains;7
5297;50;242;169;land;false;hills;7
5298;167;216;251;land;false;hills;7
5299;130;252;142;land;false;forest;7
5300;143;155;250;land;false;plains;7
5301;247;90;198;land;false;plains;3
5302;199;68;123;land;false;plains;7
5303;225;200;97;land;false;plains;7
5304;254;250;218;land;true;plains;7
5305;245;75;189;land;false;desert;3
5306;245;123;227;land;true;plains;7
5307;252;173;217;land;false;forest;5
5308;244;255;203;land;false;forest;5
5309;143;251;180;land;false;forest;5
5310;175;207;254;land;false;plains;7
5311;108;233;206;land;false;plains;7
5312;88;242;240;land;false;plains;7
5313;202;241;141;land;false;plains;7
5314;109;237;74;land;false;marsh;5
5315;247;201;119;land;false;plains;7
5316;109;230;128;land;false;plains;7
5317;253;202;220;land;false;plains;7
5318;141;250;207;land;false;plains;7
5319;252;134;184;land;false;plains;7
5320;95;95;253;land;true;plains;7
5321;88;221;153;land;false;plains;7
5322;252;164;212;land;true;plains;7
5323;203;231;78;land;false;plains;7
5324;72;251;66;land;false;plains;7
5325;215;255;219;land;false;forest;7
5326;252;251;187;land;false;plains;7
5327;106;77;222;land;false;hills;7
5328;193;250;176;land;true;forest;7
5329;252;141;81;land;false;plains;7
5330;239;141;164;land;true;plains;7
5331;221;254;255;land;false;plains;7
5332;161;245;245;land;false;plains;7
5333;240;216;254;land;false;plains;7
5334;71;227;188;land;false;plains;7
5335;255;155;42;land;false;contaminated;2
5336;125;251;183;land;false;plains;7
5337;66;243;161;land;false;forest;5
5338;235;69;244;land;false;plains;7
5339;237;135;179;land;false;plains;7
5340;232;197;81;land;false;hills;7
5341;245;249;162;land;false;desert;3
5342;254;217;242;land;false;plains;7
5343;120;234;163;land;true;plains;7
5344;254;255;246;land;false;contaminated;2
5345;190;254;131;land;false;plains;7
5346;251;159;184;land;false;plains;7
5347;210;134;72;land;true;plains;7
5348;182;245;119;land;false;mountain;3
5349;48;230;180;land;false;plains;7
5350;221;248;254;land;false;desert;3
5351;95;162;254;land;false;plains;7
5352;29;255;20;land;false;plains;7
5353;156;251;26;land;false;plains;7
5354;251;247;182;land;false;plains;7
5355;72;100;232;land;false;desert;3
5356;156;252;181;land;false;plains;7
5357;240;253;185;land;true;plains;7
5358;140;120;250;land;false;hills;5
5359;247;242;255;land;false;forest;7
5360;202;116;229;land;true;hills;5
5361;237;216;254;land;false;plains;7
5362;203;237;253;land;false;hills;3
5363;227;216;254;land;false;plains;7
5364;162;248;209;land;false;hills;4
5365;252;197;190;land;false;plains;7
5366;255;237;236;land;false;forest;7
5367;109;229;195;land;false;plains;7
5368;254;210;201;land;false;forest;7
5369;191;177;254;land;true;marsh;7
5370;191;152;243;land;false;plains;7
5371;187;251;187;land;false;plains;5
5372;242;133;150;land;false;plains;7
5373;248;248;255;land;true;desert;6
5374;251;255;243;land;false;forest;7
5375;92;244;228;land;false;plains;7
5376;254;202;228;land;false;plains;5
5377;252;201;245;land;false;plains;7
5378;202;166;252;land;true;plains;7
5379;179;224;253;land;true;plains;7
5380;240;78;245;land;false;plains;5
5381;75;205;247;land;false;plains;7
5382;132;185;236;land;false;plains;7
5383;253;94;222;land;false;contaminated;2
5384;249;172;158;land;false;plains;7
5385;249;58;139;land;false;plains;7
5386;255;228;229;land;false;plains;7
5387;44;221;134;land;false;forest;7
5388;153;89;252;land;true;hills;1
5389;210;75;226;land;false;plains;7
5390;251;241;30;land;false;plains;7
5391;229;251;83;land;false;forest;7
5392;248;240;152;land;true;plains;7
5393;255;236;242;land;false;plains;7
5394;251;153;65;land;false;hills;7
5395;227;135;237;land;true;plains;7
5396;245;151;222;land;false;forest;7
5397;243;32;195;land;false;plains;7
5398;231;255;243;land;false;plains;2
5399;223;149;247;land;false;plains;7
5400;188;224;254;land;false;forest;7
5401;127;244;23;land;false;plains;7
5402;240;152;143;land;false;forest;5
5403;178;242;78;land;false;forest;7
5404;98;232;161;land;true;plains;7
5405;110;73;204;land;false;hills;5
5406;152;246;205;land;false;hills;7
5407;251;141;233;land;false;mountain;2
5408;169;48;226;land;false;desert;5
5409;215;255;234;land;false;hills;5
5410;150;243;196;land;true;plains;7
5411;234;250;168;land;false;contaminated;2
5412;253;175;196;land;false;plains;7
5413;191;253;223;land;false;plains;7
5414;255;249;238;land;false;plains;7
5415;123;144;233;land;false;plains;7
5416;247;244;255;land;false;plains;7
5417;255;242;252;land;true;plains;7
5418;197;236;42;land;false;contaminated;2
5419;255;218;223;land;false;mountain;7
5420;251;131;247;land;false;plains;7
5421;231;235;119;land;false;plains;1
5422;100;56;227;land;false;plains;7
5423;90;247;124;land;false;plains;7
5424;203;255;191;land;false;plains;7
5425;95;224;216;land;false;plains;7
5426;238;206;254;land;false;plains;7
5427;107;158;229;land;false;plains;7
5428;110;138;239;land;false;plains;7
5429;221;255;134;land;true;plains;7
5430;252;9;141;land;false;plains;7
5431;255;183;190;land;true;plains;7
5432;242;188;255;land;false;contaminated;2
5433;186;248;252;land;true;forest;3
5434;43;249;239;land;false;plains;7
5435;211;253;233;land;false;plains;7
5436;63;228;88;land;false;plains;7
5437;243;169;154;land;false;plains;7
5438;61;60;222;land;true;marsh;7
5439;227;253;123;land;false;plains;7
5440;247;212;144;land;false;hills;3
5441;216;203;252;land;false;plains;7
5442;244;51;82;land;false;plains;7
5443;64;43;224;land;false;forest;7
5444;60;93;248;land;false;urban;5
5445;255;216;183;land;true;forest;7
5446;92;130;216;land;true;plains;7
5447;160;252;183;land;false;contaminated;2
5448;168;238;125;land;true;plains;6
5449;83;215;141;land;false;plains;7
5450;239;69;67;land;false;plains;7
5451;251;198;56;land;false;hills;3
5452;220;255;238;land;false;plains;7
5453;120;222;100;land;true;plains;7
5454;251;236;149;land;false;plains;7
5455;255;252;234;land;false;plains;7
5456;93;186;247;land;false;plains;7
5457;195;75;227;land;false;plains;7
5458;135;127;246;land;false;desert;3
5459;181;213;58;land;false;plains;7
5460;248;153;225;land;false;plains;7
5461;116;255;223;land;false;plains;7
5462;223;46;162;land;true;plains;7
5463;225;253;153;land;true;forest;7
5464;75;241;94;land;false;plains;7
5465;188;245;160;land;false;plains;7
5466;253;228;166;land;false;plains;7
5467;151;99;236;land;false;hills;7
5468;218;239;254;land;false;hills;7
5469;85;214;92;land;false;forest;5
5470;172;180;253;land;false;plains;7
5471;230;70;150;land;true;forest;7
5472;170;68;209;land;false;hills;7
5473;223;84;127;land;false;desert;3
5474;160;212;80;land;false;plains;7
5475;254;216;228;land;false;hills;7
5476;229;254;216;land;false;forest;7
5477;244;54;53;land;true;plains;7
5478;123;239;212;land;false;marsh;7
5479;18;94;250;land;true;plains;7
5480;250;143;192;land;true;plains;7
5481;193;247;150;land;false;plains;7
5482;238;226;254;land;true;plains;5
5483;83;246;230;land;true;desert;3
5484;233;114;184;land;false;plains;7
5485;139;245;137;land;true;plains;7
5486;220;249;255;land;false;plains;7
5487;252;147;167;land;false;plains;7
5488;252;211;197;land;false;plains;7
5489;153;72;236;land;false;hills;7
5490;226;255;229;land;false;plains;7
5491;253;30;186;land;false;plains;7
5492;189;174;249;land;false;plains;7
5493;226;218;254;land;false;forest;7
5494;214;230;255;land;false;forest;7
5495;131;237;241;land;false;plains;7
5496;255;227;214;land;false;plains;7
5497;59;7;249;land;true;forest;3
5498;103;230;138;land;true;forest;7
5499;249;134;155;land;false;plains;7
5500;253;130;217;land;false;plains;5
5501;255;249;255;land;false;plains;7
5502;151;250;221;land;true;plains;7
5503;93;230;197;land;false;plains;7
5504;143;196;240;land;false;contaminated;2
5505;245;135;171;land;true;desert;3
5506;82;92;214;land;false;plains;7
5507;224;84;98;land;false;contaminated;2
5508;231;153;102;land;true;plains;5
5509;245;115;170;land;false;hills;7
5510;231;187;106;land;false;forest;5
5511;84;222;107;land;true;plains;7
5512;245;68;89;land;false;plains;7
5513;244;204;253;land;true;plains;7
5514;245;248;166;land;false;forest;7
5515;228;237;74;land;false;forest;7
5516;238;254;211;land;false;plains;7
5517;254;236;228;land;false;plains;7
5518;254;184;197;land;false;mountain;5
5519;254;218;248;land;false;plains;7
5520;252;239;70;land;false;plains;7
5521;100;120;232;land;false;forest;6
5522;253;204;196;land;false;plains;7
5523;195;88;215;land;false;plains;7
5524;201;132;251;land;false;forest;5
5525;250;236;152;land;false;plains;6
5526;250;240;42;land;false;plains;7
5527;228;93;191;land;false;desert;3
5528;34;241;85;land;false;forest;7
5529;254;248;224;land;false;plains;7
5530;109;240;131;land;false;forest;7
5531;254;228;237;land;false;hills;7
5532;248;113;71;land;false;mountain;5
5533;242;24;38;land;false;plains;7
5534;88;239;97;land;false;contaminated;2
5535;253;92;173;land;false;plains;7
5536;227;91;70;land;false;plains;7
5537;116;247;94;land;false;hills;7
5538;240;178;104;land;false;plains;7
5539;218;254;247;land;true;plains;7
5540;93;254;183;land;false;forest;6
5541;255;247;252;land;false;contaminated;2
5542;204;254;223;land;false;plains;7
5543;250;177;117;land;false;hills;7
5544;239;238;45;land;true;plains;7
5545;156;253;238;land;false;plains;7
5546;110;151;240;land;true;plains;7
5547;178;249;196;land;false;mountain;2
5548;120;249;191;land;false;mountain;7
5549;148;137;243;land;false;plains;3
5550;231;255;229;land;false;plains;7
5551;185;251;200;land;false;plains;7
5552;252;185;192;land;false;plains;2
5553;159;185;250;land;true;desert;3
5554;195;249;178;land;false;plains;7
5555;252;160;176;land;false;desert;3
5556;142;81;236;land;false;hills;7
5557;197;233;56;land;false;plains;7
5558;242;224;254;land;false;plains;7
5559;239;42;75;land;false;forest;7
5560;131;102;247;land;true;plains;7
5561;254;255;237;land;false;plains;7
5562;250;174;234;land;false;mountain;3
5563;234;181;251;land;false;forest;7
5564;244;110;246;land;false;plains;7
5565;237;146;130;land;false;plains;7
5566;72;141;251;land;false;mountain;7
5567;213;255;207;land;true;plains;7
5568;255;253;255;land;false;forest;5
5569;255;251;254;land;false;plains;7
5570;174;239;115;land;false;plains;7
5571;255;250;232;land;false;contaminated;2
5572;255;247;244;land;false;plains;7
5573;164;251;164;land;false;plains;6
5574;240;255;247;land;false;marsh;7
5575;243;113;206;land;false;mountain;7
5576;212;228;65;land;false;plains;7
5577;225;242;111;land;true;plains;7
5578;242;97;117;land;false;plains;7
5579;135;251;174;land;false;desert;1
5580;247;199;170;land;false;plains;7
5581;227;254;212;land;false;mountain;3
5582;150;173;247;land;false;plains;7
5583;253;248;110;land;false;plains;7
5584;181;252;169;land;true;forest;7
5585;199;103;229;land;true;plains;7
5586;175;71;228;land;false;forest;6
5587;247;156;215;land;false;forest;7
5588;250;253;214;land;false;plains;7
5589;171;22;239;land;true;plains;7
5590;225;44;241;land;false;hills;3
5591;103;208;65;land;false;contaminated;2
5592;240;250;181;land;false;plains;7
5593;190;168;247;land;false;plains;7
5594;218;41;79;land;true;desert;3
5595;77;114;223;land;false;desert;3
5596;109;118;227;land;false;forest;7
5597;86;225;221;land;false;plains;7
5598;93;228;252;land;false;plains;7
5599;38;224;47;land;true;plains;7
5600;30;214;242;land;false;desert;3
5601;151;254;178;land;true;plains;7
5602;124;238;121;land;false;plains;7
5603;166;62;235;land;false;plains;7
5604;251;226;105;land;false;forest;5
5605;72;181;223;land;false;desert;3
5606;116;248;112;land;false;forest;4
5607;224;86;176;land;false;plains;5
5608;219;254;216;land;false;forest;7
5609;152;222;253;land;false;forest;7
5610;250;217;171;land;false;plains;7
5611;237;70;107;land;false;plains;6
5612;229;199;84;land;true;plains;7
5613;255;253;252;land;true;plains;7
5614;160;172;252;land;false;plains;5
5615;115;103;242;land;true;plains;7
5616;244;37;26;land;false;forest;7
5617;176;145;252;land;false;plains;7
5618;154;194;251;land;false;plains;7
5619;229;54;59;land;false;plains;7
5620;248;255;252;land;true;forest;3
5621;255;217;247;land;true;plains;7
5622;221;103;45;land;false;plains;7
5623;251;155;162;land;false;contaminated;2
5624;209;212;46;land;false;plains;7
5625;249;198;121;land;true;plains;7
5626;132;213;44;land;false;hills;5
5627;111;237;210;land;false;hills;7
5628;227;158;38;land;true;plains;7
5629;135;105;232;land;false;desert;3
5630;108;234;59;land;false;plains;7
5631;198;253;225;land;false;forest;7
5632;32;240;103;land;true;plains;7
5633;193;220;255;land;false;forest;7
5634;239;92;66;land;false;desert;3
5635;246;146;252;land;false;forest;7
5636;239;242;134;land;false;plains;5
5637;254;246;230;land;false;contaminated;2
5638;253;241;182;land;false;plains;7
5639;237;100;149;land;false;hills;7
5640;230;131;100;land;false;plains;7
5641;176;255;229;land;false;desert;3
5642;217;208;254;land;false;plains;7
5643;249;143;185;land;false;plains;7
5644;255;67;231;land;true;plains;7
5645;229;205;84;land;false;plains;7
5646;251;95;87;land;false;plains;6
5647;226;132;239;land;false;plains;7
5648;222;39;43;land;true;desert;3
5649;252;200;189;land;true;plains;7
5650;208;252;142;land;true;plains;7
5651;255;167;179;land;false;desert;1
5652;253;212;235;land;false;plains;7
5653;173;201;252;land;false;plains;7
5654;218;254;253;land;false;hills;7
5655;85;61;202;land;false;urban;5
5656;116;197;255;land;true;forest;7
5657;112;251;151;land;false;contaminated;2
5658;248;84;135;land;false;forest;7
5659;236;55;115;land;true;plains;7
5660;247;122;150;land;true;plains;7
5661;68;211;189;land;false;plains;7
5662;242;255;252;land;false;plains;7
5663;234;152;130;land;true;plains;7
5664;61;206;192;land;false;plains;7
5665;255;252;240;land;false;plains;7
5666;158;218;97;land;false;hills;5
5667;131;255;204;land;true;plains;7
5668;149;243;254;land;false;hills;3
5669;83;94;237;land;false;plains;7
5670;239;137;205;land;true;plains;7
5671;251;208;178;land;false;plains;7
5672;190;251;223;land;false;plains;7
5673;252;231;202;land;false;plains;7
5674;222;68;119;land;false;desert;3
5675;163;84;246;land;false;plains;7
5676;223;70;174;land;false;forest;5
5677;67;247;236;land;false;plains;7
5678;205;240;254;land;true;plains;7
5679;167;247;229;land;false;forest;5
5680;98;247;87;land;false;plains;7
5681;243;142;241;land;false;plains;6
5682;211;167;250;land;true;plains;7
5683;77;92;251;land;false;desert;3
5684;222;207;254;land;false;plains;7
5685;252;111;116;land;true;forest;7
5686;230;130;70;land;false;plains;7
5687;255;169;179;land;false;plains;7
5688;51;137;219;land;false;forest;6
5689;255;237;232;land;false;plains;5
5690;135;238;223;land;true;plains;7
5691;239;164;118;land;true;plains;5
5692;186;244;83;land;false;plains;7
5693;219;200;254;land;false;plains;7
5694;39;183;219;land;false;plains;7
5695;255;239;198;land;false;hills;5
5696;250;44;223;land;false;plains;7
5697;255;235;249;land;false;plains;7
5698;225;251;169;land;false;plains;7
5699;174;240;130;land;false;desert;3
5700;205;109;245;land;false;contaminated;2
5701;194;90;249;land;true;plains;7
5702;251;95;220;land;false;plains;5
5703;187;235;250;land;false;desert;3
5704;253;199;187;land;false;hills;3
5705;145;114;249;land;false;plains;7
5706;250;168;189;land;false;plains;7
5707;74;99;211;land;false;plains;7
5708;239;109;114;land;false;plains;7
5709;239;255;242;land;true;plains;7
5710;255;245;229;land;false;contaminated;2
5711;213;229;65;land;false;hills;3
5712;252;216;255;land;false;plains;7
5713;90;104;216;land;false;plains;7
5714;222;253;184;land;false;plains;7
5715;125;115;239;land;false;mountain;7
5716;234;139;248;land;true;plains;7
5717;255;244;214;land;false;plains;7
5718;221;254;247;land;false;plains;7
5719;251;120;120;land;false;mountain;3
5720;18;179;254;land;false;plains;7
5721;140;247;206;land;true;desert;5
5722;73;104;202;land;false;plains;7
5723;216;254;188;land;true;forest;7
5724;109;242;200;land;true;plains;7
5725;251;255;241;land;false;plains;7
5726;254;137;113;land;true;plains;7
5727;255;182;228;land;false;contaminated;2
5728;195;201;253;land;false;plains;7
5729;250;198;171;land;true;plains;6
5730;203;227;54;land;false;forest;7
5731;254;222;228;land;false;plains;7
5732;246;255;247;land;false;desert;3
5733;161;160;255;land;false;plains;7
5734;218;133;85;land;false;plains;7
5735;215;237;254;land;true;plains;7
5736;43;254;50;land;false;urban;1
5737;91;52;212;land;false;plains;7
5738;226;62;243;land;true;plains;7
5739;101;76;207;land;false;desert;3
5740;97;101;249;land;false;plains;7
5741;180;227;250;land;false;desert;5
5742;114;187;243;land;false;plains;7
5743;253;206;195;land;false;forest;7
5744;96;217;242;land;false;contaminated;2
5745;254;232;204;land;false;plains;7
5746;251;65;214;land;false;forest;7
5747;103;81;224;land;false;forest;7
5748;203;13;254;land;false;contaminated;2
5749;231;225;255;land;false;plains;7
5750;95;247;138;land;false;contaminated;2
5751;212;254;224;land;false;hills;2
5752;242;87;206;land;false;plains;7
5753;225;101;237;land;false;hills;7
5754;249;28;218;land;false;plains;7
5755;120;235;133;land;false;contaminated;2
5756;109;246;142;land;false;plains;7
5757;253;195;250;land;false;mountain;7
5758;87;153;252;land;true;plains;7
5759;240;54;199;land;false;plains;7
5760;226;254;225;land;false;plains;7
5761;253;107;191;land;false;plains;7
5762;136;127;249;land;false;mountain;5
5763;216;255;166;land;true;plains;7
5764;150;248;160;land;false;forest;7
5765;205;163;245;land;false;plains;7
5766;148;103;250;land;false;desert;1
5767;230;107;83;land;true;plains;7
5768;254;200;165;land;false;forest;7
5769;235;109;185;land;false;plains;7
5770;62;76;239;land;false;contaminated;2
5771;174;210;249;land;true;marsh;7
5772;229;117;99;land;false;plains;5
5773;63;222;89;land;true;plains;7
5774;240;190;251;land;true;forest;7
5775;246;227;137;land;false;plains;7
5776;251;204;255;land;false;plains;7
5777;73;10;252;land;false;plains;7
5778;252;234;153;land;false;plains;7
5779;254;197;241;land;false;plains;7
5780;175;250;194;land;false;mountain;2
5781;161;207;254;land;false;forest;6
5782;189;253;146;land;false;plains;7
5783;4;60;253;land;false;forest;7
5784;67;108;218;land;false;plains;7
5785;126;216;245;land;false;plains;7
5786;202;247;253;land;false;plains;7
5787;243;255;253;land;false;marsh;6
5788;51;214;139;land;false;plains;6
5789;239;253;203;land;false;plains;7
5790;250;154;43;land;false;plains;7
5791;228;235;112;land;false;plains;7
5792;64;224;219;land;false;contaminated;2
5793;237;54;165;land;false;plains;7
5794;255;226;227;land;false;plains;7
5795;112;84;229;land;false;plains;7
5796;145;45;220;land;false;plains;7
5797;227;130;107;land;false;forest;7
5798;141;224;81;land;false;plains;6
5799;254;165;254;land;false;hills;5
5800;251;168;113;land;false;desert;3
5801;204;255;226;land;false;desert;3
5802;189;219;252;land;true;plains;7
5803;121;99;234;land;true;forest;7
5804;55;222;202;land;false;contaminated;2
5805;253;198;191;land;false;desert;3
5806;178;255;228;land;false;plains;7
5807;199;254;209;land;true;plains;7
5808;197;166;251;land;false;hills;7
5809;55;195;211;land;false;plains;7
5810;254;192;228;land;false;contaminated;2
5811;249;131;67;land;false;plains;7
5812;244;253;53;land;true;plains;7
5813;251;144;143;land;false;desert;3
5814;113;217;246;land;true;plains;7
5815;255;254;228;land;false;contaminated;2
5816;57;255;56;land;false;plains;7
5817;176;209;251;land;false;desert;3
5818;226;38;83;land;false;plains;7
5819;65;210;123;land;false;plains;5
5820;104;238;246;land;false;plains;7
5821;201;239;252;land;false;plains;7
5822;254;241;219;land;false;forest;3
5823;167;246;254;land;false;plains;7
5824;148;244;233;land;false;plains;7
5825;86;92;225;land;true;plains;7
5826;245;248;255;land;false;plains;7
5827;198;230;255;land;true;plains;7
5828;250;244;128;land;false;contaminated;2
5829;231;234;255;land;false;plains;7
5830;191;254;234;land;false;plains;7
5831;131;83;219;land;true;marsh;7
5832;148;254;175;land;true;plains;7
5833;214;36;242;land;false;hills;7
5834;212;250;255;land;false;plains;5
5835;229;252;174;land;false;plains;7
5836;143;228;251;land;true;plains;7
5837;169;210;251;land;true;desert;3
5838;213;214;253;land;false;plains;7
5839;251;116;147;land;false;plains;7
5840;224;97;58;land;false;plains;7
5841;160;152;251;land;false;plains;7
5842;135;37;249;land;false;plains;7
5843;225;142;253;land;false;plains;7
5844;251;179;216;land;false;hills;5
5845;254;133;253;land;false;plains;7
5846;239;34;64;land;false;marsh;7
5847;251;145;184;land;true;plains;7
5848;234;240;55;land;false;plains;7
5849;197;253;197;land;false;contaminated;2
5850;70;158;254;land;true;desert;1
5851;223;199;97;land;true;forest;7
5852;203;252;235;land;true;plains;7
5853;217;164;253;land;false;plains;7
5854;142;50;226;land;true;plains;7
5855;204;201;252;land;false;plains;7
5856;242;135;133;land;false;marsh;2
5857;204;71;235;land;false;desert;3
5858;173;246;109;land;false;hills;7
5859;248;254;209;land;true;plains;5
5860;242;255;246;land;false;plains;7
5861;242;255;231;land;false;forest;7
5862;195;95;251;land;false;mountain;5
5863;82;230;243;land;false;hills;7
5864;176;251;198;land;true;plains;7
5865;50;219;229;land;false;forest;7
5866;255;219;225;land;false;mountain;5
5867;254;189;199;land;false;contaminated;2
5868;234;224;255;land;false;desert;1
5869;222;210;102;land;false;mountain;3
5870;245;252;202;land;false;plains;7
5871;215;250;165;land;false;contaminated;2
5872;182;246;139;land;false;plains;5
5873;72;237;185;land;false;plains;7
5874;215;231;253;land;false;plains;7
5875;62;193;203;land;false;forest;7
5876;200;183;253;land;false;plains;7
5877;193;245;252;land;false;plains;7
5878;234;254;217;land;false;mountain;5
5879;248;84;127;land;false;plains;7
5880;208;149;56;land;false;plains;7
5881;186;243;139;land;false;plains;7
5882;231;117;202;land;false;plains;7
5883;251;124;165;land;false;plains;7
5884;243;142;133;land;false;plains;7
5885;178;149;253;land;false;plains;7
5886;243;19;106;land;false;plains;7
5887;171;249;207;land;false;plains;1
5888;245;255;232;land;false;forest;5
5889;227;78;56;land;true;plains;7
5890;241;147;43;land;false;plains;7
5891;194;254;162;land;true;plains;7
5892;64;229;149;land;false;plains;6
5893;10;188;254;land;false;plains;5
5894;76;160;254;land;false;contaminated;2
5895;248;138;146;land;false;plains;7
5896;246;15;170;land;false;plains;7
5897;225;254;242;land;false;plains;7
5898;253;227;182;land;true;marsh;4
5899;107;220;61;land;true;plains;7
5900;255;252;255;land;false;plains;7
5901;225;220;254;land;true;plains;7
5902;255;224;244;land;false;plains;7
5903;252;90;94;land;false;desert;3
5904;162;229;255;land;false;mountain;7
5905;180;254;234;land;false;hills;5
5906;80;236;199;land;false;forest;5
5907;242;29;209;land;false;vorkernsberg;5
5908;242;138;226;land;false;plains;7
5909;244;144;85;land;false;hills;7
5910;255;226;234;land;true;plains;7
5911;111;253;229;land;false;forest;7
5912;226;239;89;land;false;mountain;5
5913;63;252;202;land;false;hills;7
5914;162;207;245;land;false;plains;7
5915;176;161;249;land;false;plains;7
5916;176;161;245;land;true;marsh;7
5917;242;110;185;land;false;plains;7
5918;254;87;204;land;false;plains;7
5919;248;253;194;land;false;plains;7
5920;75;243;83;land;false;hills;7
5921;129;93;242;land;false;desert;3
5922;218;163;252;land;false;contaminated;2
5923;183;244;105;land;false;plains;7
5924;211;251;195;land;false;contaminated;2
5925;254;239;212;land;false;plains;7
5926;240;169;122;land;false;desert;1
5927;214;41;170;land;true;forest;6
5928;143;254;93;land;true;forest;7
5929;215;106;242;land;true;forest;3
5930;240;255;234;land;false;hills;7
5931;106;251;190;land;false;plains;7
5932;220;250;108;land;true;plains;7
5933;239;254;219;land;false;plains;7
5934;251;253;166;land;false;desert;1
5935;67;241;213;land;false;plains;7
5936;226;118;232;land;false;hills;7
5937;204;53;94;land;false;plains;7
5938;65;173;251;land;true;plains;7
5939;97;227;67;land;false;plains;7
5940;169;229;246;land;false;hills;7
5941;70;218;137;land;false;plains;7
5942;208;82;243;land;false;hills;7
5943;83;237;248;land;true;plains;7
5944;217;89;134;land;false;plains;7
5945;167;61;253;land;false;hills;1
5946;255;248;253;land;true;plains;7
5947;248;91;226;land;false;hills;7
5948;120;255;220;land;false;plains;7
5949;145;140;254;land;true;plains;7
5950;182;20;235;land;false;plains;7
5951;241;236;255;land;false;mountain;3
5952;239;219;136;land;false;forest;7
5953;212;252;253;land;false;plains;7
5954;83;93;223;land;false;mountain;7
5955;140;251;171;land;false;desert;3
5956;61;230;205;land;false;plains;7
5957;255;232;240;land;false;desert;3
5958;162;248;173;land;true;forest;7
5959;245;161;242;land;false;plains;7
5960;87;246;123;land;false;mountain;7
5961;233;245;255;land;false;contaminated;2
5962;37;246;107;land;false;plains;7
5963;110;253;245;land;false;hills;7
5964;115;240;112;land;true;plains;7
5965;239;252;191;land;false;forest;7
5966;249;232;255;land;true;plains;7
5967;235;143;54;land;false;desert;3
5968;162;197;245;land;false;plains;7
5969;184;252;221;land;false;plains;7
5970;99;93;254;land;true;forest;7
5971;33;127;237;land;false;contaminated;2
5972;173;238;56;land;false;forest;7
5973;255;174;171;land;false;hills;5
5974;211;254;239;land;false;plains;7
5975;253;209;248;land;false;plains;7
5976;139;167;249;land;false;contaminated;2
5977;210;255;211;land;false;plains;7
5978;181;251;68;land;false;hills;5
5979;229;43;173;land;false;desert;1
5980;169;180;252;land;false;hills;7
5981;65;201;74;land;true;plains;7
5982;93;235;151;land;false;plains;7
5983;251;237;194;land;true;plains;7
5984;217;250;179;land;false;plains;7
5985;187;223;250;land;false;plains;7
5986;219;173;56;land;true;hills;5
5987;233;48;86;land;true;forest;7
5988;66;206;253;land;true;plains;7
5989;237;207;254;land;false;plains;6
5990;77;75;254;land;true;plains;7
5991;227;178;254;land;true;desert;6
5992;157;52;253;land;true;desert;3
5993;33;42;235;land;false;plains;7
5994;221;254;251;land;false;desert;3
5995;212;228;254;land;false;plains;7
5996;233;167;250;land;true;marsh;4
5997;92;212;228;land;false;plains;7
5998;226;216;255;land;false;plains;7
5999;179;119;234;land;false;desert;3
6000;75;56;222;land;false;desert;1
6001;255;252;242;land;false;plains;7
6002;167;246;123;land;false;plains;7
6003;255;174;227;land;false;plains;7
6004;224;208;254;land;true;plains;7
6005;117;158;249;land;false;hills;7
6006;91;251;202;land;true;forest;7
6007;167;171;252;land;false;plains;7
6008;110;186;230;land;true;forest;3
6009;51;216;148;land;false;plains;7
6010;253;216;254;land;true;hills;6
6011;247;134;43;land;false;desert;3
6012;234;243;136;land;false;hills;3
6013;253;177;222;land;false;plains;7
6014;61;216;156;land;false;forest;7
6015;146;216;86;land;false;contaminated;2
6016;242;146;136;land;false;hills;7
6017;238;202;138;land;true;plains;7
6018;185;235;254;land;false;contaminated;2
6019;238;108;179;land;false;contaminated;2
6020;255;223;238;land;false;plains;6
6021;95;196;225;land;false;plains;7
6022;247;14;242;land;false;plains;7
6023;233;72;236;land;false;plains;7
6024;251;166;181;land;false;plains;7
6025;238;82;131;land;false;hills;7
6026;30;149;226;land;false;hills;3
6027;218;75;91;land;false;plains;7
6028;224;95;98;land;false;hills;7
6029;214;111;63;land;false;forest;7
6030;253;224;178;land;false;forest;5
6031;249;255;244;land;false;plains;3
6032;71;132;251;land;false;plains;7
6033;224;237;108;land;false;plains;7
6034;199;250;146;land;false;plains;7
6035;196;185;252;land;false;plains;7
6036;113;123;227;land;false;mountain;2
6037;249;255;241;land;false;plains;7
6038;254;242;216;land;false;plains;5
6039;188;233;109;land;false;plains;7
6040;72;179;217;land;false;desert;3
6041;222;234;255;land;true;plains;7
6042;26;245;37;land;false;plains;7
6043;138;246;94;land;false;plains;7
6044;91;224;202;land;false;plains;7
6045;129;234;55;land;false;plains;7
6046;239;245;255;land;false;plains;7
6047;240;209;111;land;false;plains;7
6048;177;238;97;land;false;plains;7
6049;251;232;175;land;false;hills;7
6050;249;116;123;land;false;contaminated;2
6051;251;108;104;land;false;mountain;1
6052;169;248;86;land;false;plains;7
6053;254;249;212;land;false;plains;7
6054;159;52;246;land;false;contaminated;2
6055;218;40;57;land;false;forest;7
6056;250;235;123;land;false;plains;7
6057;62;226;136;land;false;hills;7
6058;251;218;173;land;false;contaminated;2
6059;240;162;69;land;false;mountain;5
6060;52;238;65;land;false;plains;7
6061;213;232;90;land;false;hills;1
6062;33;22;254;land;false;plains;7
6063;246;117;147;land;false;mountain;3
6064;151;145;254;land;true;plains;7
6065;194;245;87;land;true;plains;7
6066;254;196;195;land;false;contaminated;2
6067;79;212;147;land;true;plains;7
6068;244;205;254;land;true;plains;7
6069;245;31;66;land;false;plains;7
6070;227;90;64;land;false;plains;7
6071;57;245;248;land;false;contaminated;2
6072;254;243;226;land;false;desert;3
6073;244;138;201;land;false;marsh;7
6074;255;115;219;land;false;plains;7
6075;143;173;240;land;true;forest;7
6076;233;21;239;land;false;desert;1
6077;224;34;31;land;false;plains;7
6078;168;243;88;land;false;hills;7
6079;245;255;191;land;true;plains;7
6080;212;234;253;land;false;plains;7
6081;222;255;226;land;true;plains;7
6082;255;238;237;land;false;forest;3
6083;220;101;133;land;true;plains;7
6084;253;200;237;land;true;forest;7
6085;113;52;241;land;false;plains;7
6086;235;137;247;land;false;plains;7
6087;46;242;229;land;true;plains;7
6088;238;255;230;land;true;plains;7
6089;58;191;198;land;true;plains;7
6090;62;243;104;land;false;plains;7
6091;65;223;142;land;false;plains;7
6092;255;216;240;land;false;plains;7
6093;255;210;245;land;false;plains;7
6094;66;75;253;land;false;plains;7
6095;250;248;185;land;false;plains;6
6096;192;180;250;land;false;forest;7
6097;193;254;202;land;false;forest;7
6098;251;229;254;land;true;plains;7
6099;202;70;85;land;false;desert;5
6100;79;46;240;land;false;plains;7
6101;234;160;254;land;true;forest;3
6102;9;249;236;land;false;plains;7
6103;249;111;161;land;false;contaminated;2
6104;170;226;66;land;false;desert;5
6105;255;255;231;land;false;plains;7
6106;241;253;166;land;false;plains;7
6107;238;176;253;land;true;plains;7
6108;149;192;246;land;false;plains;7
6109;80;251;204;land;false;plains;7
6110;142;189;244;land;false;forest;7
6111;226;239;254;land;false;plains;7
6112;40;240;100;land;false;hills;7
6113;233;231;255;land;false;plains;7
6114;254;253;255;land;false;plains;7
6115;46;254;76;land;false;plains;7
6116;143;209;242;land;false;plains;7
6117;125;243;233;land;false;plains;7
6118;78;217;168;land;false;plains;7
6119;179;202;252;land;false;plains;7
6120;241;166;248;land;false;forest;7
6121;147;61;237;land;false;plains;7
6122;245;135;234;land;false;hills;7
6123;248;141;202;land;false;plains;7
6124;255;255;252;land;false;plains;7
6125;200;246;146;land;true;plains;7
6126;212;211;255;land;false;desert;3
6127;59;214;208;land;false;plains;7
6128;120;249;239;land;false;plains;7
6129;255;242;251;land;false;desert;3
6130;214;250;140;land;false;plains;7
6131;170;253;17;land;false;plains;7
6132;244;255;224;land;false;plains;7
6133;237;123;123;land;false;plains;7
6134;177;159;244;land;false;plains;7
6135;157;211;53;land;false;plains;7
6136;237;255;234;land;false;desert;3
6137;80;126;247;land;true;forest;3
6138;253;186;251;land;false;plains;7
6139;253;172;103;land;false;mountain;3
6140;40;231;57;land;false;plains;7
6141;236;130;211;land;false;forest;5
6142;206;223;254;land;false;forest;6
6143;106;238;245;land;false;plains;7
6144;202;253;160;land;false;plains;7
6145;130;223;37;land;true;plains;5
6146;249;58;219;land;false;forest;6
6147;199;179;253;land;false;plains;7
6148;29;36;249;land;false;plains;7
6149;178;130;247;land;false;forest;7
6150;115;163;252;land;false;desert;1
6151;247;202;86;land;false;contaminated;2
6152;182;247;126;land;false;plains;7
6153;253;56;243;land;false;desert;3
6154;68;209;128;land;false;plains;7
6155;209;203;254;land;false;hills;7
6156;94;244;41;land;false;plains;7
6157;246;236;255;land;false;plains;7
6158;52;251;220;land;true;plains;7
6159;181;187;252;land;false;forest;7
6160;73;235;72;land;false;desert;3
6161;252;59;73;land;true;plains;7
6162;248;80;67;land;false;plains;7
6163;255;241;244;land;false;marsh;7
6164;252;162;89;land;false;plains;7
6165;55;254;44;land;false;plains;7
6166;70;208;102;land;false;hills;7
6167;125;212;75;land;false;forest;7
6168;96;120;255;land;false;forest;7
6169;255;234;238;land;false;plains;7
6170;38;218;44;land;false;plains;7
6171;215;220;254;land;false;plains;7
6172;222;255;248;land;false;plains;7
6173;254;209;240;land;false;plains;7
6174;236;122;133;land;true;forest;1
6175;253;252;204;land;false;mountain;7
6176;74;250;46;land;false;plains;7
6177;132;185;245;land;false;mountain;7
6178;178;236;252;land;false;plains;7
6179;188;251;225;land;false;forest;7
6180;214;76;93;land;false;contaminated;2
6181;112;216;94;land;false;hills;5
6182;111;252;141;land;false;forest;7
6183;253;190;173;land;false;plains;7
6184;72;121;222;land;false;desert;3
6185;73;235;150;land;false;plains;7
6186;33;38;240;land;true;forest;7
6187;7;178;252;land;false;desert;5
6188;100;165;220;land;false;plains;7
6189;170;136;250;land;false;plains;7
6190;128;33;251;land;false;plains;7
6191;250;47;163;land;false;mountain;7
6192;168;202;71;land;true;urban;5
6193;51;222;180;land;false;desert;3
6194;244;242;39;land;true;plains;7
6195;111;222;49;land;false;desert;3
6196;55;232;186;land;false;contaminated;2
6197;253;255;254;land;true;plains;7
6198;223;254;205;land;false;plains;7
6199;222;55;39;land;true;plains;7
6200;106;126;251;land;false;plains;7
6201;224;119;99;land;false;contaminated;2
6202;210;225;254;land;false;plains;7
6203;132;123;238;land;false;forest;7
6204;142;46;241;land;false;desert;3
6205;93;218;182;land;false;plains;7
6206;252;195;168;land;false;mountain;4
6207;250;131;143;land;false;plains;7
6208;234;90;179;land;false;plains;7
6209;229;251;188;land;true;plains;7
6210;188;253;159;land;false;plains;7
6211;100;218;228;land;false;plains;7
6212;191;251;251;land;false;plains;7
6213;164;190;250;land;false;plains;7
6214;222;86;209;land;false;hills;6
6215;235;67;122;land;false;plains;7
6216;253;96;213;land;false;plains;7
6217;224;254;230;land;false;mountain;5
6218;164;249;137;land;false;mountain;3
6219;237;231;255;land;false;forest;7
6220;195;235;255;land;false;contaminated;2
6221;193;132;248;land;false;plains;7
6222;162;58;218;land;false;plains;7
6223;216;238;119;land;false;plains;7
6224;136;244;162;land;false;plains;7
6225;251;248;135;land;true;plains;7
6226;250;193;179;land;false;plains;7
6227;172;253;168;land;true;plains;7
6228;109;229;126;land;false;plains;7
6229;75;240;133;land;false;plains;7
6230;139;148;239;land;false;plains;7
6231;240;129;145;land;true;plains;5
6232;56;65;226;land;false;desert;3
6233;244;186;141;land;false;desert;3
6234;216;255;242;land;false;plains;7
6235;253;206;219;land;false;forest;7
6236;138;134;254;land;false;plains;7
6237;250;161;155;land;false;contaminated;2
6238;148;253;243;land;false;plains;7
6239;216;120;82;land;false;plains;7
6240;241;166;123;land;false;plains;7
6241;252;143;134;land;false;hills;7
6242;75;249;202;land;false;plains;7
6243;254;215;246;land;true;plains;7
6244;244;207;160;land;false;hills;7
6245;60;120;214;land;false;plains;5
6246;253;237;172;land;false;plains;7
6247;255;250;253;land;false;plains;7
6248;228;255;218;land;false;plains;7
6249;226;241;124;land;false;plains;7
6250;226;240;254;land;false;plains;7
6251;211;241;129;land;false;plains;7
6252;181;117;233;land;false;plains;7
6253;95;230;113;land;false;hills;5
6254;69;252;235;land;false;plains;1
6255;247;254;255;land;false;plains;7
6256;248;239;153;land;false;plains;7
6257;252;254;216;land;false;forest;7
6258;199;119;234;land;false;plains;7
6259;161;210;248;land;true;plains;7
6260;166;207;250;land;true;plains;7
6261;240;218;87;land;true;forest;3
6262;253;24;141;land;false;plains;6
6263;253;139;155;land;false;hills;7
6264;88;53;253;land;true;plains;7
6265;230;169;255;land;false;plains;6
6266;254;236;173;land;false;mountain;3
6267;124;84;238;land;false;plains;7
6268;252;247;186;land;true;plains;7
6269;53;183;210;land;false;plains;7
6270;19;86;236;land;false;plains;7
6271;212;167;254;land;false;forest;6
6272;246;140;75;land;true;plains;7
6273;194;245;252;land;false;contaminated;2
6274;246;243;255;land;false;plains;7
6275;75;228;85;land;false;plains;7
6276;123;243;195;land;false;plains;7
6277;188;245;76;land;true;plains;3
6278;176;252;240;land;false;mountain;3
6279;124;253;122;land;false;plains;7
6280;221;253;182;land;false;contaminated;2
6281;119;247;110;land;false;plains;7
6282;238;228;79;land;false;plains;7
6283;191;73;213;land;false;plains;7
6284;241;158;57;land;false;forest;7
6285;239;156;141;land;false;plains;7
6286;149;249;159;land;false;plains;7
6287;242;132;197;land;false;plains;7
6288;249;130;208;land;false;plains;7
6289;202;74;248;land;false;plains;7
6290;25;200;254;land;false;plains;7
6291;199;254;184;land;false;hills;7
6292;189;252;231;land;false;plains;7
6293;167;249;225;land;false;plains;7
6294;247;158;244;land;false;plains;7
6295;117;137;234;land;false;forest;5
6296;108;222;104;land;true;plains;7
6297;254;246;221;land;false;plains;7
6298;70;210;69;land;false;plains;7
6299;254;245;217;land;false;plains;7
6300;237;221;53;land;false;vorkernsberg;5
6301;184;253;226;land;true;plains;7
6302;151;139;249;land;false;plains;7
6303;250;225;151;land;false;forest;7
6304;246;205;254;land;false;contaminated;2
6305;116;247;164;land;false;plains;7
6306;134;241;239;land;false;plains;7
6307;118;237;185;land;false;forest;7
6308;60;239;222;land;false;contaminated;2
6309;59;71;217;land;true;plains;7
6310;193;248;145;land;false;plains;7
6311;248;119;172;land;true;forest;7
6312;254;230;209;land;false;plains;7
6313;127;64;215;land;true;plains;7
6314;91;252;112;land;false;forest;7
6315;166;159;251;land;false;plains;7
6316;209;255;244;land;false;plains;7
6317;251;179;236;land;false;mountain;2
6318;145;250;181;land;false;plains;7
6319;187;250;238;land;false;plains;7
6320;234;255;236;land;false;plains;7
6321;235;253;185;land;false;mountain;7
6322;213;69;91;land;true;plains;5
6323;253;247;255;land;false;plains;7
6324;176;182;254;land;false;plains;7
6325;209;70;201;land;false;mountain;3
6326;250;156;21;land;true;plains;7
6327;146;155;251;land;false;plains;7
6328;247;146;238;land;true;plains;7
6329;246;233;150;land;false;plains;7
6330;137;250;61;land;false;plains;7
6331;187;243;148;land;false;desert;1
6332;250;162;202;land;true;plains;7
6333;157;249;246;land;false;contaminated;2
6334;206;195;253;land;false;plains;7
6335;200;126;240;land;false;plains;7
6336;63;250;177;land;false;plains;7
6337;56;250;175;land;false;plains;7
6338;111;184;239;land;false;plains;7
6339;253;92;224;land;false;plains;7
6340;230;162;251;land;false;forest;7
6341;42;223;155;land;false;desert;6
6342;97;170;241;land;false;contaminated;2
6343;249;255;194;land;false;mountain;3
6344;212;183;79;land;false;plains;7
6345;252;180;205;land;false;hills;6
6346;72;102;211;land;false;plains;7
6347;181;183;252;land;false;plains;7
6348;190;234;250;land;true;plains;7
6349;250;205;173;land;true;plains;7
6350;204;69;206;land;false;plains;6
6351;244;131;135;land;false;plains;2
6352;68;97;224;land;false;contaminated;2
6353;252;254;179;land;false;plains;7
6354;106;236;232;land;true;plains;2
6355;184;185;253;land;false;plains;7
6356;142;194;244;land;false;plains;7
6357;254;249;226;land;false;plains;7
6358;236;255;247;land;false;plains;7
6359;247;91;157;land;false;forest;7
6360;158;167;246;land;false;mountain;5
6361;233;223;93;land;false;plains;7
6362;206;208;254;land;false;plains;7
6363;32;22;235;land;false;forest;7
6364;44;225;189;land;true;plains;7
6365;224;252;196;land;false;hills;7
6366;152;169;245;land;false;plains;7
6367;146;247;162;land;false;plains;7
6368;127;234;168;land;true;plains;7
6369;67;68;200;land;false;hills;1
6370;181;212;46;land;true;plains;7
6371;247;250;122;land;false;plains;7
6372;252;203;253;land;true;plains;7
6373;37;228;119;land;true;plains;7
6374;254;201;224;land;false;plains;7
6375;91;217;146;land;false;plains;7
6376;235;98;102;land;false;plains;7
6377;175;227;251;land;false;contaminated;2
6378;131;230;247;land;false;hills;5
6379;69;58;236;land;false;plains;7
6380;137;243;149;land;false;plains;7
6381;142;55;253;land;false;plains;7
6382;162;235;66;land;false;hills;7
6383;255;245;250;land;false;forest;5
6384;253;197;156;land;false;plains;7
6385;123;246;74;land;false;desert;3
6386;249;243;255;land;false;plains;7
6387;58;88;226;land;false;contaminated;2
6388;38;173;226;land;true;forest;7
6389;232;236;255;land;false;hills;7
6390;156;250;176;land;false;contaminated;2
6391;171;246;134;land;false;plains;7
6392;132;92;245;land;false;mountain;7
6393;245;255;245;land;false;plains;7
6394;250;162;105;land;true;plains;7
6395;255;246;244;land;false;plains;7
6396;250;251;255;land;false;plains;7
6397;233;133;124;land;true;plains;7
6398;62;85;199;land;true;plains;7
6399;217;162;77;land;false;hills;5
6400;251;173;126;land;true;plains;7
6401;218;186;46;land;false;plains;5
6402;246;208;152;land;false;plains;7
6403;51;228;84;land;false;desert;3
6404;250;138;149;land;false;plains;7
6405;160;146;251;land;false;plains;7
6406;121;217;240;land;false;plains;5
6407;209;77;124;land;false;plains;7
6408;216;187;252;land;true;forest;7
6409;116;236;153;land;false;desert;1
6410;80;250;106;land;false;plains;5
6411;229;228;101;land;false;plains;5
6412;184;205;253;land;false;plains;7
6413;54;203;229;land;false;plains;7
6414;221;254;199;land;false;desert;1
6415;92;215;142;land;false;desert;3
6416;159;177;249;land;false;plains;7
6417;209;255;177;land;false;plains;7
6418;224;36;157;land;false;forest;6
6419;90;234;101;land;false;desert;1
6420;167;248;192;land;false;plains;7
6421;183;173;251;land;true;plains;7
6422;42;128;232;land;false;plains;7
6423;248;12;170;land;true;hills;4
6424;38;225;45;land;false;plains;7
6425;116;230;150;land;false;plains;2
6426;253;174;203;land;false;forest;7
6427;237;195;114;land;false;plains;7
6428;55;232;132;land;false;plains;7
6429;250;255;247;land;false;plains;7
6430;207;254;249;land;false;plains;7
6431;160;225;69;land;false;plains;7
6432;243;239;147;land;false;hills;6
6433;194;219;254;land;false;hills;5
6434;238;82;210;land;false;contaminated;2
6435;237;209;73;land;false;forest;5
6436;229;165;88;land;false;plains;7
6437;242;138;211;land;false;plains;7
6438;107;58;204;land;false;desert;1
6439;82;112;236;land;false;plains;7
6440;112;244;247;land;false;hills;4
6441;185;209;252;land;true;forest;7
6442;238;242;130;land;false;desert;3
6443;63;120;247;land;true;desert;5
6444;53;98;206;land;true;plains;7
6445;101;84;214;land;false;desert;3
6446;77;37;227;land;false;plains;7
6447;254;79;44;land;false;plains;7
6448;214;104;61;land;false;plains;7
6449;251;131;145;land;false;plains;7
6450;45;227;43;land;false;plains;7
6451;79;52;253;land;false;mountain;5
6452;231;217;117;land;true;plains;7
6453;202;252;198;land;false;forest;7
6454;249;232;41;land;false;plains;7
6455;131;122;245;land;false;hills;7
6456;98;52;241;land;false;plains;5
6457;244;123;250;land;false;forest;7
6458;55;189;247;land;true;plains;7
6459;214;83;81;land;false;hills;7
6460;252;127;224;land;true;plains;7
6461;134;93;220;land;false;plains;5
6462;241;82;30;land;false;hills;7
6463;173;254;205;land;false;plains;7
6464;113;233;255;land;false;mountain;3
6465;37;244;240;land;false;forest;5
6466;128;199;251;land;false;plains;7
6467;249;165;198;land;false;forest;7
6468;249;247;122;land;false;plains;7
6469;253;158;252;land;false;plains;7
6470;74;228;204;land;false;plains;7
6471;67;233;236;land;true;plains;1
6472;220;154;50;land;false;plains;7
6473;151;245;144;land;false;plains;7
6474;251;75;72;land;false;plains;5
6475;242;100;226;land;false;plains;7
6476;31;220;245;land;false;forest;7
6477;60;5;254;land;false;plains;7
6478;181;87;255;land;false;plains;7
6479;219;251;151;land;false;contaminated;2
6480;138;242;241;land;true;plains;7
6481;123;243;120;land;false;plains;7
6482;74;223;184;land;false;plains;7
6483;45;110;237;land;false;plains;7
6484;198;191;251;land;true;plains;7
6485;207;70;88;land;false;hills;7
6486;227;191;103;land;false;plains;7
6487;252;177;169;land;false;hills;7
6488;199;142;243;land;false;plains;7
6489;65;117;214;land;false;hills;3
6490;231;254;220;land;false;plains;7
6491;255;236;237;land;false;hills;7
6492;113;252;181;land;false;plains;7
6493;235;68;175;land;false;plains;7
6494;253;248;255;land;false;desert;3
6495;152;249;156;land;true;desert;1
6496;39;64;226;land;true;plains;7
6497;235;255;251;land;true;plains;7
6498;236;254;221;land;true;hills;7
6499;240;222;124;land;true;plains;7
6500;57;200;172;land;false;plains;7
6501;192;212;253;land;false;plains;7
6502;255;251;239;land;true;forest;7
6503;67;249;185;land;false;forest;7
6504;186;203;254;land;true;forest;7
6505;83;195;208;land;true;desert;3
6506;251;169;169;land;false;desert;5
6507;253;202;250;land;false;forest;6
6508;241;246;164;land;false;forest;7
6509;187;177;253;land;false;plains;7
6510;119;235;216;land;true;desert;5
6511;219;246;254;land;false;forest;7
6512;232;255;233;land;false;desert;3
6513;251;146;247;land;true;plains;7
6514;152;241;129;land;false;desert;1
6515;227;116;236;land;false;plains;5
6516;231;233;255;land;false;forest;7
6517;125;140;251;land;true;plains;7
6518;221;246;149;land;false;plains;7
6519;186;211;254;land;false;hills;1
6520;94;121;231;land;true;plains;7
6521;157;108;225;land;false;mountain;1
6522;255;247;234;land;false;hills;7
6523;174;237;250;land;false;hills;7
6524;45;83;233;land;false;plains;7
6525;249;163;152;land;true;marsh;7
6526;170;91;225;land;true;plains;7
6527;136;53;206;land;false;hills;7
6528;246;225;152;land;false;plains;7
6529;254;229;206;land;false;plains;7
6530;170;242;150;land;false;contaminated;2
6531;155;252;159;land;false;hills;7
6532;233;249;181;land;false;plains;7
6533;242;146;212;land;true;plains;7
6534;249;204;133;land;true;plains;7
6535;184;253;231;land;false;plains;7
6536;163;205;253;land;false;plains;7
6537;37;66;249;land;false;plains;7
6538;253;250;255;land;false;plains;7
6539;40;243;93;land;false;plains;7
6540;197;249;108;land;false;plains;7
6541;83;164;212;land;false;plains;7
6542;183;150;242;land;false;plains;7
6543;75;78;248;land;false;hills;5
6544;248;218;254;land;false;hills;7
6545;211;252;161;land;true;plains;7
6546;246;255;236;land;false;plains;7
6547;213;207;254;land;false;plains;7
6548;176;70;227;land;false;forest;7
6549;170;254;182;land;false;plains;5
6550;192;230;251;land;false;plains;7
6551;250;201;189;land;false;hills;5
6552;121;56;228;land;true;plains;7
6553;119;242;173;land;false;plains;7
6554;254;131;165;land;false;desert;3
6555;248;80;133;land;false;plains;7
6556;91;174;230;land;false;plains;7
6557;233;57;67;land;false;desert;3
6558;58;245;166;land;false;plains;7
6559;142;197;251;land;false;plains;7
6560;188;255;248;land;false;forest;5
6561;236;255;255;land;false;plains;6
6562;234;93;40;land;false;plains;7
6563;180;222;64;land;false;plains;7
6564;241;230;46;land;false;plains;7
6565;167;232;88;land;false;plains;7
6566;178;219;252;land;true;plains;7
6567;252;181;224;land;false;forest;7
6568;253;156;237;land;true;plains;7
6569;70;137;203;land;false;plains;7
6570;252;181;194;land;true;plains;7
6571;246;96;150;land;false;desert;3
6572;64;76;233;land;false;plains;7
6573;87;201;254;land;false;hills;2
6574;193;199;253;land;false;plains;5
6575;85;146;235;land;false;plains;5
6576;134;252;192;land;false;plains;7
6577;94;226;64;land;false;desert;3
6578;183;137;246;land;false;plains;7
6579;35;143;223;land;false;desert;3
6580;204;50;245;land;true;plains;6
6581;99;86;249;land;false;plains;7
6582;98;235;107;land;true;desert;3
6583;28;245;202;land;false;plains;7
6584;55;88;224;land;false;mountain;7
6585;249;136;175;land;false;plains;7
6586;159;170;252;land;false;hills;7
6587;147;249;87;land;false;plains;7
6588;219;79;94;land;false;plains;7
6589;253;255;244;land;true;forest;7
6590;241;60;240;land;true;desert;1
6591;196;115;238;land;false;plains;7
6592;73;250;235;land;false;plains;5
6593;240;28;133;land;false;plains;7
6594;240;253;255;land;true;plains;7
6595;226;50;59;land;false;hills;7
6596;233;207;75;land;false;plains;7
6597;159;147;245;land;true;plains;7
6598;82;252;90;land;false;plains;7
6599;141;245;215;land;false;plains;6
6600;151;238;94;land;false;forest;7
6601;94;142;250;land;false;plains;7
6602;183;253;206;land;false;forest;7
6603;40;124;251;land;false;forest;7
6604;26;233;43;land;false;plains;7
6605;254;248;255;land;false;hills;7
6606;58;251;246;land;true;forest;7
6607;253;217;254;land;true;plains;7
6608;255;220;229;land;true;plains;6
6609;163;235;55;land;false;hills;7
6610;216;253;209;land;false;plains;7
6611;155;239;48;land;false;plains;7
6612;251;16;53;land;false;plains;7
6613;238;255;253;land;true;plains;7
6614;222;116;56;land;false;plains;7
6615;248;255;243;land;false;plains;7
6616;203;248;89;land;true;forest;7
6617;247;157;190;land;false;plains;7
6618;162;214;49;land;false;forest;7
6619;69;211;209;land;false;plains;7
6620;199;254;186;land;true;plains;7
6621;240;105;124;land;false;plains;7
6622;253;207;224;land;false;forest;6
6623;210;204;253;land;true;plains;7
6624;248;144;186;land;false;plains;5
6625;253;129;123;land;false;plains;7
6626;140;67;235;land;false;plains;7
6627;157;62;209;land;false;plains;7
6628;28;208;250;land;true;plains;7
6629;246;144;164;land;false;plains;5
6630;221;253;255;land;false;hills;7
6631;204;253;248;land;true;plains;5
6632;103;182;250;land;false;plains;7
6633;88;105;223;land;false;plains;7
6634;252;150;156;land;true;plains;7
6635;247;138;159;land;true;plains;7
6636;109;74;251;land;false;forest;5
6637;202;184;249;land;false;desert;3
6638;225;210;254;land;false;hills;7
6639;111;210;255;land;false;hills;3
6640;254;217;215;land;true;plains;1
6641;234;237;255;land;false;forest;7
6642;71;225;205;land;false;plains;7
6643;208;252;198;land;false;plains;7
6644;253;255;237;land;false;forest;7
6645;229;255;251;land;false;plains;7
6646;247;148;138;land;false;desert;3
6647;250;187;198;land;false;plains;7
6648;130;117;253;land;false;hills;7
6649;100;174;243;land;false;plains;5
6650;250;168;239;land;false;desert;1
6651;238;220;71;land;false;plains;7
6652;112;42;228;land;false;contaminated;2
6653;213;79;187;land;false;plains;7
6654;247;231;156;land;false;plains;7
6655;244;101;195;land;false;hills;7
6656;252;240;255;land;true;forest;7
6657;149;235;92;land;true;plains;7
6658;177;117;230;land;false;forest;7
6659;231;255;250;land;false;plains;7
6660;195;119;240;land;false;plains;7
6661;117;242;239;land;false;marsh;7
6662;228;170;248;land;false;forest;5
6663;245;160;243;land;false;plains;7
6664;229;137;95;land;true;plains;7
6665;237;215;254;land;true;plains;7
6666;242;254;226;land;false;forest;7
6667;251;188;204;land;false;plains;7
6668;207;241;139;land;false;plains;7
6669;206;203;254;land;false;contaminated;2
6670;102;185;251;land;false;forest;1
6671;217;254;157;land;false;plains;7
6672;196;249;175;land;true;plains;7
6673;253;196;210;land;true;plains;7
6674;103;217;76;land;false;hills;7
6675;149;254;156;land;false;mountain;1
6676;215;59;146;land;false;plains;7
6677;239;229;255;land;false;plains;7
6678;181;254;209;land;false;plains;7
6679;193;248;102;land;false;forest;7
6680;227;184;251;land;false;plains;7
6681;226;255;197;land;false;plains;7
6682;164;250;191;land;true;marsh;7
6683;118;243;149;land;false;plains;7
6684;248;141;173;land;true;forest;7
6685;140;249;162;land;false;desert;3
6686;226;250;184;land;false;plains;7
6687;255;230;245;land;false;contaminated;2
6688;245;147;254;land;false;plains;7
6689;254;187;208;land;false;plains;7
6690;232;210;54;land;false;plains;7
6691;218;243;151;land;false;plains;7
6692;85;252;118;land;false;forest;7
6693;111;131;234;land;false;forest;7
6694;117;254;156;land;false;hills;6
6695;238;145;117;land;false;plains;6
6696;227;68;54;land;false;plains;7
6697;89;64;243;land;true;marsh;7
6698;199;253;248;land;false;forest;7
6699;57;75;223;land;true;plains;7
6700;124;169;235;land;false;marsh;7
6701;40;136;216;land;true;plains;7
6702;30;249;117;land;false;forest;7
6703;231;133;237;land;true;plains;7
6704;166;211;250;land;true;plains;7
6705;149;223;107;land;false;plains;7
6706;146;163;244;land;false;plains;7
6707;67;223;60;land;false;plains;7
6708;244;232;255;land;true;plains;7
6709;61;216;198;land;false;plains;7
6710;80;252;176;land;false;hills;7
6711;25;223;235;land;false;forest;7
6712;150;20;240;land;false;hills;7
6713;228;229;254;land;false;vorkernsberg;5
6714;253;131;123;land;false;plains;6
6715;177;190;253;land;false;plains;7
6716;48;126;250;land;false;hills;5
6717;228;148;254;land;true;forest;7
6718;74;204;62;land;false;plains;5
6719;255;255;236;land;false;mountain;7
6720;251;210;253;land;false;forest;5
6721;212;209;254;land;false;plains;7
6722;252;201;253;land;false;plains;7
6723;201;77;210;land;false;plains;7
6724;155;252;190;land;false;plains;7
6725;254;233;255;land;false;plains;7
6726;182;114;255;land;false;forest;7
6727;186;130;250;land;true;plains;7
6728;238;120;135;land;true;hills;5
6729;128;236;126;land;false;marsh;5
6730;123;224;235;land;false;hills;5
6731;249;139;97;land;false;plains;7
6732;252;255;255;land;false;plains;7
6733;233;240;133;land;false;plains;7
6734;240;147;118;land;false;plains;7
6735;158;214;83;land;true;plains;7
6736;252;193;228;land;true;plains;7
6737;254;137;144;land;false;desert;3
6738;244;169;106;land;true;plains;7
6739;101;221;133;land;false;hills;3
6740;222;254;252;land;false;forest;5
6741;248;175;252;land;false;plains;7
6742;27;107;249;land;false;mountain;5
6743;119;148;233;land;false;forest;5
6744;255;207;216;land;false;hills;7
6745;242;255;238;land;false;hills;7
6746;250;254;208;land;false;plains;7
6747;222;51;198;land;false;desert;3
6748;175;254;217;land;false;hills;7
6749;200;252;229;land;false;forest;5
6750;168;171;252;land;false;plains;7
6751;232;178;250;land;false;plains;7
6752;252;214;254;land;false;plains;7
6753;207;154;80;land;false;plains;7
6754;153;254;188;land;true;mountain;5
6755;242;115;227;land;false;plains;7
6756;123;205;231;land;false;hills;3
6757;250;187;146;land;false;forest;7
6758;147;111;230;land;false;plains;7
6759;244;246;255;land;false;forest;5
6760;49;224;171;land;false;plains;7
6761;250;136;75;land;true;plains;7
6762;216;170;248;land;false;forest;7
6763;165;243;50;land;false;forest;5
6764;244;239;137;land;false;hills;5
6765;249;141;245;land;false;plains;7
6766;254;222;190;land;false;desert;6
6767;253;219;254;land;false;plains;7
6768;253;126;100;land;false;mountain;3
6769;167;202;252;land;false;hills;7
6770;251;241;192;land;false;plains;7
6771;117;109;242;land;false;forest;6
6772;154;252;192;land;false;plains;7
6773;255;146;170;land;false;plains;7
6774;132;154;249;land;false;desert;5
6775;200;121;235;land;true;plains;7
6776;248;196;55;land;false;plains;7
6777;173;252;129;land;false;contaminated;2
6778;251;192;249;land;false;plains;7
6779;248;154;178;land;false;mountain;5
6780;199;103;234;land;false;plains;7
6781;172;254;206;land;false;plains;7
6782;255;255;249;land;false;plains;7
6783;77;216;106;land;false;plains;7
6784;219;69;214;land;true;plains;7
6785;246;254;107;land;false;plains;7
6786;254;201;251;land;false;forest;7
6787;226;255;251;land;true;plains;7
6788;244;255;240;land;false;hills;7
6789;108;253;196;land;false;contaminated;2
6790;248;186;111;land;false;urban;5
6791;224;233;109;land;false;plains;7
6792;188;254;189;land;true;plains;7
6793;192;151;249;land;false;forest;7
6794;175;222;61;land;false;contaminated;2
6795;253;201;243;land;false;plains;7
6796;211;230;109;land;false;desert;1
6797;233;255;164;land;true;plains;7
6798;65;233;177;land;false;desert;3
6799;128;235;118;land;false;plains;5
6800;101;253;158;land;false;plains;7
6801;253;201;220;land;true;forest;5
6802;192;228;29;land;true;forest;7
6803;244;153;221;land;false;plains;7
6804;249;253;201;land;false;plains;7
6805;241;143;130;land;true;plains;7
6806;253;176;125;land;false;hills;7
6807;253;207;152;land;true;marsh;7
6808;222;250;170;land;false;hills;7
6809;57;255;58;land;false;forest;7
6810;179;250;207;land;true;plains;7
6811;244;63;64;land;false;plains;7
6812;221;253;207;land;false;plains;7
6813;241;145;193;land;false;plains;7
6814;239;97;224;land;false;plains;7
6815;255;241;248;land;true;forest;7
6816;253;201;199;land;true;plains;5
6817;221;148;248;land;false;plains;7
6818;142;252;122;land;true;plains;7
6819;252;189;130;land;false;plains;2
6820;183;214;250;land;false;hills;5
6821;112;68;250;land;false;plains;7
6822;185;221;251;land;false;plains;7
6823;224;219;254;land;false;desert;3
6824;221;235;254;land;false;plains;7
6825;185;251;144;land;true;plains;7
6826;174;251;190;land;false;plains;7
6827;252;200;215;land;false;forest;6
6828;247;80;246;land;true;plains;7
6829;119;137;241;land;false;plains;7
6830;255;213;210;land;true;plains;7
6831;215;250;253;land;true;plains;7
6832;109;199;227;land;true;plains;7
6833;43;210;252;land;false;hills;3
6834;126;212;240;land;false;plains;7
6835;251;189;177;land;false;marsh;7
6836;251;181;96;land;false;plains;7
6837;220;255;245;land;true;plains;7
6838;228;125;100;land;false;plains;7
6839;240;234;115;land;false;mountain;5
6840;70;245;108;land;false;forest;7
6841;131;171;243;land;false;plains;7
6842;137;125;236;land;false;plains;7
6843;254;222;254;land;false;plains;7
6844;153;93;235;land;false;plains;7
6845;216;99;231;land;false;plains;7
6846;254;157;175;land;false;plains;7
6847;255;230;149;land;false;desert;1
6848;198;252;173;land;false;mountain;7
6849;249;250;255;land;false;desert;3
6850;255;239;252;land;false;plains;5
6851;234;97;153;land;false;plains;7
6852;231;120;180;land;false;plains;7
6853;185;218;76;land;false;plains;7
6854;135;237;181;land;true;plains;7
6855;208;77;51;land;false;plains;7
6856;254;230;251;land;false;plains;7
6857;249;199;158;land;false;plains;7
6858;250;211;254;land;false;plains;7
6859;145;210;80;land;false;plains;7
6860;245;37;190;land;true;forest;7
6861;203;59;145;land;false;hills;7
6862;223;74;144;land;false;plains;7
6863;162;249;128;land;true;plains;7
6864;109;231;171;land;false;plains;7
6865;43;218;66;land;false;plains;7
6866;224;6;254;land;false;plains;6
6867;250;255;253;land;false;forest;7
6868;84;195;65;land;false;contaminated;2
6869;237;242;255;land;true;plains;7
6870;232;255;239;land;false;desert;1
6871;169;252;118;land;false;plains;7
6872;255;247;216;land;false;plains;7
6873;241;254;220;land;false;hills;7
6874;145;138;251;land;true;plains;7
6875;253;152;182;land;false;plains;7
6876;227;164;250;land;false;plains;6
6877;79;200;60;land;true;plains;7
6878;252;206;187;land;true;forest;7
6879;197;253;237;land;true;plains;3
6880;247;255;254;land;false;forest;5
6881;243;255;247;land;false;plains;7
6882;182;210;250;land;false;forest;7
6883;234;253;209;land;false;plains;7
6884;238;62;107;land;false;plains;7
6885;253;224;209;land;false;hills;4
6886;99;212;233;land;true;marsh;7
6887;246;177;149;land;true;plains;7
6888;48;90;239;land;false;plains;7
6889;179;54;232;land;false;desert;3
6890;228;255;250;land;false;plains;7
6891;216;53;108;land;false;plains;7
6892;53;255;29;land;false;plains;7
6893;206;70;114;land;true;plains;5
6894;255;48;163;land;true;plains;7
6895;205;247;100;land;true;forest;7
6896;237;246;143;land;false;hills;6
6897;186;222;250;land;true;forest;7
6898;219;113;250;land;false;forest;7
6899;252;204;253;land;false;plains;7
6900;254;197;200;land;false;plains;7
6901;255;208;219;land;false;forest;7
6902;43;251;145;land;false;plains;7
6903;123;232;156;land;true;plains;7
6904;251;193;232;land;false;desert;3
6905;136;147;254;land;true;forest;6
6906;69;165;238;land;false;plains;7
6907;227;253;148;land;true;plains;7
6908;255;241;217;land;false;forest;5
6909;246;223;254;land;false;plains;7
6910;169;247;220;land;true;plains;7
6911;119;253;202;land;true;plains;7
6912;197;252;213;land;true;plains;7
6913;239;255;255;land;false;desert;3
6914;179;128;245;land;false;hills;7
6915;245;154;234;land;false;mountain;2
6916;254;235;182;land;false;plains;7
6917;229;250;83;land;false;plains;7
6918;251;186;154;land;false;plains;7
6919;148;182;245;land;false;plains;7
6920;170;146;251;land;false;plains;7
6921;124;208;240;land;false;plains;5
6922;230;224;255;land;false;plains;7
6923;118;223;75;land;true;plains;7
6924;233;70;106;land;false;plains;7
6925;243;255;221;land;false;forest;7
6926;244;254;232;land;false;plains;7
6927;170;160;244;land;false;hills;5
6928;142;120;250;land;true;forest;6
6929;85;234;110;land;false;plains;7
6930;253;220;187;land;false;plains;7
6931;253;186;150;land;false;plains;7
6932;243;48;61;land;false;contaminated;2
6933;210;253;248;land;false;plains;7
6934;214;208;255;land;false;plains;7
6935;178;238;130;land;false;plains;7
6936;176;255;94;land;false;hills;7
6937;116;77;240;land;false;forest;7
6938;255;221;220;land;true;plains;7
6939;228;133;31;land;false;hills;7
6940;207;255;211;land;false;plains;7
6941;242;148;239;land;false;forest;7
6942;240;145;164;land;false;plains;7
6943;165;251;182;land;true;desert;6
6944;238;236;255;land;false;plains;7
6945;161;249;227;land;false;mountain;7
6946;255;236;247;land;false;plains;7
6947;245;107;176;land;false;forest;7
6948;243;233;142;land;false;plains;7
6949;92;185;241;land;false;plains;7
6950;37;255;96;land;false;contaminated;2
6951;44;80;223;land;false;plains;7
6952;255;220;236;land;false;plains;7
6953;247;255;224;land;false;plains;7
6954;18;247;244;land;true;plains;7
6955;150;235;115;land;false;plains;7
6956;182;217;251;land;false;plains;7
6957;120;230;206;land;false;plains;7
6958;253;200;186;land;false;contaminated;2
6959;52;178;217;land;false;hills;7
6960;242;239;255;land;false;plains;7
6961;235;120;193;land;false;desert;5
6962;191;252;253;land;false;plains;7
6963;246;255;200;land;false;plains;7
6964;248;118;235;land;false;plains;7
6965;223;244;255;land;false;plains;7
6966;249;255;249;land;false;plains;7
6967;255;245;253;land;false;plains;7
6968;161;242;97;land;false;plains;7
6969;227;184;102;land;false;forest;7
6970;157;240;247;land;false;desert;1
6971;233;165;106;land;false;plains;6
6972;254;253;227;land;false;plains;7
6973;146;178;245;land;false;plains;7
6974;104;141;235;land;true;plains;7
6975;253;255;255;land;false;plains;7
6976;235;75;20;land;false;forest;7
6977;219;250;254;land;false;plains;7
6978;75;109;231;land;false;plains;7
6979;250;121;162;land;true;plains;6
6980;255;247;250;land;true;plains;7
6981;183;251;253;land;true;plains;7
6982;163;120;242;land;false;plains;7
6983;61;183;214;land;false;plains;7
6984;229;69;163;land;false;plains;7
6985;231;115;163;land;false;mountain;7
6986;157;127;249;land;true;plains;7
6987;196;237;253;land;true;forest;7
6988;203;130;246;land;false;plains;7
6989;224;53;158;land;false;plains;7
6990;227;248;95;land;false;plains;7
6991;171;174;250;land;false;plains;6
6992;95;177;249;land;false;plains;7
6993;209;102;60;land;false;forest;7
6994;208;255;155;land;false;contaminated;2
6995;134;153;240;land;false;plains;7
6996;240;143;182;land;false;plains;7
6997;251;146;101;land;true;plains;7
6998;254;197;171;land;false;plains;7
6999;90;254;90;land;false;forest;7
7000;242;205;254;land;false;contaminated;2
7001;131;212;66;land;false;plains;7
7002;254;199;181;land;true;plains;7
7003;240;87;211;land;false;hills;3
7004;253;207;228;land;false;forest;7
7005;186;215;252;land;false;plains;7
7006;220;158;249;land;true;desert;3
7007;231;229;27;land;false;forest;7
7008;253;217;151;land;false;plains;7
7009;127;239;50;land;false;forest;7
7010;253;200;145;land;true;plains;7
7011;144;245;72;land;false;plains;7
7012;100;108;240;land;false;plains;7
7013;242;174;141;land;false;plains;7
7014;210;254;193;land;false;plains;7
7015;229;185;250;land;false;plains;7
7016;152;153;255;land;false;plains;7
7017;202;255;233;land;false;contaminated;2
7018;254;253;188;land;false;plains;7
7019;77;126;232;land;false;plains;7
7020;240;205;143;land;true;plains;7
7021;228;76;57;land;false;plains;7
7022;189;116;242;land;false;plains;7
7023;225;178;254;land;true;marsh;7
7024;68;219;202;land;false;plains;7
7025;124;215;49;land;false;plains;7
7026;250;235;174;land;false;contaminated;2
7027;215;78;170;land;false;plains;7
7028;177;235;251;land;false;plains;7
7029;157;253;237;land;false;plains;7
7030;66;126;204;land;false;plains;7
7031;172;210;254;land;false;hills;7
7032;89;225;167;land;false;desert;1
7033;247;255;252;land;false;hills;3
7034;251;166;219;land;false;hills;7
7035;236;228;111;land;false;plains;7
7036;186;173;255;land;true;plains;7
7037;211;111;240;land;false;plains;7
7038;35;49;245;land;false;plains;6
7039;193;253;250;land;false;plains;7
7040;235;255;43;land;false;plains;7
7041;31;201;239;land;false;plains;7
7042;77;239;240;land;false;forest;6
7043;124;250;123;land;true;plains;7
7044;108;49;240;land;false;hills;7
7045;147;123;247;land;false;plains;7
7046;209;175;253;land;false;hills;7
7047;96;159;230;land;false;plains;1
7048;231;255;238;land;true;forest;7
7049;153;211;69;land;false;plains;7
7050;236;255;236;land;false;plains;7
7051;246;255;249;land;false;hills;7
7052;197;248;169;land;false;plains;7
7053;201;234;253;land;true;plains;7
7054;250;251;190;land;true;forest;7
7055;240;144;187;land;false;plains;7
7056;97;247;167;land;false;plains;7
7057;238;248;255;land;false;plains;7
7058;129;211;58;land;true;plains;7
7059;237;255;241;land;true;desert;3
7060;254;222;251;land;false;plains;7
7061;236;62;186;land;true;plains;7
7062;255;240;251;land;false;plains;7
7063;35;215;255;land;true;forest;7
7064;252;191;140;land;false;plains;7
7065;171;213;252;land;false;contaminated;2
7066;244;255;238;land;false;forest;7
7067;131;83;209;land;false;plains;7
7068;203;251;253;land;false;plains;7
7069;252;188;98;land;false;plains;7
7070;157;231;117;land;false;plains;7
7071;179;210;250;land;false;plains;7
7072;101;235;248;land;false;hills;7
7073;30;45;235;land;false;desert;3
7074;251;102;141;land;false;plains;7
7075;194;250;254;land;false;plains;7
7076;183;83;234;land;false;plains;7
7077;197;231;253;land;true;plains;7
7078;91;214;89;land;false;urban;5
7079;81;162;255;land;false;desert;3
7080;255;254;231;land;true;marsh;7
7081;229;196;252;land;false;plains;7
7082;253;124;205;land;false;hills;7
7083;213;250;182;land;true;plains;7
7084;247;212;91;land;true;plains;7
7085;218;255;216;land;false;desert;5
7086;115;236;141;land;true;plains;7
7087;253;252;209;land;false;plains;7
7088;169;255;220;land;false;plains;7
7089;38;183;230;land;true;plains;7
7090;177;251;183;land;false;plains;5
7091;119;232;222;land;false;plains;7
7092;253;168;143;land;false;plains;7
7093;249;129;224;land;false;plains;7
7094;189;235;253;land;false;plains;7
7095;254;228;254;land;false;plains;7
7096;74;236;55;land;false;plains;7
7097;234;120;220;land;false;plains;7
7098;202;252;246;land;true;plains;7
7099;247;195;113;land;false;plains;7
7100;209;190;253;land;false;plains;7
7101;210;80;183;land;false;hills;3
7102;214;245;118;land;false;plains;7
7103;95;158;254;land;false;plains;7
7104;253;241;202;land;false;plains;7
7105;246;27;250;land;false;plains;7
7106;168;249;248;land;true;plains;7
7107;206;57;242;land;false;forest;7
7108;83;230;243;land;false;hills;3
7109;218;176;249;land;true;plains;7
7110;199;131;249;land;true;plains;7
7111;77;248;29;land;false;marsh;1
7112;239;31;158;land;false;forest;7
7113;189;254;187;land;false;plains;7
7114;242;63;202;land;false;plains;7
7115;234;128;229;land;false;hills;7
7116;237;138;226;land;true;plains;7
7117;237;181;249;land;false;hills;7
7118;176;250;228;land;false;desert;3
7119;115;250;102;land;false;plains;7
7120;200;62;196;land;false;plains;7
7121;241;91;195;land;false;plains;7
7122;230;191;253;land;true;plains;7
7123;254;219;228;land;false;plains;7
7124;244;254;130;land;false;plains;7
7125;155;247;171;land;true;plains;6
7126;198;239;38;land;true;forest;7
7127;110;215;228;land;false;plains;7
7128;244;202;134;land;false;hills;7
7129;59;212;137;land;false;hills;5
7130;236;127;202;land;false;plains;7
7131;211;254;184;land;true;desert;3
7132;247;255;251;land;false;desert;3
7133;141;226;250;land;false;plains;7
7134;35;254;194;land;true;plains;7
7135;251;183;226;land;false;plains;7
7136;216;195;53;land;false;hills;7
7137;223;255;248;land;false;plains;7
7138;253;197;180;land;false;plains;7
7139;238;104;84;land;false;desert;1
7140;250;190;185;land;false;plains;7
7141;222;162;245;land;false;plains;7
7142;9;247;29;land;false;marsh;7
7143;225;253;255;land;true;forest;7
7144;250;146;124;land;false;plains;7
7145;129;251;224;land;false;forest;5
7146;253;60;130;land;true;plains;7
7147;230;196;251;land;false;plains;7
7148;52;214;77;land;false;hills;6
7149;253;187;222;land;false;plains;7
7150;202;211;255;land;false;hills;7
7151;193;252;188;land;false;plains;7
7152;224;80;84;land;true;plains;7
7153;229;253;170;land;false;plains;7
7154;253;244;200;land;false;hills;7
7155;218;73;48;land;false;plains;7
7156;179;88;222;land;false;plains;7
7157;234;56;136;land;false;plains;1
7158;95;155;243;land;false;plains;7
7159;116;219;94;land;false;plains;7
7160;170;238;248;land;true;plains;7
7161;211;225;255;land;false;plains;7
7162;179;110;240;land;false;forest;7
7163;252;166;237;land;false;plains;7
7164;226;239;118;land;false;contaminated;2
7165;228;135;247;land;false;plains;7
7166;153;170;243;land;false;plains;7
7167;245;233;255;land;false;mountain;3
7168;247;151;215;land;false;forest;6
7169;135;133;237;land;false;forest;7
7170;176;165;254;land;true;marsh;7
7171;209;240;30;land;false;mountain;2
7172;254;156;138;land;true;plains;7
7173;136;232;79;land;true;plains;7
7174;253;248;107;land;false;plains;7
7175;254;214;213;land;false;plains;7
7176;134;242;140;land;true;plains;7
7177;134;134;250;land;false;contaminated;2
7178;205;119;232;land;false;contaminated;2
7179;218;215;254;land;false;plains;7
7180;59;199;234;land;false;plains;7
7181;114;254;165;land;false;mountain;2
7182;239;142;167;land;false;plains;7
7183;37;194;229;land;false;plains;7
7184;221;229;254;land;false;plains;6
7185;245;255;222;land;true;forest;7
7186;250;220;14;land;false;plains;7
7187;240;168;36;land;false;forest;7
7188;237;255;221;land;false;plains;7
7189;133;150;245;land;false;plains;7
7190;255;231;237;land;true;forest;7
7191;251;254;255;land;false;plains;7
7192;203;253;223;land;false;plains;7
7193;254;196;196;land;false;desert;3
7194;185;88;231;land;false;plains;7
7195;146;250;144;land;true;plains;7
7196;191;252;237;land;false;forest;7
7197;249;20;55;land;false;forest;7
7198;250;181;208;land;false;hills;7
7199;53;233;64;land;false;desert;1
7200;58;120;206;land;false;plains;7
7201;193;252;242;land;false;desert;3
7202;254;169;199;land;false;plains;7
7203;216;227;254;land;false;plains;7
7204;111;200;248;land;true;plains;7
7205;255;250;224;land;true;plains;7
7206;236;136;253;land;false;mountain;7
7207;184;235;37;land;false;plains;7
7208;254;228;231;land;false;desert;3
7209;110;76;254;land;false;plains;7
7210;254;221;249;land;false;hills;7
7211;254;230;236;land;false;plains;7
7212;168;246;90;land;false;plains;7
7213;242;173;78;land;false;plains;7
7214;255;250;242;land;false;hills;7
7215;203;69;89;land;false;desert;3
7216;222;210;255;land;false;plains;7
7217;203;250;253;land;false;contaminated;2
7218;209;221;255;land;false;plains;7
7219;215;254;241;land;false;plains;7
7220;163;248;133;land;false;mountain;1
7221;255;251;251;land;false;plains;7
7222;223;241;78;land;true;plains;7
7223;178;29;247;land;false;forest;6
7224;228;213;40;land;false;plains;7
7225;190;228;254;land;false;plains;7
7226;207;253;234;land;false;plains;7
7227;166;194;252;land;false;contaminated;2
7228;252;200;253;land;false;plains;7
7229;169;154;247;land;false;plains;7
7230;253;197;225;land;false;forest;5
7231;237;226;76;land;false;plains;7
7232;252;195;201;land;false;plains;7
7233;193;250;174;land;true;forest;7
7234;245;156;217;land;false;plains;7
7235;218;99;233;land;false;plains;7
7236;255;254;239;land;true;plains;7
7237;74;236;193;land;false;plains;7
7238;214;80;169;land;false;plains;7
7239;241;188;133;land;true;urban;6
7240;253;32;99;land;false;mountain;3
7241;214;215;255;land;false;plains;6
7242;97;182;248;land;true;plains;7
7243;113;237;254;land;false;mountain;3
7244;97;236;88;land;true;plains;7
7245;220;254;175;land;false;hills;7
7246;198;212;255;land;true;plains;7
7247;73;194;238;land;true;forest;7
7248;224;133;99;land;true;plains;7
7249;171;254;185;land;true;plains;7
7250;230;122;246;land;false;plains;7
7251;223;255;249;land;false;hills;5
7252;126;224;96;land;false;plains;7
7253;254;190;240;land;false;plains;7
7254;150;223;88;land;false;mountain;2
7255;71;156;228;land;false;plains;7
7256;254;167;223;land;false;contaminated;2
7257;53;100;237;land;true;plains;7
7258;207;56;136;land;false;plains;7
7259;55;202;118;land;true;plains;7
7260;120;235;151;land;false;hills;2
7261;167;40;224;land;true;plains;7
7262;242;47;142;land;false;plains;7
7263;252;202;211;land;false;plains;6
7264;83;193;252;land;false;plains;7
7265;216;135;87;land;false;plains;7
7266;231;248;123;land;false;plains;7
7267;218;250;255;land;false;forest;5
7268;208;78;170;land;false;plains;7
7269;125;182;249;land;false;plains;1
7270;229;252;133;land;false;plains;7
7271;245;252;255;land;false;plains;7
7272;186;61;229;land;false;plains;7
7273;95;139;235;land;true;desert;3
7274;222;194;251;land;true;plains;7
7275;34;207;229;land;true;plains;7
7276;186;79;217;land;false;desert;3
7277;150;243;160;land;false;plains;7
7278;249;212;166;land;false;plains;7
7279;225;147;247;land;true;plains;7
7280;57;83;209;land;false;plains;7
7281;255;248;251;land;false;plains;7
7282;237;246;150;land;false;plains;7
7283;237;185;44;land;false;plains;1
7284;255;210;232;land;false;plains;7
7285;246;254;226;land;false;plains;7
7286;253;6;77;land;false;plains;7
7287;252;140;213;land;false;forest;5
7288;177;135;239;land;true;marsh;1
7289;237;128;106;land;false;contaminated;2
7290;148;123;251;land;true;plains;7
7291;142;240;138;land;false;plains;7
7292;238;207;255;land;true;plains;7
7293;68;199;99;land;false;plains;7
7294;249;223;162;land;false;plains;7
7295;253;138;247;land;false;plains;7
7296;237;251;190;land;true;plains;7
7297;235;243;255;land;true;plains;7
7298;62;170;233;land;false;plains;7
7299;248;134;253;land;false;forest;7
7300;253;200;244;land;false;plains;7
7301;232;254;186;land;false;plains;7
7302;101;235;223;land;false;desert;1
7303;71;209;200;land;false;plains;7
7304;126;236;98;land;false;plains;7
7305;252;198;235;land;false;hills;7
7306;188;132;247;land;false;mountain;3
7307;153;252;190;land;false;plains;7
7308;241;147;174;land;false;hills;7
7309;187;252;99;land;true;plains;7
7310;30;30;249;land;true;plains;7
7311;254;205;236;land;true;plains;7
7312;191;252;181;land;true;marsh;7
7313;237;71;213;land;false;plains;7
7314;157;212;48;land;false;plains;7
7315;205;252;253;land;false;plains;7
7316;168;252;137;land;false;plains;7
7317;78;33;249;land;false;hills;7
7318;255;214;233;land;false;plains;7
7319;154;239;141;land;true;plains;7
7320;89;211;249;land;false;plains;7
7321;42;255;71;land;false;forest;6
7322;197;202;253;land;false;forest;7
7323;222;73;158;land;false;plains;7
7324;117;116;238;land;false;desert;5
7325;186;254;196;land;false;plains;7
7326;153;220;245;land;false;hills;7
7327;110;202;237;land;false;plains;7
7328;95;219;203;land;true;plains;7
7329;159;139;249;land;true;plains;7
7330;177;240;84;land;false;plains;7
7331;253;27;66;land;true;plains;7
7332;245;194;135;land;true;plains;7
7333;96;190;223;land;false;plains;7
7334;236;69;42;land;false;plains;7
7335;255;243;204;land;false;plains;7
7336;95;240;35;land;false;contaminated;2
7337;255;246;243;land;false;plains;7
7338;80;179;225;land;false;plains;7
7339;156;254;91;land;true;marsh;7
7340;51;212;124;land;true;plains;7
7341;224;254;197;land;false;forest;5
7342;56;62;238;land;false;plains;7
7343;172;119;247;land;false;plains;7
7344;251;75;220;land;false;forest;7
7345;72;177;239;land;false;forest;6
7346;96;246;236;land;true;forest;7
7347;134;63;214;land;false;plains;7
7348;254;150;71;land;true;plains;7
7349;238;225;255;land;false;plains;7
7350;212;246;254;land;true;plains;7
7351;250;211;253;land;false;forest;7
7352;251;211;109;land;false;plains;1
7353;247;248;255;land;false;plains;7
7354;253;207;208;land;false;plains;7
7355;91;245;116;land;true;plains;7
7356;247;163;205;land;false;plains;7
7357;247;181;172;land;false;forest;5
7358;254;252;165;land;true;marsh;7
7359;181;254;252;land;false;plains;3
7360;243;71;109;land;false;forest;5
7361;108;220;248;land;true;plains;7
7362;56;204;84;land;false;plains;7
7363;194;156;252;land;false;plains;7
7364;255;246;246;land;true;plains;7
7365;251;159;141;land;false;plains;7
7366;254;210;120;land;false;plains;7
7367;34;108;223;land;false;contaminated;2
7368;108;249;237;land;false;plains;7
7369;237;164;245;land;false;plains;7
7370;218;227;58;land;false;plains;7
7371;254;236;232;land;false;mountain;3
7372;179;243;115;land;true;plains;7
7373;222;203;94;land;true;plains;5
7374;255;162;156;land;false;plains;7
7375;167;101;248;land;false;plains;7
7376;135;246;208;land;false;plains;7
7377;255;243;235;land;false;plains;7
7378;252;87;204;land;false;desert;3
7379;178;250;173;land;false;forest;5
7380;252;146;161;land;false;mountain;2
7381;235;82;178;land;false;forest;5
7382;153;247;59;land;true;plains;7
7383;249;192;254;land;true;plains;7
7384;239;254;255;land;true;plains;7
7385;226;254;170;land;false;plains;7
7386;252;200;198;land;false;plains;7
7387;255;197;183;land;false;plains;7
7388;214;75;71;land;false;plains;7
7389;130;242;133;land;false;hills;7
7390;253;255;241;land;false;plains;7
7391;248;164;158;land;false;desert;3
7392;178;252;234;land;false;forest;7
7393;245;220;155;land;false;plains;7
7394;73;74;220;land;true;plains;7
7395;234;54;49;land;false;plains;7
7396;249;255;248;land;false;forest;7
7397;151;131;253;land;false;plains;7
7398;211;253;228;land;true;plains;7
7399;253;197;244;land;true;contaminated;2
7400;252;160;202;land;false;plains;7
7401;246;255;252;land;false;plains;7
7402;133;243;247;land;false;plains;7
7403;166;248;217;land;false;plains;7
7404;131;211;68;land;false;plains;7
7405;209;114;64;land;false;plains;7
7406;194;57;248;land;false;hills;5
7407;238;85;52;land;false;plains;5
7408;244;144;157;land;true;plains;7
7409;240;51;96;land;false;contaminated;2
7410;165;254;158;land;false;plains;7
7411;255;244;251;land;false;plains;7
7412;249;175;182;land;false;urban;5
7413;217;253;122;land;false;desert;3
7414;132;252;251;land;false;contaminated;2
7415;246;209;105;land;false;plains;7
7416;198;254;253;land;false;plains;7
7417;194;241;253;land;false;plains;7
7418;115;224;92;land;false;plains;7
7419;204;254;211;land;false;plains;7
7420;59;233;229;land;false;plains;1
7421;230;255;237;land;false;hills;7
7422;217;216;46;land;false;plains;7
7423;254;213;217;land;true;plains;7
7424;164;49;228;land;false;plains;7
7425;203;252;254;land;true;plains;7
7426;253;206;252;land;false;hills;7
7427;194;73;230;land;false;plains;7
7428;245;136;238;land;true;plains;7
7429;171;247;221;land;false;hills;7
7430;112;76;210;land;false;plains;7
7431;252;144;100;land;false;hills;7
7432;168;61;204;land;false;plains;7
7433;245;244;53;land;false;plains;7
7434;85;127;230;land;false;mountain;5
7435;199;239;138;land;true;forest;7
7436;85;226;177;land;true;plains;7
7437;254;244;219;land;false;plains;7
7438;254;252;196;land;false;plains;7
7439;236;252;169;land;false;plains;7
7440;162;252;122;land;false;plains;7
7441;254;205;214;land;false;plains;7
7442;146;253;171;land;false;hills;7
7443;210;52;110;land;false;forest;5
7444;247;169;244;land;false;plains;7
7445;212;241;17;land;false;contaminated;2
7446;212;210;253;land;false;plains;7
7447;160;247;131;land;true;plains;7
7448;182;247;166;land;false;contaminated;2
7449;160;174;249;land;false;forest;7
7450;209;210;52;land;false;plains;7
7451;254;234;198;land;false;hills;7
7452;102;87;230;land;false;contaminated;2
7453;228;218;254;land;false;forest;6
7454;244;255;247;land;true;plains;7
7455;237;66;248;land;true;plains;7
7456;80;222;212;land;false;desert;1
7457;254;204;241;land;false;plains;7
7458;189;253;192;land;false;plains;7
7459;249;173;209;land;false;plains;7
7460;163;250;214;land;false;marsh;5
7461;55;179;241;land;false;forest;7
7462;212;248;97;land;false;forest;7
7463;200;253;246;land;false;plains;7
7464;244;160;121;land;false;vorkernsberg;5
7465;251;188;230;land;true;plains;7
7466;99;255;118;land;false;plains;7
7467;254;175;248;land;false;plains;7
7468;104;174;230;land;true;plains;7
7469;167;249;145;land;false;mountain;7
7470;253;185;215;land;false;plains;7
7471;225;164;94;land;false;plains;7
7472;233;101;22;land;false;hills;7
7473;127;225;247;land;false;plains;7
7474;204;174;73;land;false;plains;7
7475;93;213;223;land;false;contaminated;2
7476;131;145;246;land;false;plains;7
7477;216;251;183;land;false;forest;7
7478;196;179;251;land;false;desert;3
7479;245;158;128;land;false;forest;5
7480;51;210;209;land;false;plains;7
7481;137;226;242;land;false;hills;7
7482;201;229;253;land;false;mountain;3
7483;181;193;249;land;false;forest;5
7484;89;240;96;land;false;plains;7
7485;214;126;86;land;true;plains;7
7486;253;211;232;land;false;desert;3
7487;253;212;211;land;false;plains;7
7488;217;221;254;land;false;plains;7
7489;254;254;201;land;false;hills;7
7490;251;203;179;land;false;plains;7
7491;238;212;75;land;false;hills;7
7492;252;242;197;land;false;plains;7
7493;239;130;247;land;false;plains;7
7494;255;235;229;land;false;plains;7
7495;255;234;245;land;true;forest;7
7496;168;251;74;land;true;marsh;7
7497;246;70;29;land;false;desert;3
7498;113;219;86;land;false;plains;7
7499;198;229;90;land;false;plains;7
7500;253;99;65;land;false;forest;5
7501;226;251;156;land;true;desert;3
7502;237;39;131;land;false;desert;1
7503;135;190;252;land;false;plains;7
7504;54;249;143;land;false;desert;3
7505;137;178;239;land;true;plains;7
7506;253;169;177;land;false;contaminated;2
7507;96;228;89;land;true;plains;7
7508;26;26;240;land;false;plains;6
7509;237;255;246;land;true;plains;7
7510;250;254;228;land;false;plains;7
7511;180;61;234;land;false;plains;7
7512;235;56;91;land;false;desert;3
7513;169;235;77;land;false;plains;7
7514;248;255;241;land;false;hills;7
7515;186;218;72;land;false;plains;7
7516;254;204;199;land;false;plains;7
7517;254;184;239;land;true;plains;7
7518;255;251;202;land;false;plains;7
7519;147;245;152;land;false;plains;7
7520;64;86;249;land;false;plains;7
7521;89;242;215;land;false;plains;7
7522;255;241;236;land;true;plains;7
7523;189;236;255;land;false;plains;7
7524;201;155;69;land;false;plains;7
7525;216;165;250;land;false;plains;7
7526;254;220;204;land;false;plains;7
7527;148;247;146;land;false;plains;6
7528;212;224;253;land;false;plains;7
7529;153;109;226;land;false;plains;7
7530;249;207;124;land;false;mountain;7
7531;250;89;115;land;false;plains;7
7532;118;190;229;land;false;plains;7
7533;116;137;253;land;true;plains;7
7534;67;218;255;land;false;plains;7
7535;233;254;197;land;false;plains;7
7536;165;247;237;land;false;plains;7
7537;37;226;169;land;false;mountain;5
7538;65;202;91;land;false;plains;7
7539;231;250;254;land;false;contaminated;2
7540;138;70;243;land;false;plains;7
7541;251;86;106;land;false;hills;7
7542;250;173;232;land;false;plains;5
7543;182;254;218;land;true;plains;7
7544;191;230;106;land;false;plains;7
7545;252;238;203;land;false;plains;7
7546;180;236;61;land;false;plains;6
7547;255;243;239;land;false;plains;7
7548;154;95;224;land;false;desert;3
7549;240;135;214;land;false;plains;2
7550;254;184;255;land;false;plains;7
7551;255;209;250;land;true;marsh;7
7552;248;181;85;land;false;marsh;7
7553;214;195;254;land;false;hills;7
7554;223;244;254;land;false;plains;7
7555;192;182;250;land;false;hills;7
7556;238;250;151;land;false;forest;7
7557;49;226;232;land;false;plains;7
7558;251;168;157;land;false;plains;7
7559;225;139;95;land;false;forest;3
7560;145;223;250;land;false;plains;7
7561;255;214;54;land;false;plains;7
7562;105;224;129;land;true;marsh;7
7563;102;237;130;land;false;plains;7
7564;230;78;104;land;false;plains;5
7565;156;154;253;land;false;forest;7
7566;205;57;221;land;false;plains;7
7567;251;161;95;land;false;desert;1
7568;183;251;233;land;false;plains;3
7569;228;209;114;land;true;plains;7
7570;160;171;245;land;false;hills;7
7571;226;254;229;land;false;plains;6
7572;208;177;248;land;false;hills;7
7573;201;252;181;land;true;forest;7
7574;41;227;146;land;false;plains;7
7575;139;246;174;land;false;plains;7
7576;82;231;88;land;false;plains;7
7577;92;222;83;land;false;plains;5
7578;159;231;88;land;true;plains;7
7579;238;221;255;land;true;plains;7
7580;52;252;47;land;true;plains;7
7581;133;62;210;land;true;plains;7
7582;224;62;140;land;false;plains;7
7583;254;230;222;land;true;plains;7
7584;235;164;253;land;false;contaminated;2
7585;180;253;210;land;true;forest;1
7586;74;244;92;land;false;plains;7
7587;227;219;254;land;true;plains;7
7588;86;157;216;land;false;plains;7
7589;139;134;251;land;false;desert;3
7590;75;155;255;land;false;mountain;5
7591;147;246;136;land;false;plains;7
7592;253;223;172;land;true;plains;7
7593;248;237;52;land;false;contaminated;2
7594;213;61;86;land;false;plains;7
7595;228;215;254;land;false;plains;7
7596;103;242;236;land;false;contaminated;2
7597;215;251;141;land;true;marsh;7
7598;172;203;249;land;false;hills;7
7599;218;254;231;land;true;plains;7
7600;252;171;183;land;false;plains;7
7601;159;250;245;land;false;plains;7
7602;127;247;161;land;false;mountain;2
7603;29;100;251;land;false;forest;6
7604;231;255;232;land;false;contaminated;2
7605;251;174;135;land;false;plains;7
7606;251;235;255;land;false;hills;3
7607;157;186;254;land;true;plains;7
7608;30;249;26;land;false;plains;7
7609;255;249;250;land;false;plains;7
7610;245;183;124;land;false;plains;7
7611;228;190;253;land;false;plains;1
7612;202;75;187;land;false;plains;7
7613;45;251;153;land;true;plains;7
7614;54;144;221;land;false;plains;7
7615;250;82;195;land;false;mountain;5
7616;165;224;251;land;false;plains;7
7617;252;154;160;land;true;plains;7
7618;231;233;254;land;true;desert;5
7619;194;224;88;land;false;plains;7
7620;228;233;94;land;false;contaminated;2
7621;249;247;171;land;false;desert;1
7622;252;201;215;land;false;desert;3
7623;185;76;223;land;true;plains;7
7624;71;189;225;land;true;plains;7
7625;252;237;255;land;false;contaminated;2
7626;252;105;156;land;false;forest;7
7627;234;244;255;land;true;plains;7
7628;241;179;251;land;false;plains;7
7629;253;214;236;land;false;plains;7
7630;235;217;254;land;false;plains;6
7631;34;251;195;land;false;forest;7
7632;158;130;247;land;true;plains;7
7633;241;144;122;land;true;plains;7
7634;247;171;108;land;false;plains;7
7635;212;48;220;land;false;plains;5
7636;226;254;254;land;true;plains;7
7637;249;168;199;land;true;desert;3
7638;139;231;55;land;false;plains;7
7639;37;47;229;land;false;desert;5
7640;184;143;242;land;false;plains;7
7641;250;239;255;land;false;plains;7
7642;237;19;185;land;false;plains;7
7643;253;113;242;land;true;plains;7
7644;174;153;254;land;false;marsh;5
7645;230;175;84;land;false;hills;7
7646;56;238;115;land;false;plains;7
7647;253;253;96;land;false;plains;7
7648;254;201;205;land;false;plains;7
7649;39;250;87;land;false;mountain;7
7650;83;39;224;land;false;contaminated;2
7651;240;214;64;land;true;marsh;7
7652;71;222;155;land;false;plains;7
7653;69;246;178;land;false;plains;7
7654;239;251;255;land;false;plains;6
7655;244;219;254;land;false;plains;7
7656;239;90;78;land;false;plains;5
7657;235;193;128;land;false;hills;7
7658;201;232;254;land;false;plains;1
7659;206;233;253;land;false;forest;7
7660;238;223;61;land;false;hills;3
7661;249;186;138;land;false;desert;3
7662;196;249;172;land;false;plains;7
7663;205;198;77;land;false;contaminated;2
7664;106;118;226;land;false;forest;5
7665;155;254;185;land;false;plains;7
7666;240;33;45;land;false;contaminated;2
7667;130;62;216;land;false;hills;7
7668;113;242;100;land;false;plains;7
7669;215;254;240;land;false;plains;7
7670;165;253;179;land;false;plains;7
7671;253;188;236;land;false;plains;7
7672;105;158;226;land;true;plains;7
7673;226;254;231;land;false;plains;7
7674;76;236;85;land;false;plains;7
7675;241;246;165;land;true;plains;7
7676;13;66;249;land;false;plains;5
7677;206;216;78;land;false;plains;7
7678;212;253;114;land;false;plains;6
7679;250;151;231;land;false;plains;7
7680;139;156;246;land;false;plains;7
7681;129;44;218;land;true;forest;7
7682;251;111;159;land;false;plains;3
7683;253;255;243;land;false;mountain;7
7684;244;106;237;land;false;plains;7
7685;249;255;252;land;false;hills;5
7686;220;234;254;land;false;plains;7
7687;104;243;159;land;true;plains;7
7688;113;250;56;land;false;mountain;1
7689;243;197;110;land;false;hills;7
7690;253;254;162;land;false;plains;7
7691;248;60;190;land;false;plains;7
7692;93;245;115;land;false;desert;3
7693;255;253;228;land;false;forest;6
7694;242;212;254;land;true;plains;7
7695;216;244;93;land;true;marsh;7
7696;129;45;224;land;true;plains;7
7697;253;201;239;land;false;plains;7
7698;254;215;215;land;false;plains;7
7699;253;243;158;land;false;plains;7
7700;164;249;174;land;false;contaminated;2
7701;255;214;211;land;false;plains;7
7702;169;253;216;land;false;plains;7
7703;238;235;38;land;false;hills;5
7704;133;222;81;land;false;plains;7
7705;242;137;222;land;true;plains;7
7706;234;92;187;land;false;mountain;2
7707;213;203;254;land;false;hills;7
7708;234;106;108;land;false;hills;3
7709;253;188;248;land;false;plains;7
7710;245;162;237;land;false;plains;7
7711;100;228;97;land;false;plains;7
7712;253;251;255;land;true;plains;7
7713;230;201;56;land;true;marsh;6
7714;57;67;207;land;true;plains;7
7715;253;253;255;land;false;desert;1
7716;159;92;219;land;false;desert;6
7717;185;253;247;land;false;forest;7
7718;33;208;226;land;false;plains;7
7719;249;255;228;land;false;desert;3
7720;98;48;224;land;false;plains;7
7721;119;254;103;land;false;desert;3
7722;72;235;123;land;true;plains;7
7723;90;17;247;land;false;plains;7
7724;94;223;150;land;true;plains;7
7725;240;171;251;land;false;plains;7
7726;249;171;202;land;true;plains;7
7727;94;199;71;land;false;desert;3
7728;202;70;243;land;true;plains;7
7729;159;42;218;land;true;plains;7
7730;254;229;249;land;false;plains;7
7731;182;158;248;land;true;desert;5
7732;103;130;226;land;false;plains;7
7733;214;255;212;land;false;plains;7
7734;253;185;211;land;false;plains;7
7735;182;181;252;land;false;forest;7
7736;239;161;92;land;false;plains;7
7737;251;111;160;land;false;desert;3
7738;224;103;241;land;true;plains;7
7739;242;139;58;land;true;forest;3
7740;166;137;242;land;true;forest;7
7741;213;145;87;land;false;plains;7
7742;70;243;47;land;false;hills;5
7743;252;252;255;land;false;hills;7
7744;254;219;253;land;false;plains;7
7745;226;154;80;land;false;plains;7
7746;201;184;252;land;true;plains;7
7747;254;201;177;land;false;plains;7
7748;254;218;179;land;false;plains;7
7749;245;255;251;land;false;plains;7
7750;61;199;61;land;false;desert;1
7751;197;254;178;land;false;plains;7
7752;232;206;88;land;false;mountain;7
7753;244;219;255;land;false;contaminated;2
7754;46;86;222;land;false;hills;7
7755;23;253;53;land;false;plains;7
7756;191;154;245;land;false;plains;7
7757;236;80;73;land;false;plains;7
7758;94;227;80;land;false;plains;7
7759;249;249;67;land;false;hills;7
7760;234;164;247;land;false;plains;7
7761;82;237;203;land;false;forest;7
7762;214;179;253;land;false;plains;7
7763;182;138;245;land;false;contaminated;2
7764;227;255;169;land;false;plains;5
7765;255;237;233;land;false;contaminated;2
7766;107;91;228;land;false;plains;7
7767;201;24;233;land;false;plains;7
7768;236;187;115;land;false;plains;7
7769;251;116;216;land;false;plains;7
7770;226;201;252;land;false;mountain;5
7771;223;95;60;land;true;desert;3
7772;109;246;89;land;false;plains;7
7773;254;176;181;land;true;plains;7
7774;82;241;37;land;false;hills;6
7775;148;246;120;land;false;plains;7
7776;245;255;243;land;false;plains;7
7777;246;241;255;land;false;desert;3
7778;255;250;230;land;false;urban;5
7779;116;91;219;land;false;forest;7
7780;230;133;93;land;false;hills;7
7781;255;228;233;land;false;contaminated;2
7782;172;252;58;land;false;plains;7
7783;250;205;176;land;false;plains;7
7784;90;236;171;land;true;plains;5
7785;241;221;129;land;true;plains;7
7786;246;110;123;land;false;contaminated;2
7787;253;228;145;land;false;forest;5
7788;43;83;249;land;false;hills;1
7789;76;242;88;land;false;plains;7
7790;188;249;179;land;false;contaminated;2
7791;71;234;196;land;false;plains;7
7792;245;242;255;land;true;desert;6
7793;235;165;94;land;false;desert;3
7794;75;77;253;land;false;plains;7
7795;71;245;189;land;false;plains;7
7796;224;254;244;land;false;plains;7
7797;254;222;252;land;false;plains;1
7798;249;192;106;land;false;plains;7
7799;251;228;255;land;false;forest;7
7800;160;245;176;land;true;forest;7
7801;246;165;245;land;false;plains;7
7802;215;200;40;land;false;plains;7
7803;67;238;126;land;false;plains;7
7804;137;222;245;land;false;plains;5
7805;113;221;86;land;false;hills;7
7806;65;189;222;land;false;plains;7
7807;251;166;202;land;false;plains;7
7808;123;138;244;land;false;plains;7
7809;63;121;221;land;false;plains;7
7810;253;209;213;land;true;plains;7
7811;243;121;193;land;true;plains;7
7812;116;230;217;land;false;plains;5
7813;187;245;140;land;false;plains;7
7814;238;114;51;land;true;plains;7
7815;165;25;254;land;false;plains;7
7816;243;145;231;land;false;plains;7
7817;254;104;139;land;false;forest;7
7818;59;223;221;land;false;plains;7
7819;187;243;101;land;false;hills;5
7820;238;208;255;land;false;hills;7
7821;250;208;117;land;false;plains;7
7822;203;253;249;land;false;forest;7
7823;255;237;239;land;false;hills;7
7824;128;244;90;land;true;plains;7
7825;216;228;253;land;false;hills;3
7826;135;255;251;land;false;hills;3
7827;58;115;225;land;false;forest;5
7828;243;255;213;land;true;forest;7
7829;199;101;225;land;false;plains;7
7830;113;228;100;land;true;plains;7
7831;228;248;101;land;false;plains;7
7832;192;255;139;land;false;forest;7
7833;216;104;224;land;false;plains;7
7834;250;242;143;land;false;desert;3
7835;61;142;233;land;false;plains;7
7836;254;233;219;land;true;plains;7
7837;248;210;150;land;false;plains;3
7838;123;244;202;land;true;plains;7
7839;52;253;46;land;true;plains;7
7840;211;223;98;land;true;plains;7
7841;227;255;178;land;true;plains;7
7842;221;254;250;land;false;plains;7
7843;172;238;131;land;false;hills;7
7844;60;214;52;land;false;contaminated;2
7845;245;249;171;land;false;forest;7
7846;56;210;190;land;false;plains;7
7847;234;86;129;land;false;plains;7
7848;230;180;249;land;false;plains;7
7849;249;216;155;land;false;forest;7
7850;209;253;236;land;false;desert;5
7851;243;254;209;land;false;plains;7
7852;133;45;229;land;true;marsh;7
7853;130;243;242;land;false;plains;7
7854;225;130;236;land;false;contaminated;2
7855;103;93;242;land;true;plains;7
7856;167;100;241;land;true;forest;7
7857;65;132;234;land;false;plains;7
7858;160;141;244;land;true;hills;5
7859;87;117;225;land;false;desert;1
7860;141;246;177;land;false;forest;7
7861;22;10;249;land;false;hills;7
7862;218;254;234;land;true;plains;7
7863;224;238;254;land;false;plains;7
7864;249;227;159;land;true;plains;7
7865;245;253;255;land;false;plains;7
7866;248;251;85;land;false;plains;7
7867;246;119;223;land;false;hills;7
7868;133;253;127;land;false;plains;7
7869;149;226;254;land;false;plains;5
7870;249;63;42;land;false;plains;7
7871;244;255;232;land;false;plains;7
7872;248;175;183;land;false;plains;7
7873;247;119;253;land;false;forest;7
7874;67;245;234;land;false;hills;7
7875;155;216;249;land;true;plains;7
7876;125;254;130;land;true;plains;7
7877;163;196;255;land;false;plains;7
7878;142;223;243;land;false;plains;6
7879;229;253;158;land;false;desert;3
7880;179;117;244;land;true;plains;7
7881;115;247;16;land;false;plains;7
7882;168;240;251;land;false;desert;3
7883;204;244;255;land;false;plains;7
7884;239;118;161;land;false;mountain;7
7885;213;252;193;land;false;vorkernsberg;5
7886;191;230;253;land;false;plains;7
7887;251;96;135;land;false;plains;7
7888;161;195;255;land;false;marsh;6
7889;229;101;136;land;false;plains;7
7890;192;249;251;land;false;contaminated;2
7891;218;86;198;land;false;plains;7
7892;243;124;178;land;false;plains;7
7893;91;63;202;land;false;plains;7
7894;247;35;43;land;false;plains;7
7895;246;128;189;land;false;plains;7
7896;233;101;60;land;false;plains;7
7897;248;253;177;land;false;desert;3
7898;251;223;181;land;false;plains;7
7899;247;112;49;land;false;plains;7
7900;128;249;135;land;true;plains;7
7901;241;239;97;land;true;plains;3
7902;122;242;191;land;false;plains;6
7903;149;229;253;land;false;hills;3
7904;251;196;217;land;false;plains;7
7905;237;250;187;land;false;plains;7
7906;211;254;251;land;false;forest;7
7907;248;178;181;land;true;plains;7
7908;156;187;243;land;false;desert;1
7909;195;255;183;land;false;plains;7
7910;211;254;215;land;false;hills;7
7911;240;56;108;land;false;hills;6
7912;246;255;239;land;false;plains;7
7913;244;181;254;land;false;forest;5
7914;253;141;245;land;false;desert;3
7915;67;208;143;land;true;forest;7
7916;222;201;252;land;false;plains;7
7917;221;37;223;land;false;plains;6
7918;181;239;34;land;false;plains;7
7919;254;230;239;land;false;plains;7
7920;150;172;254;land;true;desert;6
7921;204;128;70;land;true;plains;7
7922;237;102;44;land;false;plains;7
7923;117;240;244;land;true;plains;7
7924;44;209;252;land;false;plains;7
7925;188;247;65;land;true;plains;7
7926;94;238;60;land;false;plains;7
7927;244;227;254;land;false;plains;7
7928;251;250;181;land;false;forest;7
7929;222;244;88;land;false;plains;7
7930;191;253;240;land;true;desert;3
7931;247;165;228;land;false;plains;2
7932;134;244;223;land;true;plains;7
7933;151;250;186;land;true;desert;3
7934;222;127;252;land;false;mountain;5
7935;37;239;188;land;false;forest;5
7936;241;247;255;land;false;desert;3
7937;209;209;254;land;false;plains;7
7938;237;59;111;land;false;contaminated;2
7939;241;174;97;land;true;plains;7
7940;202;255;162;land;false;plains;7
7941;232;55;223;land;false;plains;7
7942;154;82;225;land;false;forest;5
7943;112;231;155;land;false;plains;7
7944;252;143;138;land;false;contaminated;2
7945;80;137;242;land;false;plains;7
7946;180;252;250;land;false;plains;7
7947;246;255;237;land;false;desert;3
7948;215;104;253;land;false;hills;7
7949;131;230;56;land;false;plains;7
7950;232;69;140;land;false;plains;7
7951;199;239;140;land;false;hills;7
7952;216;240;255;land;false;plains;7
7953;247;255;249;land;false;forest;5
7954;242;242;255;land;false;marsh;5
7955;203;255;183;land;false;plains;7
7956;234;89;141;land;false;forest;7
7957;220;249;182;land;true;plains;7
7958;254;253;224;land;true;forest;7
7959;133;237;178;land;false;hills;5
7960;72;205;65;land;false;plains;7
7961;59;140;248;land;false;forest;7
7962;246;194;141;land;false;plains;7
7963;237;71;81;land;false;plains;7
7964;189;204;253;land;true;forest;7
7965;249;154;156;land;false;plains;7
7966;252;191;254;land;false;plains;7
7967;142;246;247;land;false;hills;7
7968;184;54;253;land;false;desert;3
7969;44;237;140;land;false;plains;7
7970;23;58;252;land;false;plains;7
7971;77;206;53;land;false;plains;7
7972;153;233;93;land;false;plains;7
7973;247;136;27;land;false;plains;7
7974;215;64;145;land;false;marsh;5
7975;253;206;151;land;false;desert;3
7976;203;254;203;land;false;plains;7
7977;243;242;118;land;false;plains;7
7978;255;221;241;land;false;plains;7
7979;189;249;166;land;true;plains;7
7980;253;71;61;land;false;hills;7
7981;212;144;242;land;false;plains;7
7982;233;106;189;land;true;plains;7
7983;98;108;238;land;true;plains;7
7984;250;193;169;land;false;plains;7
7985;199;246;162;land;false;desert;3
7986;249;246;146;land;false;forest;1
7987;247;239;255;land;false;plains;7
7988;232;240;255;land;false;hills;7
7989;255;229;250;land;false;plains;5
7990;157;214;252;land;false;hills;7
7991;248;150;139;land;true;plains;7
7992;249;86;42;land;false;forest;7
7993;64;125;193;land;false;plains;7
7994;146;216;255;land;false;desert;3
7995;255;247;236;land;false;desert;3
7996;135;152;251;land;false;plains;7
7997;74;38;223;land;false;plains;7
7998;161;255;197;land;false;plains;7
7999;227;47;206;land;false;plains;7
8000;98;240;238;land;false;plains;7
8001;248;160;129;land;false;plains;7
8002;255;238;239;land;false;plains;7
8003;233;252;255;land;false;contaminated;2
8004;246;140;247;land;false;plains;7
8005;252;184;241;land;false;forest;6
8006;163;165;255;land;true;plains;7
8007;233;235;127;land;false;hills;7
8008;241;162;246;land;false;plains;7
8009;134;241;168;land;true;plains;7
8010;243;254;180;land;false;plains;7
8011;239;136;225;land;true;plains;7
8012;226;191;74;land;false;plains;7
8013;135;250;206;land;false;plains;7
8014;61;216;240;land;false;plains;7
8015;205;125;244;land;false;forest;7
8016;255;247;238;land;false;forest;5
8017;249;153;251;land;false;plains;7
8018;197;254;237;land;true;plains;7
8019;64;249;208;land;false;mountain;5
8020;255;204;203;land;false;plains;7
8021;236;43;230;land;false;plains;7
8022;178;236;135;land;true;plains;7
8023;73;92;217;land;true;plains;7
8024;129;201;252;land;false;plains;7
8025;250;153;206;land;true;plains;7
8026;255;229;245;land;false;mountain;7
8027;24;241;196;land;false;plains;7
8028;254;215;247;land;false;plains;7
8029;254;178;243;land;false;plains;7
8030;188;196;253;land;false;contaminated;2
8031;76;239;77;land;true;plains;7
8032;226;255;235;land;false;plains;5
8033;226;197;254;land;false;plains;7
8034;173;233;253;land;true;forest;3
8035;106;65;228;land;false;plains;7
8036;146;218;59;land;false;hills;7
8037;230;235;255;land;false;forest;7
8038;146;242;109;land;false;plains;7
8039;149;241;122;land;false;forest;7
8040;218;245;255;land;true;plains;7
8041;224;133;253;land;false;plains;7
8042;245;146;237;land;false;contaminated;2
8043;247;151;206;land;false;mountain;7
8044;166;226;246;land;false;plains;7
8045;239;210;98;land;true;desert;3
8046;227;250;99;land;false;forest;7
8047;211;234;255;land;false;plains;7
8048;106;72;249;land;true;plains;6
8049;209;92;224;land;true;plains;7
8050;189;94;216;land;false;plains;7
8051;238;255;234;land;false;forest;5
8052;84;54;221;land;true;desert;3
8053;240;253;199;land;false;plains;7
8054;203;231;253;land;false;plains;7
8055;233;147;92;land;false;plains;7
8056;134;247;204;land;false;desert;3
8057;231;100;109;land;false;desert;1
8058;191;73;236;land;false;desert;5
8059;222;252;206;land;false;urban;5
8060;207;224;78;land;false;hills;6
8061;28;248;224;land;true;forest;7
8062;188;250;170;land;false;plains;7
8063;255;206;209;land;false;forest;7
8064;63;76;238;land;false;hills;5
8065;211;247;45;land;false;plains;7
8066;110;114;227;land;false;plains;7
8067;72;248;180;land;true;plains;7
8068;232;255;243;land;false;plains;6
8069;212;100;223;land;true;plains;7
8070;251;247;188;land;false;plains;7
8071;95;224;123;land;false;urban;5
8072;249;149;150;land;true;desert;1
8073;231;78;241;land;true;forest;7
8074;254;237;215;land;false;hills;3
8075;240;255;240;land;true;plains;7
8076;180;241;252;land;false;plains;7
8077;251;189;167;land;false;plains;7
8078;203;225;254;land;false;plains;7
8079;252;163;228;land;false;plains;7
8080;84;21;235;land;false;hills;5
8081;243;237;255;land;false;plains;7
8082;125;236;190;land;false;hills;5
8083;118;193;236;land;false;plains;7
8084;254;255;249;land;false;plains;7
8085;115;249;102;land;false;plains;7
8086;233;152;248;land;false;plains;7
8087;79;237;209;land;false;desert;1
8088;113;108;231;land;false;plains;7
8089;192;248;113;land;false;plains;7
8090;255;242;244;land;true;forest;7
8091;236;255;207;land;false;plains;7
8092;220;46;90;land;false;plains;7
8093;208;255;249;land;false;plains;7
8094;137;179;242;land;false;forest;5
8095;236;145;253;land;false;plains;1
8096;81;238;185;land;true;plains;7
8097;244;124;228;land;false;plains;7
8098;248;15;11;land;false;plains;7
8099;250;125;222;land;false;plains;7
8100;245;244;255;land;false;plains;7
8101;90;214;92;land;false;plains;5
8102;237;129;176;land;false;mountain;5
8103;245;118;124;land;false;plains;7
8104;255;252;251;land;false;plains;7
8105;204;249;139;land;true;marsh;7
8106;135;238;233;land;false;plains;7
8107;143;253;76;land;false;plains;7
8108;174;231;91;land;true;plains;7
8109;240;82;105;land;false;plains;7
8110;52;217;77;land;false;plains;7
8111;222;137;41;land;true;plains;7
8112;50;242;98;land;false;mountain;2
8113;217;168;255;land;true;plains;7
8114;208;250;34;land;false;mountain;3
8115;109;52;250;land;false;plains;7
8116;108;252;201;land;false;desert;3
8117;179;234;37;land;false;plains;7
8118;74;251;149;land;true;plains;7
8119;196;255;189;land;false;desert;3
8120;255;252;235;land;false;hills;3
8121;244;254;132;land;false;hills;3
8122;205;198;255;land;false;plains;7
8123;137;229;248;land;false;desert;3
8124;211;241;106;land;false;contaminated;2
8125;247;129;125;land;false;plains;7
8126;182;251;118;land;true;plains;7
8127;95;112;249;land;false;plains;7
8128;123;217;238;land;false;plains;7
8129;242;170;121;land;false;plains;7
8130;149;124;232;land;false;plains;6
8131;233;136;244;land;true;plains;7
8132;253;223;198;land;false;plains;7
8133;169;248;133;land;false;contaminated;2
8134;234;173;41;land;false;mountain;3
8135;214;138;248;land;true;plains;7
8136;33;38;243;land;true;marsh;7
8137;251;178;196;land;false;plains;7
8138;72;53;232;land;true;plains;7
8139;218;240;255;land;false;plains;7
8140;248;45;197;land;false;plains;7
8141;47;232;200;land;false;mountain;7
8142;185;253;194;land;true;plains;7
8143;248;235;143;land;false;plains;7
8144;196;252;207;land;false;forest;7
8145;254;223;213;land;false;plains;7
8146;238;92;136;land;false;hills;7
8147;251;228;177;land;false;plains;7
8148;207;236;89;land;false;plains;7
8149;246;255;248;land;false;plains;7
8150;250;67;225;land;false;contaminated;2
8151;23;102;236;land;false;plains;7
8152;182;255;175;land;false;plains;7
8153;244;111;194;land;false;mountain;5
8154;116;231;122;land;false;forest;7
8155;252;193;245;land;false;plains;7
8156;212;250;160;land;true;forest;7
8157;254;197;181;land;false;plains;5
8158;90;230;160;land;false;plains;7
8159;215;232;102;land;false;mountain;7
8160;243;178;138;land;false;plains;7
8161;207;253;252;land;false;hills;7
8162;141;230;87;land;false;plains;7
8163;109;53;232;land;true;forest;7
8164;60;253;82;land;false;desert;3
8165;74;225;141;land;false;forest;7
8166;241;138;209;land;false;plains;7
8167;195;251;191;land;false;contaminated;2
8168;93;131;225;land;false;plains;7
8169;241;117;147;land;false;plains;7
8170;246;170;157;land;false;plains;7
8171;45;251;183;land;false;mountain;4
8172;254;108;76;land;false;plains;7
8173;172;226;105;land;true;plains;7
8174;251;157;151;land;false;forest;3
8175;255;111;126;land;true;plains;7
8176;135;237;68;land;false;plains;7
8177;24;242;205;land;false;plains;7
8178;251;253;207;land;false;plains;7
8179;233;255;230;land;false;plains;7
8180;69;184;255;land;true;plains;7
8181;222;216;253;land;false;plains;7
8182;146;255;148;land;false;marsh;7
8183;245;144;162;land;false;hills;7
8184;180;155;247;land;false;plains;7
8185;213;254;219;land;true;plains;7
8186;135;220;71;land;true;plains;7
8187;225;204;254;land;false;contaminated;2
8188;232;176;72;land;true;forest;7
8189;180;254;227;land;false;plains;7
8190;246;20;195;land;false;plains;7
8191;252;180;242;land;false;forest;7
8192;160;253;117;land;false;plains;7
8193;253;107;187;land;false;plains;7
8194;156;211;251;land;false;desert;1
8195;236;164;100;land;false;plains;2
8196;131;228;250;land;false;hills;7
8197;243;215;111;land;false;desert;3
8198;179;246;106;land;false;contaminated;2
8199;119;246;154;land;false;plains;7
8200;206;155;253;land;false;plains;7
8201;156;111;230;land;false;plains;7
8202;218;93;86;land;false;plains;7
8203;241;253;184;land;true;plains;7
8204;254;217;254;land;false;plains;7
8205;255;254;245;land;true;plains;7
8206;241;205;19;land;false;plains;7
8207;76;180;241;land;false;plains;7
8208;253;255;253;land;false;plains;7
8209;252;250;168;land;false;hills;3
8210;178;254;236;land;true;plains;7
8211;230;73;129;land;false;forest;7
8212;170;244;138;land;false;plains;7
8213;113;246;229;land;false;plains;7
8214;255;237;141;land;false;mountain;3
8215;233;254;206;land;false;forest;7
8216;138;250;15;land;false;desert;3
8217;145;234;70;land;false;plains;7
8218;251;177;215;land;true;forest;7
8219;47;215;106;land;true;plains;7
8220;251;41;149;land;true;plains;7
8221;182;240;254;land;false;hills;3
8222;247;255;233;land;true;forest;7
8223;144;112;232;land;false;desert;3
8224;201;130;250;land;false;plains;7
8225;128;236;140;land;false;plains;7
8226;192;251;180;land;false;forest;7
8227;228;126;233;land;false;plains;7
8228;243;54;166;land;true;desert;1
8229;246;69;126;land;false;plains;7
8230;81;166;220;land;false;plains;7
8231;254;207;239;land;false;desert;1
8232;254;255;240;land;false;forest;7
8233;233;110;245;land;false;plains;7
8234;242;195;251;land;false;desert;3
8235;163;225;252;land;false;plains;7
8236;178;248;142;land;false;plains;7
8237;255;210;231;land;false;desert;3
8238;223;185;82;land;false;forest;5
8239;245;202;158;land;false;hills;7
8240;254;200;206;land;false;plains;7
8241;132;253;227;land;false;desert;1
8242;122;168;241;land;true;plains;7
8243;59;169;251;land;true;urban;5
8244;82;229;238;land;true;plains;7
8245;254;207;204;land;false;mountain;2
8246;182;218;251;land;false;hills;7
8247;190;220;93;land;false;plains;7
8248;253;255;200;land;false;hills;7
8249;216;234;254;land;false;marsh;5
8250;178;254;228;land;false;plains;7
8251;180;58;229;land;true;plains;7
8252;221;251;162;land;true;plains;7
8253;81;243;85;land;false;plains;7
8254;255;242;236;land;true;plains;7
8255;235;250;255;land;false;plains;7
8256;108;228;168;land;true;plains;7
8257;178;54;222;land;true;hills;6
8258;253;211;196;land;false;plains;7
8259;186;252;220;land;false;contaminated;2
8260;74;225;185;land;true;plains;7
8261;178;200;252;land;false;mountain;5
8262;174;250;173;land;false;plains;7
8263;74;106;242;land;false;contaminated;2
8264;101;241;183;land;false;plains;7
8265;238;132;233;land;true;plains;7
8266;185;254;222;land;true;plains;7
8267;123;80;217;land;false;plains;7
8268;106;237;226;land;false;plains;7
8269;222;254;200;land;false;plains;7
8270;252;108;179;land;false;plains;7
8271;197;252;205;land;false;plains;7
8272;215;248;124;land;true;plains;6
8273;243;88;80;land;false;mountain;4
8274;102;196;226;land;false;plains;7
8275;250;122;249;land;false;plains;7
8276;243;252;255;land;true;plains;7
8277;65;230;237;land;false;plains;7
8278;144;251;96;land;true;plains;7
8279;216;178;253;land;false;plains;7
8280;165;247;192;land;false;mountain;3
8281;253;202;209;land;false;plains;7
8282;102;178;233;land;true;plains;7
8283;84;115;252;land;false;plains;7
8284;214;112;250;land;false;hills;6
8285;252;244;199;land;true;plains;7
8286;41;220;82;land;false;plains;7
8287;92;208;223;land;false;plains;6
8288;187;251;236;land;true;plains;7
8289;217;253;186;land;false;plains;7
8290;255;216;167;land;false;hills;7
8291;253;235;175;land;false;plains;7
8292;253;164;248;land;false;plains;7
8293;60;147;215;land;false;plains;7
8294;216;254;142;land;true;plains;7
8295;241;255;226;land;false;plains;7
8296;210;233;254;land;false;plains;7
8297;248;254;213;land;false;mountain;3
8298;255;226;187;land;false;hills;7
8299;248;123;138;land;false;plains;7
8300;254;238;229;land;true;plains;5
8301;239;217;108;land;false;plains;7
8302;234;254;188;land;false;plains;7
8303;255;250;234;land;false;plains;7
8304;247;213;255;land;false;plains;7
8305;69;217;183;land;false;hills;7
8306;247;135;194;land;false;plains;7
8307;84;246;126;land;false;plains;7
8308;243;44;89;land;true;plains;7
8309;229;254;223;land;true;plains;7
8310;121;88;246;land;true;plains;7
8311;180;243;250;land;false;plains;7
8312;247;108;218;land;false;plains;7
8313;217;91;84;land;false;plains;7
8314;204;55;239;land;false;forest;5
8315;147;165;240;land;false;marsh;5
8316;252;128;193;land;false;marsh;5
8317;233;168;253;land;false;plains;7
8318;229;214;253;land;false;plains;7
8319;201;193;254;land;false;hills;3
8320;213;68;166;land;false;plains;7
8321;239;95;54;land;false;plains;7
8322;130;42;233;land;false;plains;7
8323;254;207;245;land;false;desert;5
8324;235;245;37;land;false;plains;7
8325;197;180;253;land;false;forest;7
8326;200;252;240;land;false;plains;7
8327;251;179;192;land;false;hills;4
8328;242;139;129;land;false;forest;6
8329;169;251;150;land;false;plains;7
8330;190;214;252;land;false;plains;7
8331;24;75;236;land;false;plains;7
8332;233;250;160;land;false;contaminated;2
8333;253;254;219;land;false;plains;7
8334;254;242;215;land;false;mountain;3
8335;239;188;115;land;true;plains;7
8336;237;97;27;land;false;hills;7
8337;185;250;242;land;false;plains;7
8338;194;179;64;land;true;plains;6
8339;248;169;238;land;false;plains;7
8340;82;183;227;land;false;plains;7
8341;254;226;221;land;false;plains;7
8342;81;221;238;land;false;forest;7
8343;184;131;241;land;false;plains;7
8344;218;252;161;land;true;plains;7
8345;49;212;181;land;false;hills;6
8346;242;143;207;land;true;plains;7
8347;116;248;213;land;false;plains;7
8348;157;233;115;land;false;desert;3
8349;70;198;196;land;true;plains;7
8350;59;208;119;land;false;plains;7
8351;245;129;181;land;false;desert;5
8352;62;243;90;land;false;plains;7
8353;251;214;187;land;false;plains;7
8354;203;63;244;land;false;plains;7
8355;206;246;49;land;false;plains;7
8356;218;136;247;land;false;plains;7
8357;190;227;113;land;true;forest;1
8358;216;149;69;land;true;desert;5
8359;254;52;238;land;true;plains;7
8360;206;254;236;land;true;plains;7
8361;137;226;106;land;false;plains;7
8362;233;82;208;land;false;plains;7
8363;244;149;186;land;false;plains;7
8364;204;62;166;land;false;forest;7
8365;102;66;235;land;false;hills;7
8366;86;185;216;land;true;plains;7
8367;200;211;253;land;false;contaminated;2
8368;231;170;250;land;false;forest;7
8369;83;101;220;land;true;plains;7
8370;111;26;236;land;true;forest;7
8371;176;252;233;land;false;forest;6
8372;232;34;83;land;true;plains;7
8373;60;243;41;land;true;plains;7
8374;255;134;140;land;false;plains;7
8375;143;220;61;land;false;plains;7
8376;161;230;104;land;false;desert;3
8377;250;250;255;land;true;plains;7
8378;248;107;85;land;false;plains;7
8379;252;172;187;land;false;plains;7
8380;214;163;73;land;false;plains;7
8381;208;118;229;land;false;hills;7
8382;233;143;247;land;true;plains;7
8383;212;133;240;land;true;plains;7
8384;210;254;223;land;false;desert;3
8385;254;153;179;land;true;plains;7
8386;248;216;254;land;false;desert;1
8387;253;248;175;land;false;contaminated;2
8388;244;158;231;land;true;plains;7
8389;243;79;252;land;false;contaminated;2
8390;224;67;62;land;false;plains;7
8391;214;254;221;land;false;plains;7
8392;254;255;253;land;false;plains;7
8393;90;232;179;land;true;forest;7
8394;222;168;39;land;true;plains;7
8395;126;158;247;land;false;plains;7
8396;253;137;193;land;false;hills;7
8397;125;255;148;land;false;plains;7
8398;254;248;225;land;true;marsh;7
8399;221;66;241;land;true;plains;7
8400;212;103;71;land;false;plains;6
8401;243;139;108;land;false;forest;7
8402;235;103;143;land;true;plains;7
8403;129;229;238;land;false;plains;7
8404;232;254;183;land;true;marsh;7
8405;68;139;215;land;false;plains;7
8406;119;247;122;land;false;plains;7
8407;119;230;134;land;false;mountain;7
8408;121;125;234;land;false;plains;7
8409;130;180;239;land;false;forest;5
8410;227;255;216;land;false;plains;7
8411;232;43;198;land;false;plains;7
8412;53;200;210;land;false;plains;7
8413;250;189;216;land;false;hills;7
8414;175;249;248;land;false;mountain;2
8415;152;232;94;land;false;forest;7
8416;251;240;175;land;false;plains;7
8417;167;164;250;land;false;desert;1
8418;94;24;250;land;false;plains;7
8419;253;113;236;land;false;plains;7
8420;75;182;232;land;false;plains;7
8421;186;178;251;land;false;plains;7
8422;234;42;57;land;false;plains;7
8423;226;120;97;land;true;plains;6
8424;250;63;138;land;false;plains;7
8425;251;254;202;land;false;desert;1
8426;198;223;90;land;true;plains;7
8427;254;255;247;land;false;plains;7
8428;64;66;203;land;false;forest;7
8429;210;201;254;land;true;plains;7
8430;220;103;248;land;false;plains;7
8431;234;37;188;land;false;contaminated;2
8432;252;155;146;land;false;hills;5
8433;165;254;123;land;false;plains;7
8434;199;141;65;land;false;plains;7
8435;248;254;225;land;false;marsh;7
8436;236;227;85;land;false;forest;7
8437;55;179;214;land;false;forest;7
8438;81;48;238;land;false;plains;7
8439;221;73;140;land;false;plains;7
8440;253;205;127;land;true;plains;7
8441;202;252;196;land;false;hills;3
8442;161;232;247;land;false;contaminated;2
8443;244;255;244;land;false;plains;7
8444;210;205;254;land;false;plains;7
8445;254;254;255;land;false;desert;5
8446;203;251;156;land;false;plains;7
8447;251;42;117;land;true;plains;7
8448;172;234;89;land;true;plains;7
8449;238;252;122;land;false;plains;7
8450;254;208;241;land;false;plains;7
8451;132;206;247;land;false;contaminated;2
8452;208;89;252;land;false;desert;3
8453;253;250;205;land;false;plains;7
8454;242;86;65;land;false;contaminated;2
8455;176;71;248;land;true;plains;7
8456;93;17;254;land;false;hills;7
8457;183;207;49;land;true;plains;7
8458;149;250;247;land;false;plains;6
8459;100;77;244;land;false;forest;7
8460;91;211;234;land;false;plains;7
8461;255;254;255;land;false;plains;7
8462;247;93;53;land;false;forest;5
8463;217;84;250;land;false;plains;7
8464;118;239;235;land;false;plains;7
8465;248;168;179;land;false;plains;7
8466;255;223;229;land;false;plains;7
8467;160;251;213;land;false;plains;7
8468;91;76;204;land;false;plains;5
8469;252;121;155;land;false;plains;7
8470;206;254;243;land;false;forest;7
8471;172;144;248;land;false;plains;7
8472;43;225;163;land;false;contaminated;2
8473;205;164;252;land;false;forest;7
8474;202;254;229;land;false;hills;7
8475;255;240;228;land;true;plains;7
8476;251;210;188;land;false;mountain;3
8477;247;181;174;land;false;plains;7
8478;252;255;238;land;false;desert;3
8479;237;102;131;land;false;desert;3
8480;176;221;101;land;false;hills;7
8481;149;55;239;land;false;plains;7
8482;244;150;171;land;false;plains;7
8483;60;199;79;land;true;plains;7
8484;225;255;226;land;true;plains;7
8485;153;234;89;land;false;forest;6
8486;64;163;224;land;false;hills;7
8487;194;231;55;land;false;forest;7
8488;85;178;243;land;false;forest;5
8489;218;255;219;land;false;plains;7
8490;190;188;255;land;false;plains;6
8491;254;159;79;land;false;desert;3
8492;254;242;255;land;false;plains;7
8493;254;220;227;land;false;plains;7
8494;254;229;252;land;false;plains;7
8495;140;236;249;land;true;plains;7
8496;251;90;85;land;false;plains;7
8497;138;248;250;land;true;hills;5
8498;202;239;30;land;false;mountain;3
8499;90;162;243;land;false;desert;3
8500;208;254;237;land;false;contaminated;2
8501;255;245;252;land;true;marsh;7
8502;255;249;240;land;false;plains;7
8503;219;92;164;land;false;plains;7
8504;244;142;134;land;false;forest;6
8505;104;190;239;land;false;forest;6
8506;247;146;170;land;false;plains;7
8507;196;239;255;land;false;plains;7
8508;252;243;205;land;true;plains;7
8509;255;219;249;land;false;plains;7
8510;236;255;240;land;false;plains;7
8511;236;57;134;land;false;desert;3
8512;238;139;171;land;false;plains;7
8513;254;231;205;land;false;plains;7
8514;83;243;93;land;false;plains;7
8515;251;179;121;land;false;forest;6
8516;129;254;117;land;false;forest;7
8517;249;125;227;land;false;hills;3
8518;93;143;250;land;false;plains;7
8519;238;255;249;land;false;mountain;3
8520;157;254;151;land;false;hills;7
8521;254;196;210;land;true;plains;7
8522;164;240;140;land;false;plains;7
8523;241;255;251;land;true;forest;7
8524;254;166;241;land;false;hills;7
8525;238;104;188;land;false;plains;7
8526;154;249;242;land;false;plains;7
8527;77;204;239;land;false;plains;7
8528;217;255;197;land;false;plains;7
8529;235;221;98;land;false;plains;7
8530;35;54;238;land;true;plains;7
8531;255;249;225;land;true;plains;7
8532;89;100;237;land;false;plains;6
8533;120;253;105;land;false;plains;7
8534;222;245;160;land;false;plains;7
8535;255;226;219;land;false;contaminated;2
8536;238;113;73;land;false;plains;6
8537;251;240;192;land;true;plains;5
8538;209;251;170;land;false;plains;7
8539;225;215;254;land;false;hills;7
8540;144;66;244;land;true;plains;1
8541;251;115;167;land;true;forest;7
8542;228;213;255;land;false;plains;7
8543;137;139;240;land;false;plains;7
8544;255;225;247;land;false;desert;3
8545;211;217;255;land;false;plains;7
8546;237;125;156;land;false;plains;7
8547;207;247;128;land;false;plains;7
8548;185;254;207;land;true;plains;7
8549;247;47;49;land;true;plains;7
8550;105;236;132;land;false;plains;7
8551;151;90;213;land;false;plains;7
8552;249;165;217;land;false;plains;7
8553;53;238;101;land;false;forest;7
8554;95;130;224;land;true;marsh;7
8555;90;52;212;land;false;plains;7
8556;231;241;255;land;false;hills;7
8557;193;215;253;land;false;contaminated;2
8558;143;88;217;land;false;plains;7
8559;253;165;229;land;false;plains;2
8560;93;167;217;land;false;plains;7
8561;136;230;86;land;true;plains;7
8562;138;73;216;land;false;plains;7
8563;181;119;239;land;false;mountain;7
8564;251;226;178;land;false;plains;7
8565;231;254;241;land;false;plains;5
8566;50;81;224;land;false;urban;5
8567;234;255;231;land;true;plains;7
8568;235;234;255;land;false;mountain;7
8569;209;131;235;land;true;plains;7
8570;80;253;145;land;false;desert;5
8571;177;158;253;land;true;forest;3
8572;245;161;243;land;true;plains;7
8573;240;48;76;land;true;plains;7
8574;132;76;215;land;false;forest;7
8575;247;231;255;land;false;plains;7
8576;202;63;232;land;false;forest;7
8577;139;250;11;land;false;plains;7
8578;243;117;35;land;false;plains;7
8579;147;252;207;land;false;plains;7
8580;203;130;244;land;true;hills;3
8581;251;204;197;land;false;desert;3
8582;24;195;241;land;false;desert;3
8583;246;157;136;land;false;plains;7
8584;247;120;221;land;false;plains;7
8585;242;83;220;land;false;plains;7
8586;81;222;46;land;false;plains;7
8587;254;207;249;land;false;forest;7
8588;84;171;221;land;true;plains;7
8589;236;173;37;land;true;marsh;7
8590;192;194;254;land;false;desert;3
8591;198;241;252;land;false;plains;7
8592;48;255;133;land;false;plains;7
8593;202;254;233;land;false;mountain;3
8594;253;215;250;land;false;plains;7
8595;251;189;186;land;true;plains;7
8596;175;252;200;land;true;plains;7
8597;246;231;255;land;false;plains;7
8598;244;154;59;land;false;plains;7
8599;124;246;167;land;false;mountain;5
8600;49;123;237;land;false;plains;7
8601;222;252;145;land;false;hills;7
8602;106;92;229;land;true;forest;7
8603;222;77;187;land;true;desert;1
8604;169;230;249;land;true;plains;7
8605;111;58;229;land;false;forest;7
8606;254;207;252;land;false;plains;7
8607;237;255;254;land;true;plains;7
8608;248;140;200;land;false;plains;7
8609;205;102;240;land;true;plains;7
8610;191;243;131;land;false;plains;7
8611;190;234;254;land;false;plains;5
8612;208;93;235;land;false;plains;7
8613;229;195;114;land;false;desert;3
8614;159;182;253;land;false;plains;7
8615;139;235;101;land;false;plains;6
8616;141;249;138;land;false;plains;7
8617;142;227;245;land;false;forest;7
8618;236;235;255;land;false;desert;1
8619;255;245;254;land;false;plains;1
8620;216;207;253;land;true;plains;5
8621;240;255;254;land;false;contaminated;2
8622;253;120;214;land;false;hills;3
8623;106;232;81;land;false;plains;7
8624;113;214;254;land;false;plains;7
8625;218;255;239;land;false;contaminated;2
8626;212;238;105;land;true;marsh;7
8627;157;136;237;land;false;plains;7
8628;247;129;109;land;false;plains;7
8629;255;176;210;land;false;desert;3
8630;251;243;154;land;false;plains;7
8631;254;231;218;land;false;mountain;5
8632;254;223;239;land;false;contaminated;2
8633;245;112;254;land;false;plains;7
8634;102;96;223;land;true;plains;7
8635;250;230;139;land;true;desert;5
8636;132;226;241;land;false;plains;7
8637;75;166;210;land;false;plains;7
8638;52;252;242;land;false;plains;7
8639;254;233;87;land;false;plains;7
8640;104;254;67;land;false;plains;7
8641;42;236;43;land;false;plains;7
8642;146;248;121;land;false;forest;7
8643;138;254;219;land;false;desert;3
8644;245;157;159;land;false;marsh;7
8645;254;223;190;land;false;plains;7
8646;246;250;255;land;false;plains;7
8647;253;203;248;land;false;plains;7
8648;144;227;102;land;false;plains;7
8649;246;203;43;land;false;plains;7
8650;226;38;65;land;false;plains;7
8651;210;164;76;land;true;plains;7
8652;165;221;76;land;false;plains;7
8653;234;255;252;land;true;plains;7
8654;166;157;244;land;false;plains;7
8655;99;255;102;land;false;contaminated;2
8656;202;252;219;land;false;plains;7
8657;136;148;242;land;false;plains;7
8658;254;230;207;land;false;plains;5
8659;255;244;230;land;false;plains;7
8660;212;254;216;land;false;forest;7
8661;209;73;253;land;false;plains;7
8662;41;254;253;land;false;plains;7
8663;231;216;59;land;false;plains;7
8664;104;246;156;land;false;contaminated;2
8665;213;205;253;land;false;plains;7
8666;254;227;232;land;false;plains;7
8667;207;254;206;land;false;hills;7
8668;50;94;220;land;true;plains;7
8669;122;140;240;land;false;hills;7
8670;69;81;245;land;false;contaminated;2
8671;208;219;254;land;false;plains;7
8672;231;255;202;land;false;plains;7
8673;222;207;88;land;false;plains;7
8674;245;255;238;land;false;hills;7
8675;236;210;255;land;false;forest;7
8676;233;141;82;land;true;plains;7
8677;207;135;249;land;false;plains;7
8678;225;225;255;land;false;plains;7
8679;186;253;190;land;false;plains;5
8680;142;135;255;land;false;plains;7
8681;67;126;220;land;true;plains;7
8682;143;252;154;land;true;plains;5
8683;155;182;249;land;false;plains;7
8684;192;218;79;land;true;plains;7
8685;78;89;235;land;true;desert;6
8686;169;79;244;land;true;plains;7
8687;254;181;200;land;false;contaminated;2
8688;255;233;242;land;false;plains;7
8689;251;138;149;land;false;hills;7
8690;209;188;56;land;false;plains;7
8691;102;236;106;land;false;plains;7
8692;209;158;244;land;false;forest;7
8693;252;250;191;land;false;plains;7
8694;243;214;138;land;false;plains;7
8695;146;242;157;land;false;forest;5
8696;237;219;254;land;false;plains;5
8697;82;196;211;land;false;plains;7
8698;182;108;226;land;true;plains;7
8699;243;194;252;land;true;plains;7
8700;253;237;206;land;true;plains;7
8701;151;255;151;land;false;plains;7
8702;157;8;251;land;false;hills;7
8703;216;186;252;land;false;forest;7
8704;239;74;248;land;false;marsh;5
8705;220;221;254;land;false;plains;7
8706;144;111;250;land;false;plains;7
8707;144;227;104;land;false;plains;7
8708;145;167;243;land;true;forest;7
8709;204;172;248;land;false;hills;7
8710;61;243;163;land;true;plains;7
8711;254;179;48;land;false;plains;7
8712;70;202;128;land;true;plains;7
8713;255;4;213;land;false;plains;7
8714;102;231;169;land;true;plains;7
8715;197;129;246;land;false;forest;7
8716;236;254;232;land;false;plains;6
8717;199;140;243;land;false;forest;6
8718;247;255;232;land;true;plains;7
8719;170;249;231;land;false;plains;7
8720;115;247;165;land;false;plains;7
8721;244;171;253;land;false;plains;7
8722;125;242;140;land;false;desert;1
8723;84;227;171;land;true;forest;7
8724;31;242;96;land;true;desert;1
8725;122;238;35;land;false;hills;7
8726;253;77;132;land;false;hills;7
8727;254;198;222;land;false;plains;7
8728;254;229;216;land;true;marsh;7
8729;205;254;198;land;false;forest;7
8730;239;157;129;land;false;plains;7
8731;248;242;77;land;false;forest;7
8732;247;105;123;land;false;plains;7
8733;62;111;253;land;false;plains;7
8734;138;30;225;land;false;hills;7
8735;137;246;137;land;false;desert;3
8736;253;182;224;land;false;forest;3
8737;225;33;75;land;false;plains;7
8738;84;181;223;land;false;mountain;1
8739;129;255;195;land;true;plains;7
8740;167;163;254;land;false;hills;5
8741;244;58;53;land;false;plains;7
8742;133;214;74;land;false;desert;3
8743;242;45;177;land;false;plains;7
8744;125;248;240;land;true;plains;7
8745;78;211;95;land;false;plains;7
8746;224;254;207;land;false;plains;7
8747;150;97;231;land;false;mountain;5
8748;133;238;93;land;false;plains;7
8749;119;194;254;land;false;plains;7
8750;94;236;186;land;false;plains;7
8751;206;196;254;land;false;plains;7
8752;133;223;252;land;false;forest;5
8753;67;90;232;land;false;plains;7
8754;248;245;62;land;false;hills;7
8755;101;230;126;land;false;mountain;2
8756;227;253;198;land;true;plains;7
8757;229;247;166;land;false;plains;7
8758;254;228;210;land;true;desert;3
8759;81;175;211;land;false;plains;7
8760;243;225;255;land;true;plains;7
8761;68;88;219;land;false;plains;7
8762;236;161;105;land;true;plains;7
8763;255;251;232;land;false;hills;7
8764;136;246;90;land;false;hills;7
8765;255;249;229;land;true;plains;7
8766;153;241;143;land;true;plains;7
8767;250;219;175;land;false;plains;7
8768;241;255;238;land;false;plains;7
8769;254;208;177;land;false;hills;7
8770;249;255;245;land;false;plains;7
8771;244;145;233;land;false;plains;7
8772;158;250;227;land;true;plains;7
8773;167;253;167;land;false;plains;7
8774;213;164;246;land;true;hills;5
8775;255;255;254;land;false;forest;3
8776;255;228;252;land;false;hills;7
8777;81;180;228;land;false;mountain;3
8778;247;177;150;land;false;plains;7
8779;239;148;139;land;false;plains;7
8780;223;254;237;land;false;hills;7
8781;158;254;209;land;true;plains;7
8782;215;72;136;land;true;plains;7
8783;242;251;164;land;false;plains;6
8784;235;249;255;land;false;hills;7
8785;252;185;229;land;false;plains;7
8786;133;250;193;land;false;plains;7
8787;253;202;216;land;true;plains;7
8788;199;157;244;land;false;plains;7
8789;80;145;238;land;false;plains;7
8790;234;10;247;land;false;hills;7
8791;75;155;217;land;false;plains;7
8792;73;255;124;land;true;plains;7
8793;223;178;60;land;false;plains;7
8794;255;246;254;land;false;hills;7
8795;157;253;171;land;false;plains;7
8796;255;230;232;land;true;hills;6
8797;248;55;194;land;false;plains;7
8798;201;194;254;land;false;plains;7
8799;216;64;158;land;true;plains;7
8800;250;147;148;land;false;plains;7
8801;219;255;247;land;false;plains;7
8802;151;144;243;land;true;plains;7
8803;250;248;255;land;false;urban;5
8804;250;255;252;land;false;plains;7
8805;200;239;64;land;false;plains;7
8806;87;241;207;land;false;mountain;2
8807;46;221;35;land;false;hills;3
8808;76;95;221;land;false;plains;7
8809;229;108;80;land;false;plains;7
8810;80;227;94;land;false;plains;7
8811;212;231;120;land;false;plains;7
8812;145;182;250;land;false;desert;3
8813;253;49;111;land;false;desert;3
8814;147;239;125;land;true;plains;7
8815;211;191;251;land;false;plains;7
8816;219;213;55;land;false;plains;7
8817;186;253;156;land;true;plains;7
8818;255;233;231;land;false;plains;5
8819;97;255;169;land;true;plains;7
8820;247;232;255;land;false;plains;7
8821;98;236;164;land;false;desert;3
8822;139;189;241;land;false;plains;7
8823;255;222;236;land;false;plains;7
8824;197;252;238;land;false;forest;5
8825;243;156;145;land;false;plains;7
8826;244;131;227;land;false;plains;7
8827;170;237;109;land;false;forest;5
8828;246;134;166;land;true;plains;7
8829;165;241;142;land;false;desert;3
8830;158;239;250;land;true;plains;7
8831;207;68;122;land;false;plains;7
8832;206;252;252;land;false;plains;7
8833;218;75;228;land;true;forest;7
8834;246;238;136;land;false;forest;7
8835;146;252;231;land;true;forest;7
8836;71;152;225;land;false;hills;3
8837;253;62;204;land;false;plains;7
8838;229;254;215;land;false;hills;7
8839;196;223;76;land;true;plains;6
8840;140;99;241;land;true;plains;7
8841;243;156;190;land;false;plains;7
8842;245;223;255;land;false;plains;7
8843;253;177;203;land;false;desert;3
8844;34;100;243;land;true;plains;7
8845;167;250;193;land;false;forest;7
8846;100;167;222;land;true;plains;7
8847;231;245;145;land;false;plains;7
8848;202;121;242;land;false;forest;7
8849;70;246;124;land;false;mountain;5
8850;126;240;178;land;false;forest;7
8851;252;174;176;land;false;plains;7
8852;255;251;243;land;false;forest;7
8853;254;219;174;land;false;plains;7
8854;146;212;253;land;false;plains;7
8855;253;255;252;land;false;contaminated;2
8856;210;66;48;land;false;forest;7
8857;253;164;102;land;false;plains;7
8858;189;254;233;land;false;plains;7
8859;89;178;240;land;false;plains;7
8860;199;129;252;land;false;plains;7
8861;254;212;243;land;false;plains;7
8862;102;240;225;land;false;plains;7
8863;146;251;177;land;true;plains;7
8864;183;70;224;land;false;plains;7
8865;77;231;164;land;false;hills;7
8866;109;79;224;land;false;plains;1
8867;255;245;246;land;false;plains;7
8868;190;95;231;land;false;hills;7
8869;189;119;241;land;false;forest;5
8870;248;206;156;land;true;plains;7
8871;94;236;36;land;false;mountain;5
8872;250;65;168;land;false;forest;7
8873;201;87;248;land;false;plains;7
8874;149;209;69;land;false;forest;7
8875;215;215;254;land;true;plains;7
8876;223;255;227;land;false;plains;7
8877;148;254;228;land;true;plains;5
8878;253;173;235;land;true;plains;7
8879;225;175;251;land;false;plains;7
8880;222;38;93;land;false;plains;7
8881;173;204;251;land;false;plains;5
8882;255;233;247;land;false;plains;7
8883;157;212;254;land;false;plains;7
8884;208;198;252;land;false;plains;7
8885;230;182;252;land;true;plains;6
8886;94;208;82;land;false;desert;3
8887;254;255;242;land;false;contaminated;2
8888;244;142;187;land;false;desert;5
8889;226;226;255;land;false;plains;7
8890;233;109;123;land;false;plains;7
8891;244;255;220;land;true;plains;7
8892;134;255;240;land;false;plains;7
8893;235;255;233;land;false;plains;2
8894;81;248;184;land;false;hills;7
8895;255;181;134;land;false;plains;1
8896;88;58;247;land;false;plains;7
8897;59;246;175;land;false;plains;7
8898;117;225;53;land;false;plains;7
8899;224;255;253;land;false;plains;7
8900;178;249;138;land;false;forest;7
8901;238;101;120;land;false;plains;5
8902;232;96;245;land;false;plains;7
8903;237;252;192;land;false;hills;3
8904;140;252;197;land;false;desert;1
8905;210;76;164;land;false;plains;7
8906;243;118;233;land;true;desert;1
8907;240;141;231;land;true;plains;7
8908;48;221;49;land;false;plains;7
8909;204;246;146;land;true;plains;7
8910;107;158;243;land;false;plains;7
8911;220;255;237;land;false;forest;7
8912;221;57;248;land;false;hills;5
8913;150;253;160;land;false;hills;5
8914;60;182;240;land;false;plains;7
8915;75;252;147;land;true;plains;7
8916;248;239;157;land;false;plains;7
8917;52;249;29;land;false;plains;7
8918;177;150;248;land;false;forest;7
8919;253;255;251;land;false;marsh;5
8920;253;131;145;land;true;plains;7
8921;245;170;153;land;false;plains;7
8922;238;255;247;land;true;plains;7
8923;168;244;141;land;false;forest;7
8924;237;138;192;land;true;forest;7
8925;255;245;245;land;false;plains;7
8926;248;255;253;land;true;plains;5
8927;254;219;209;land;false;plains;7
8928;247;207;255;land;false;plains;7
8929;122;229;75;land;false;plains;7
8930;105;231;182;land;false;plains;7
8931;244;244;255;land;false;forest;7
8932;157;239;133;land;false;plains;7
8933;87;53;211;land;false;plains;7
8934;237;184;250;land;false;plains;7
8935;111;248;162;land;false;plains;7
8936;254;207;213;land;true;forest;7
8937;170;178;248;land;false;plains;7
8938;148;101;240;land;false;mountain;4
8939;227;189;59;land;true;plains;7
8940;191;228;99;land;false;hills;3
8941;255;231;239;land;false;hills;7
8942;255;255;242;land;false;hills;7
8943;225;244;255;land;true;plains;7
8944;160;243;252;land;false;plains;7
8945;161;123;248;land;false;plains;7
8946;129;137;238;land;false;desert;3
8947;151;250;171;land;false;plains;7
8948;254;236;255;land;false;plains;7
8949;116;243;207;land;true;plains;5
8950;238;251;255;land;true;plains;7
8951;244;255;218;land;false;desert;1
8952;248;255;230;land;false;plains;7
8953;252;130;165;land;false;marsh;7
8954;248;159;146;land;false;plains;7
8955;178;252;203;land;false;plains;1
8956;226;255;254;land;false;marsh;7
8957;254;241;213;land;false;hills;7
8958;239;179;251;land;false;desert;3
8959;181;251;231;land;true;plains;7
8960;171;251;121;land;true;plains;7
8961;208;253;205;land;false;desert;3
8962;208;220;255;land;true;plains;7
8963;53;154;242;land;false;plains;7
8964;228;226;109;land;false;plains;7
8965;242;235;150;land;false;contaminated;2
8966;248;121;163;land;false;forest;7
8967;207;252;202;land;true;plains;7
8968;254;231;252;land;false;desert;3
8969;234;80;91;land;false;plains;7
8970;30;110;246;land;false;forest;7
8971;234;201;254;land;true;plains;7
8972;253;97;140;land;false;desert;3
8973;251;255;249;land;false;plains;7
8974;249;168;187;land;false;plains;7
8975;77;170;251;land;false;plains;7
8976;74;135;201;land;true;forest;3
8977;95;217;145;land;true;marsh;7
8978;255;219;216;land;false;plains;7
8979;252;181;186;land;false;marsh;1
8980;253;149;145;land;false;plains;7
8981;114;249;217;land;false;contaminated;2
8982;161;127;235;land;false;forest;7
8983;197;230;255;land;false;plains;7
8984;150;245;249;land;true;plains;7
8985;211;251;255;land;false;mountain;2
8986;236;200;41;land;false;plains;7
8987;240;166;132;land;false;mountain;5
8988;28;41;251;land;false;forest;5
8989;180;164;246;land;false;plains;7
8990;228;239;254;land;false;desert;3
8991;200;242;148;land;false;plains;7
8992;224;64;210;land;false;plains;7
8993;140;251;194;land;false;plains;1
8994;253;186;183;land;false;forest;7
8995;241;142;177;land;true;plains;7
8996;148;243;186;land;false;plains;7
8997;240;37;166;land;true;desert;3
8998;248;170;147;land;false;plains;7
8999;124;231;40;land;false;plains;7
9000;237;254;166;land;false;plains;7
9001;106;230;247;land;false;contaminated;2
9002;226;254;220;land;false;plains;7
9003;255;253;222;land;false;plains;7
9004;173;248;85;land;false;plains;7
9005;236;155;61;land;true;plains;7
9006;252;151;188;land;false;desert;3
9007;53;235;108;land;false;forest;7
9008;254;185;168;land;false;plains;7
9009;242;189;130;land;false;plains;7
9010;247;168;246;land;false;plains;7
9011;235;240;255;land;true;plains;7
9012;187;147;255;land;false;hills;5
9013;77;216;186;land;false;desert;3
9014;183;216;251;land;true;plains;7
9015;247;104;233;land;false;plains;7
9016;54;228;57;land;false;desert;5
9017;205;189;255;land;false;plains;7
9018;80;234;54;land;false;desert;3
9019;196;251;191;land;false;plains;7
9020;254;202;245;land;false;plains;7
9021;138;241;179;land;false;mountain;2
9022;107;70;197;land;false;plains;5
9023;235;88;160;land;false;plains;7
9024;155;178;246;land;false;plains;7
9025;173;241;74;land;true;forest;7
9026;205;103;226;land;false;forest;7
9027;254;203;218;land;false;plains;7
9028;226;227;255;land;false;plains;7
9029;250;250;177;land;false;plains;7
9030;253;199;226;land;true;plains;7
9031;247;125;165;land;false;contaminated;2
9032;161;245;188;land;false;contaminated;2
9033;226;85;224;land;false;plains;7
9034;173;247;197;land;false;desert;1
9035;231;251;152;land;false;plains;7
9036;120;180;241;land;true;plains;7
9037;220;252;87;land;true;plains;6
9038;81;231;161;land;false;hills;7
9039;73;230;251;land;false;plains;7
9040;222;133;251;land;false;hills;7
9041;200;252;196;land;false;desert;1
9042;177;249;254;land;false;plains;7
9043;221;213;69;land;true;plains;7
9044;138;167;239;land;true;forest;7
9045;229;186;251;land;false;forest;5
9046;219;253;127;land;true;plains;7
9047;243;168;148;land;false;plains;7
9048;164;189;249;land;false;forest;7
9049;252;136;191;land;false;hills;7
9050;161;241;148;land;true;plains;7
9051;125;207;240;land;false;hills;7
9052;255;250;251;land;false;forest;7
9053;254;248;228;land;false;hills;6
9054;246;165;231;land;false;mountain;2
9055;187;129;235;land;false;plains;7
9056;253;233;195;land;false;mountain;3
9057;76;112;247;land;false;hills;7
9058;181;143;252;land;false;hills;3
9059;254;219;159;land;false;plains;7
9060;230;254;231;land;false;plains;7
9061;241;164;28;land;false;plains;7
9062;125;187;237;land;false;plains;7
9063;85;219;190;land;true;plains;7
9064;255;253;241;land;false;plains;7
9065;250;116;129;land;false;forest;7
9066;235;155;124;land;false;plains;6
9067;233;254;232;land;false;mountain;2
9068;253;187;254;land;false;plains;7
9069;91;189;219;land;false;plains;7
9070;81;249;89;land;false;desert;3
9071;42;197;222;land;false;contaminated;2
9072;233;223;73;land;true;plains;6
9073;242;120;245;land;false;plains;7
9074;238;253;79;land;false;plains;7
9075;147;237;244;land;false;forest;5
9076;251;184;246;land;false;plains;7
9077;158;227;52;land;false;forest;6
9078;245;210;254;land;false;forest;5
9079;70;251;46;land;false;plains;7
9080;251;123;145;land;false;plains;7
9081;253;166;249;land;false;plains;7
9082;247;173;249;land;false;plains;7
9083;121;238;150;land;false;plains;7
9084;145;64;226;land;false;forest;7
9085;28;166;254;land;false;plains;6
9086;157;252;170;land;false;plains;7
9087;159;223;63;land;false;plains;7
9088;190;230;28;land;false;hills;7
9089;172;242;143;land;false;forest;7
9090;205;152;249;land;false;plains;7
9091;186;213;254;land;false;plains;7
9092;159;103;226;land;true;plains;7
9093;205;228;69;land;false;plains;7
9094;221;252;150;land;true;forest;7
9095;208;248;139;land;true;forest;3
9096;254;226;204;land;false;plains;7
9097;252;105;160;land;false;plains;7
9098;199;168;248;land;false;hills;7
9099;253;44;233;land;false;plains;7
9100;211;255;81;land;false;forest;6
9101;212;67;162;land;false;desert;3
9102;111;129;247;land;false;plains;7
9103;155;254;233;land;false;plains;7
9104;217;254;214;land;false;hills;5
9105;224;109;165;land;true;desert;3
9106;93;254;200;land;true;plains;7
9107;237;198;118;land;true;desert;1
9108;236;255;241;land;true;plains;7
9109;233;104;189;land;false;plains;7
9110;40;109;241;land;false;plains;7
9111;148;235;100;land;false;hills;7
9112;249;141;249;land;false;plains;7
9113;72;251;164;land;false;forest;7
9114;238;193;124;land;false;plains;7
9115;149;98;253;land;false;plains;7
9116;253;212;254;land;false;desert;5
9117;205;252;238;land;false;forest;7
9118;230;30;226;land;false;hills;3
9119;95;68;244;land;true;desert;3
9120;133;213;60;land;true;plains;7
9121;195;160;252;land;false;plains;7
9122;231;173;114;land;false;plains;7
9123;224;251;180;land;true;plains;7
9124;130;251;160;land;false;forest;7
9125;255;246;251;land;false;plains;7
9126;189;249;155;land;false;forest;1
9127;95;251;52;land;false;plains;6
9128;233;239;128;land;false;forest;7
9129;221;131;71;land;true;plains;7
9130;218;114;233;land;false;plains;7
9131;252;255;233;land;true;plains;7
9132;38;247;206;land;true;plains;6
9133;142;199;251;land;false;forest;6
9134;248;147;153;land;false;hills;7
9135;102;173;244;land;false;plains;7
9136;234;234;255;land;false;plains;7
9137;240;245;89;land;false;plains;7
9138;112;221;229;land;false;plains;7
9139;192;227;67;land;false;hills;7
9140;192;207;251;land;true;plains;7
9141;89;129;249;land;false;mountain;3
9142;251;203;197;land;false;plains;7
9143;250;140;146;land;false;plains;7
9144;160;141;241;land;false;plains;7
9145;255;200;192;land;false;mountain;7
9146;253;146;145;land;false;plains;7
9147;67;207;161;land;false;plains;7
9148;169;245;63;land;true;forest;7
9149;198;251;87;land;false;mountain;5
9150;193;219;254;land;false;plains;6
9151;97;246;54;land;false;plains;7
9152;118;31;242;land;false;plains;7
9153;198;141;248;land;false;desert;3
9154;214;193;253;land;false;plains;7
9155;175;221;92;land;false;plains;7
9156;232;129;90;land;false;plains;7
9157;187;99;237;land;false;forest;7
9158;253;202;198;land;false;plains;5
9159;189;131;253;land;true;hills;5
9160;110;252;172;land;true;forest;6
9161;246;200;254;land;true;plains;7
9162;250;210;190;land;false;forest;7
9163;238;222;255;land;false;plains;5
9164;187;157;250;land;false;plains;7
9165;226;251;175;land;true;forest;7
9166;52;93;238;land;false;plains;7
9167;108;246;73;land;false;hills;6
9168;214;85;210;land;false;plains;7
9169;59;107;226;land;false;plains;7
9170;170;102;232;land;false;forest;7
9171;149;167;248;land;false;hills;7
9172;216;93;174;land;false;forest;7
9173;66;252;185;land;false;forest;7
9174;193;120;65;land;false;plains;6
9175;228;255;227;land;true;plains;7
9176;227;227;255;land;true;plains;7
9177;77;186;232;land;false;plains;7
9178;124;187;247;land;false;plains;7
9179;255;255;251;land;true;plains;7
9180;207;247;55;land;false;plains;7
9181;236;66;44;land;false;plains;7
9182;92;227;229;land;false;plains;7
9183;74;244;104;land;false;plains;6
9184;103;227;237;land;false;desert;3
9185;254;147;207;land;false;plains;7
9186;239;162;247;land;false;hills;5
9187;254;234;196;land;false;hills;7
9188;229;96;157;land;false;urban;5
9189;217;171;251;land;false;plains;7
9190;219;230;254;land;false;forest;7
9191;144;167;240;land;false;plains;7
9192;255;231;218;land;true;plains;5
9193;152;243;143;land;true;desert;5
9194;207;209;254;land;false;desert;3
9195;255;247;242;land;false;plains;7
9196;255;252;246;land;false;forest;7
9197;198;125;247;land;false;plains;7
9198;252;205;189;land;false;plains;7
9199;250;16;76;land;false;plains;7
9200;152;248;195;land;false;plains;7
9201;255;246;234;land;false;forest;7
9202;102;186;223;land;false;plains;7
9203;161;212;88;land;false;plains;7
9204;89;250;48;land;false;plains;7
9205;243;141;235;land;true;plains;7
9206;245;249;85;land;false;plains;7
9207;252;250;255;land;false;plains;7
9208;252;177;191;land;false;hills;7
9209;247;145;100;land;false;plains;7
9210;100;98;232;land;false;plains;7
9211;223;41;119;land;true;desert;5
9212;255;243;248;land;false;hills;7
9213;254;213;241;land;false;forest;7
9214;159;243;245;land;false;plains;7
9215;32;235;117;land;false;plains;7
9216;254;253;187;land;false;plains;7
9217;226;253;208;land;false;plains;7
9218;139;239;251;land;false;plains;7
9219;255;249;254;land;false;plains;7
9220;249;127;246;land;true;plains;7
9221;250;217;176;land;false;forest;6
9222;190;254;156;land;false;hills;7
9223;90;255;211;land;false;plains;7
9224;254;218;213;land;true;plains;7
9225;213;159;71;land;false;hills;5
9226;242;239;89;land;false;mountain;5
9227;220;184;85;land;false;plains;7
9228;162;221;246;land;true;plains;7
9229;163;91;254;land;false;plains;7
9230;169;83;218;land;true;plains;7
9231;252;228;254;land;true;desert;3
9232;237;63;204;land;false;plains;7
9233;67;251;156;land;false;plains;7
9234;195;252;114;land;true;plains;7
9235;255;231;247;land;false;plains;7
9236;253;134;86;land;true;plains;6
9237;236;33;220;land;false;plains;7
9238;76;234;243;land;false;forest;7
9239;121;171;232;land;false;contaminated;2
9240;109;251;240;land;false;plains;7
9241;31;200;250;land;true;plains;7
9242;139;209;252;land;true;plains;7
9243;235;108;69;land;true;plains;7
9244;142;246;229;land;false;plains;7
9245;252;104;246;land;true;plains;7
9246;55;245;24;land;false;plains;7
9247;172;214;74;land;false;plains;7
9248;99;93;239;land;false;desert;3
9249;254;230;163;land;false;marsh;7
9250;179;143;246;land;true;plains;7
9251;35;236;27;land;false;hills;3
9252;207;248;254;land;false;plains;7
9253;173;252;163;land;false;forest;5
9254;154;228;247;land;false;hills;7
9255;23;236;251;land;true;plains;7
9256;214;245;141;land;true;marsh;7
9257;252;73;114;land;false;mountain;3
9258;86;227;118;land;false;plains;7
9259;238;47;104;land;false;vorkernsberg;5
9260;161;195;252;land;false;contaminated;2
9261;171;244;151;land;false;plains;7
9262;210;206;253;land;true;plains;7
9263;253;213;160;land;false;contaminated;2
9264;240;255;235;land;false;desert;3
9265;254;183;206;land;false;hills;7
9266;233;221;81;land;false;mountain;5
9267;160;229;246;land;false;plains;7
9268;249;205;163;land;false;plains;7
9269;249;26;203;land;false;forest;5
9270;253;202;202;land;false;plains;7
9271;252;255;254;land;false;plains;7
9272;241;142;228;land;true;plains;7
9273;141;245;26;land;false;mountain;3
9274;205;242;254;land;false;desert;3
9275;242;255;241;land;false;plains;7
9276;246;228;155;land;true;plains;7
9277;169;191;249;land;false;plains;7
9278;246;241;150;land;false;plains;7
9279;183;251;251;land;false;hills;5
9280;236;50;122;land;true;plains;7
9281;193;245;160;land;false;plains;7
9282;255;253;244;land;true;plains;7
9283;158;53;219;land;true;plains;7
9284;252;239;165;land;false;plains;7
9285;250;189;184;land;false;contaminated;2
9286;254;251;202;land;false;plains;7
9287;235;199;255;land;true;plains;7
9288;236;255;189;land;false;plains;7
9289;84;192;246;land;false;plains;5
9290;197;169;247;land;false;marsh;7
9291;177;220;249;land;false;forest;7
9292;38;68;241;land;false;plains;6
9293;253;220;254;land;false;plains;5
9294;230;234;43;land;false;mountain;3
9295;82;236;144;land;false;hills;7
9296;172;250;138;land;true;plains;7
9297;72;78;253;land;false;plains;7
9298;109;246;220;land;true;plains;7
9299;233;113;78;land;false;plains;7
9300;164;148;250;land;false;plains;7
9301;182;227;43;land;false;forest;5
9302;47;255;238;land;false;desert;3
9303;255;239;242;land;false;hills;7
9304;133;238;92;land;false;hills;7
9305;204;251;163;land;false;plains;7
9306;156;254;148;land;false;plains;7
9307;190;229;250;land;false;plains;7
9308;215;254;237;land;false;desert;1
9309;253;235;207;land;true;plains;7
9310;226;255;230;land;true;plains;7
9311;255;240;244;land;false;plains;7
9312;254;252;102;land;false;plains;7
9313;252;224;254;land;false;hills;7
9314;237;227;254;land;true;plains;7
9315;208;151;79;land;true;desert;5
9316;172;78;229;land;true;plains;7
9317;181;234;126;land;false;forest;7
9318;196;239;254;land;false;plains;3
9319;197;170;247;land;false;plains;7
9320;216;109;225;land;false;forest;6
9321;217;245;255;land;false;urban;5
9322;209;255;217;land;false;plains;7
9323;177;118;246;land;false;marsh;5
9324;110;186;251;land;false;plains;7
9325;102;43;239;land;false;plains;7
9326;251;156;104;land;true;plains;7
9327;213;254;239;land;true;urban;6
9328;211;44;147;land;false;forest;5
9329;215;206;92;land;true;plains;7
9330;244;236;160;land;false;plains;7
9331;243;126;103;land;false;plains;7
9332;90;229;93;land;true;forest;7
9333;253;145;105;land;false;hills;1
9334;253;171;176;land;false;plains;7
9335;121;230;109;land;false;plains;7
9336;197;226;252;land;false;forest;6
9337;248;200;143;land;false;hills;5
9338;251;255;235;land;false;plains;7
9339;38;33;251;land;false;plains;7
9340;252;177;128;land;true;plains;7
9341;107;197;232;land;false;plains;7
9342;135;248;217;land;true;plains;7
9343;43;108;225;land;true;plains;7
9344;245;71;39;land;false;hills;6
9345;232;120;237;land;false;plains;7
9346;211;240;140;land;false;contaminated;2
9347;220;39;73;land;false;plains;7
9348;183;191;250;land;true;desert;3
9349;254;212;246;land;false;desert;3
9350;32;226;89;land;false;plains;7
9351;253;72;235;land;true;plains;7
9352;229;229;109;land;false;plains;7
9353;186;245;254;land;false;hills;7
9354;246;167;237;land;false;plains;7
9355;249;29;50;land;false;plains;7
9356;236;237;90;land;true;plains;7
9357;23;111;253;land;false;plains;7
9358;226;106;180;land;false;plains;7
9359;65;238;180;land;true;plains;7
9360;251;250;255;land;false;plains;7
9361;246;208;254;land;false;plains;7
9362;176;253;242;land;false;hills;5
9363;252;104;137;land;true;plains;5
9364;127;239;231;land;true;plains;7
9365;225;75;56;land;false;plains;7
9366;145;75;254;land;false;forest;5
9367;203;194;255;land;false;desert;3
9368;99;214;85;land;false;forest;5
9369;253;135;146;land;false;plains;7
9370;240;243;255;land;false;desert;3
9371;191;254;230;land;true;plains;7
9372;19;52;239;land;false;plains;7
9373;37;241;232;land;true;forest;7
9374;217;215;96;land;true;plains;7
9375;231;240;255;land;false;mountain;3
9376;238;228;255;land;false;mountain;1
9377;253;192;192;land;false;plains;7
9378;122;123;249;land;false;plains;7
9379;194;236;27;land;false;plains;7
9380;237;247;164;land;false;plains;7
9381;192;78;248;land;true;plains;7
9382;218;165;249;land;false;plains;7
9383;230;211;253;land;false;plains;7
9384;242;255;251;land;false;plains;7
9385;253;249;255;land;false;plains;7
9386;246;171;132;land;false;forest;7
9387;22;250;88;land;false;plains;7
9388;113;153;231;land;true;plains;7
9389;202;254;173;land;false;forest;7
9390;95;243;97;land;false;desert;1
9391;54;212;81;land;true;forest;7
9392;134;113;231;land;false;plains;7
9393;255;250;233;land;false;contaminated;2
9394;253;91;14;land;true;plains;7
9395;181;233;252;land;false;urban;1
9396;252;192;242;land;false;plains;7
9397;252;236;167;land;false;plains;5
9398;219;152;251;land;true;desert;3
9399;248;223;146;land;false;plains;7
9400;252;156;189;land;false;plains;7
9401;244;229;255;land;false;plains;7
9402;210;253;156;land;false;desert;1
9403;160;155;251;land;false;plains;7
9404;155;249;93;land;true;plains;7
9405;244;232;133;land;true;plains;7
9406;252;253;255;land;false;plains;7
9407;180;252;195;land;true;plains;7
9408;246;146;198;land;false;plains;7
9409;238;249;145;land;false;plains;7
9410;94;237;165;land;false;plains;7
9411;240;255;232;land;false;mountain;1
9412;145;131;248;land;false;plains;7
9413;93;254;222;land;false;plains;5
9414;179;142;252;land;false;contaminated;2
9415;251;236;138;land;true;plains;7
9416;233;236;100;land;true;plains;7
9417;172;253;118;land;false;plains;7
9418;254;196;240;land;false;plains;6
9419;163;228;38;land;true;plains;7
9420;230;85;140;land;false;hills;7
9421;17;246;129;land;false;plains;7
9422;254;107;190;land;true;plains;7
9423;249;236;255;land;false;plains;7
9424;242;255;247;land;false;plains;7
9425;60;246;173;land;false;plains;7
9426;101;93;233;land;false;plains;7
9427;234;147;62;land;true;forest;7
9428;183;236;250;land;false;plains;7
9429;31;246;182;land;false;plains;7
9430;247;210;255;land;false;plains;7
9431;102;103;231;land;false;contaminated;2
9432;105;242;230;land;false;forest;7
9433;142;241;197;land;false;plains;7
9434;98;225;145;land;false;plains;7
9435;134;182;240;land;false;plains;7
9436;183;154;254;land;false;plains;7
9437;150;247;13;land;false;forest;7
9438;255;243;238;land;false;plains;7
9439;247;209;113;land;false;contaminated;2
9440;11;250;115;land;true;plains;7
9441;251;255;253;land;false;plains;7
9442;244;209;161;land;false;desert;3
9443;157;247;99;land;false;mountain;7
9444;245;11;64;land;false;mountain;5
9445;114;174;239;land;false;plains;7
9446;81;233;189;land;false;plains;7
9447;191;189;251;land;false;plains;7
9448;255;251;240;land;false;plains;5
9449;231;101;104;land;true;desert;1
9450;250;105;158;land;false;forest;7
9451;202;39;228;land;false;plains;5
9452;211;62;218;land;true;desert;5
9453;140;226;101;land;false;forest;5
9454;220;82;64;land;false;hills;7
9455;254;238;212;land;false;forest;7
9456;232;179;102;land;false;hills;7
9457;110;158;241;land;false;plains;7
9458;231;28;149;land;false;plains;7
9459;254;126;135;land;false;plains;7
9460;238;229;255;land;false;mountain;5
9461;253;252;136;land;false;plains;6
9462;205;76;247;land;true;plains;7
9463;234;235;255;land;true;forest;1
9464;204;239;136;land;false;plains;5
9465;33;253;18;land;true;forest;7
9466;142;233;244;land;true;desert;5
9467;248;252;154;land;true;desert;3
9468;245;172;33;land;false;plains;7
9469;220;255;240;land;false;plains;7
9470;243;255;255;land;true;plains;7
9471;254;196;198;land;false;hills;7
9472;205;254;165;land;false;forest;2
9473;221;78;204;land;false;plains;7
9474;235;114;141;land;true;plains;7
9475;214;253;208;land;false;contaminated;2
9476;230;212;120;land;false;plains;7
9477;115;111;245;land;false;contaminated;2
9478;231;112;221;land;false;plains;5
9479;255;252;244;land;false;plains;7
9480;188;254;171;land;false;plains;7
9481;251;241;182;land;true;plains;7
9482;128;224;70;land;false;plains;7
9483;205;245;254;land;true;marsh;7
9484;174;218;86;land;false;plains;7
9485;236;208;253;land;false;plains;7
9486;206;169;78;land;false;plains;7
9487;254;224;242;land;true;forest;7
9488;150;217;252;land;false;hills;7
9489;254;211;146;land;false;forest;7
9490;156;168;245;land;false;forest;7
9491;252;135;91;land;false;plains;7
9492;141;242;153;land;false;forest;5
9493;237;189;250;land;true;forest;7
9494;230;255;242;land;true;plains;7
9495;65;227;177;land;false;plains;7
9496;247;169;255;land;false;mountain;7
9497;71;143;222;land;false;hills;7
9498;107;97;223;land;false;plains;7
9499;249;210;184;land;false;mountain;7
9500;249;47;252;land;false;plains;5
9501;191;242;118;land;false;forest;7
9502;232;116;203;land;true;plains;7
9503;70;94;235;land;false;plains;7
9504;213;87;165;land;false;plains;7
9505;250;183;215;land;false;plains;7
9506;181;79;221;land;false;plains;7
9507;247;33;248;land;true;plains;7
9508;109;162;253;land;false;mountain;3
9509;242;250;255;land;false;plains;5
9510;255;237;96;land;false;plains;7
9511;247;170;223;land;false;hills;7
9512;247;153;178;land;true;plains;7
9513;210;242;90;land;false;desert;3
9514;162;116;240;land;true;plains;7
9515;15;200;250;land;false;plains;7
9516;245;181;125;land;true;plains;7
9517;210;248;88;land;false;contaminated;2
9518;88;251;112;land;false;plains;6
9519;44;31;238;land;false;mountain;2
9520;255;235;217;land;true;marsh;7
9521;243;171;253;land;false;plains;7
9522;127;119;241;land;false;plains;7
9523;172;212;253;land;false;plains;7
9524;131;72;241;land;false;plains;7
9525;194;165;253;land;false;mountain;5
9526;255;239;27;land;true;desert;1
9527;59;152;223;land;false;plains;7
9528;221;153;245;land;true;plains;7
9529;255;170;136;land;true;plains;7
9530;223;255;253;land;true;plains;7
9531;136;131;236;land;false;forest;7
9532;251;251;255;land;false;plains;7
9533;188;249;103;land;false;plains;7
9534;79;169;206;land;false;plains;7
9535;61;252;123;land;true;plains;7
9536;248;199;254;land;false;hills;3
9537;194;197;252;land;false;hills;5
9538;220;166;75;land;false;plains;7
9539;51;219;98;land;false;plains;7
9540;182;222;254;land;false;forest;7
9541;217;245;159;land;true;plains;7
9542;108;244;99;land;false;plains;7
9543;240;136;227;land;false;plains;7
9544;254;207;170;land;false;plains;7
9545;139;250;124;land;true;marsh;7
9546;166;246;187;land;false;plains;7
9547;131;241;138;land;false;plains;7
9548;218;244;146;land;true;plains;7
9549;95;132;224;land;false;plains;7
9550;169;253;209;land;false;plains;7
9551;252;128;231;land;true;plains;7
9552;183;94;227;land;false;plains;7
9553;36;253;243;land;true;forest;7
9554;248;112;137;land;false;plains;7
9555;164;142;253;land;false;plains;7
9556;213;255;160;land;false;plains;7
9557;228;113;218;land;false;plains;7
9558;66;237;80;land;false;plains;7
9559;242;244;63;land;true;plains;7
9560;229;99;123;land;false;plains;7
9561;226;60;232;land;false;plains;7
9562;255;189;212;land;false;contaminated;2
9563;218;254;251;land;false;plains;7
9564;229;136;254;land;false;plains;7
9565;64;36;233;land;false;plains;7
9566;240;79;205;land;false;forest;7
9567;18;195;247;land;false;plains;5
9568;250;146;229;land;false;desert;3
9569;213;254;252;land;false;plains;2
9570;254;220;226;land;false;contaminated;2
9571;223;255;238;land;false;contaminated;2
9572;180;118;244;land;false;desert;3
9573;106;146;243;land;false;plains;7
9574;224;80;191;land;false;plains;7
9575;84;82;225;land;false;contaminated;2
9576;213;254;229;land;false;plains;7
9577;245;144;146;land;false;plains;7
9578;122;251;226;land;false;forest;7
9579;54;60;207;land;false;plains;7
9580;250;202;254;land;false;plains;7
9581;239;254;226;land;false;plains;7
9582;254;196;116;land;false;plains;7
9583;202;186;251;land;true;hills;3
9584;139;192;250;land;false;mountain;3
9585;77;248;60;land;false;marsh;7
9586;254;255;252;land;true;plains;7
9587;231;236;255;land;true;plains;7
9588;205;244;255;land;false;hills;7
9589;83;226;247;land;false;hills;7
9590;250;196;128;land;false;plains;7
9591;252;184;248;land;true;plains;7
9592;136;157;237;land;true;plains;7
9593;255;194;196;land;false;plains;7
9594;216;247;99;land;true;desert;1
9595;207;247;147;land;false;plains;7
9596;251;220;159;land;true;plains;7
9597;98;120;242;land;false;plains;7
9598;246;189;167;land;false;forest;6
9599;247;165;232;land;true;plains;7
9600;84;140;209;land;false;mountain;3
9601;184;114;230;land;true;plains;7
9602;214;253;187;land;true;plains;7
9603;66;171;216;land;false;plains;7
9604;186;186;250;land;false;plains;7
9605;201;255;83;land;false;plains;7
9606;223;61;38;land;false;plains;6
9607;120;251;210;land;false;plains;7
9608;33;55;250;land;false;plains;6
9609;248;126;233;land;false;desert;1
9610;250;237;181;land;false;forest;7
9611;236;208;120;land;false;forest;6
9612;124;217;83;land;false;hills;7
9613;253;143;127;land;false;plains;7
9614;238;127;142;land;true;plains;6
9615;254;224;201;land;false;plains;7
9616;200;194;254;land;false;forest;7
9617;112;166;248;land;false;marsh;1
9618;251;62;152;land;false;plains;7
9619;247;75;187;land;false;plains;7
9620;184;250;140;land;false;plains;7
9621;231;46;75;land;false;plains;7
9622;250;193;173;land;false;plains;7
9623;211;145;249;land;false;plains;7
9624;226;254;232;land;false;plains;3
9625;239;255;239;land;false;plains;5
9626;121;249;123;land;false;contaminated;2
9627;255;226;241;land;false;plains;7
9628;226;93;172;land;false;plains;7
9629;220;130;236;land;false;plains;7
9630;254;236;121;land;false;desert;3
9631;170;254;192;land;false;plains;7
9632;255;193;183;land;false;plains;7
9633;207;143;251;land;false;desert;3
9634;173;251;225;land;true;plains;7
9635;119;238;100;land;false;plains;7
9636;224;36;66;land;false;plains;7
9637;235;120;91;land;false;desert;1
9638;249;254;191;land;false;plains;7
9639;254;175;182;land;false;plains;7
9640;74;137;209;land;false;plains;7
9641;237;195;103;land;false;desert;5
9642;193;202;254;land;false;hills;7
9643;118;251;128;land;true;plains;7
9644;64;228;213;land;false;forest;7
9645;222;238;255;land;false;plains;7
9646;129;104;250;land;false;hills;7
9647;225;253;202;land;true;plains;7
9648;229;102;153;land;false;plains;7
9649;188;253;137;land;false;plains;7
9650;186;106;239;land;true;plains;7
9651;53;89;213;land;false;plains;7
9652;59;212;210;land;false;plains;7
9653;166;239;246;land;true;plains;7
9654;255;240;241;land;false;plains;7
9655;239;255;227;land;false;plains;7
9656;182;236;251;land;false;plains;7
9657;187;254;224;land;false;plains;6
9658;253;230;210;land;false;hills;7
9659;43;217;228;land;false;hills;3
9660;51;226;226;land;false;plains;7
9661;223;46;184;land;false;plains;7
9662;112;237;161;land;false;plains;7
9663;115;243;203;land;false;plains;7
9664;102;171;234;land;true;plains;5
9665;245;250;183;land;false;plains;7
9666;144;198;245;land;false;plains;7
9667;157;249;167;land;false;plains;7
9668;198;217;252;land;false;hills;7
9669;205;111;235;land;false;plains;7
9670;208;89;214;land;true;plains;7
9671;108;234;248;land;false;plains;7
9672;219;253;142;land;false;desert;3
9673;217;157;251;land;false;forest;7
9674;224;106;99;land;false;plains;7
9675;51;98;219;land;false;hills;7
9676;230;5;250;land;false;plains;7
9677;27;235;108;land;true;plains;7
9678;99;143;229;land;false;plains;7
9679;57;181;234;land;false;plains;2
9680;103;99;236;land;false;plains;7
9681;76;249;198;land;true;plains;7
9682;242;181;137;land;false;hills;7
9683;95;73;214;land;false;plains;7
9684;156;37;221;land;false;hills;7
9685;251;223;184;land;false;marsh;6
9686;179;253;229;land;false;plains;7
9687;248;168;124;land;false;plains;7
9688;227;254;172;land;false;desert;6
9689;128;233;31;land;false;plains;7
9690;255;128;116;land;false;plains;7
9691;247;245;103;land;false;hills;7
9692;253;171;50;land;false;contaminated;2
9693;177;253;243;land;true;forest;7
9694;239;254;230;land;false;desert;1
9695;176;248;232;land;false;hills;7
9696;241;171;119;land;false;plains;7
9697;208;254;188;land;false;forest;7
9698;230;179;61;land;false;forest;5
9699;122;209;244;land;true;plains;7
9700;76;76;217;land;true;plains;7
9701;255;190;141;land;false;plains;7
9702;249;238;255;land;false;plains;7
9703;250;205;137;land;true;plains;7
9704;154;231;245;land;false;forest;5
9705;245;255;247;land;false;plains;7
9706;179;248;197;land;false;plains;7
9707;106;251;50;land;false;plains;7
9708;121;96;226;land;false;plains;7
9709;242;130;181;land;false;plains;7
9710;231;82;220;land;false;plains;7
9711;235;186;253;land;false;plains;7
9712;212;249;254;land;true;plains;7
9713;241;124;61;land;false;plains;7
9714;95;154;248;land;true;plains;7
9715;172;224;70;land;false;plains;7
9716;243;74;254;land;false;desert;3
9717;156;246;246;land;false;marsh;1
9718;255;240;249;land;false;hills;3
9719;224;125;248;land;false;plains;7
9720;248;213;172;land;true;plains;7
9721;222;52;136;land;false;plains;7
9722;130;251;168;land;false;plains;7
9723;187;69;224;land;true;plains;7
9724;255;240;243;land;false;plains;7
9725;255;253;236;land;false;plains;5
9726;113;203;234;land;false;plains;7
9727;187;139;253;land;false;plains;5
9728;255;173;178;land;false;plains;7
9729;211;237;254;land;false;forest;7
9730;243;255;156;land;false;plains;7
9731;255;234;199;land;false;desert;1
9732;158;228;47;land;true;plains;7
9733;253;254;199;land;false;hills;5
9734;107;252;127;land;false;plains;7
9735;170;91;226;land;false;desert;3
9736;163;240;76;land;false;contaminated;2
9737;223;214;254;land;false;plains;7
9738;231;102;120;land;false;contaminated;2
9739;210;205;69;land;false;desert;3
9740;163;106;223;land;false;contaminated;2
9741;243;18;171;land;false;marsh;7
9742;192;252;140;land;false;desert;3
9743;254;214;242;land;true;plains;7
9744;205;248;253;land;false;plains;7
9745;237;98;67;land;false;plains;7
9746;244;95;175;land;false;plains;7
9747;185;252;197;land;true;plains;7
9748;254;198;242;land;false;forest;1
9749;91;87;225;land;true;plains;7
9750;183;96;246;land;true;forest;7
9751;232;240;120;land;false;desert;3
9752;253;238;132;land;false;desert;3
9753;235;251;255;land;true;forest;7
9754;52;226;162;land;false;mountain;7
9755;129;228;254;land;true;plains;7
9756;219;96;144;land;false;hills;7
9757;255;210;212;land;true;contaminated;2
9758;238;102;187;land;false;desert;3
9759;132;166;240;land;false;forest;7
9760;249;129;145;land;false;desert;3
9761;249;166;179;land;false;plains;7
9762;255;225;238;land;false;plains;7
9763;48;211;157;land;false;plains;7
9764;228;232;111;land;true;plains;7
9765;228;115;216;land;false;plains;7
9766;201;231;255;land;false;forest;7
9767;244;211;144;land;false;forest;7
9768;211;51;168;land;false;contaminated;2
9769;195;164;252;land;false;plains;7
9770;252;94;242;land;false;plains;7
9771;240;255;250;land;false;plains;7
9772;220;223;34;land;false;plains;7
9773;249;255;235;land;false;plains;7
9774;32;240;126;land;false;plains;7
9775;72;222;240;land;false;plains;7
9776;239;144;210;land;false;plains;7
9777;234;255;228;land;false;plains;7
9778;57;244;240;land;true;marsh;6
9779;242;86;252;land;false;plains;7
9780;226;152;255;land;false;hills;7
9781;250;253;127;land;false;plains;7
9782;253;148;220;land;false;plains;7
9783;254;220;216;land;true;plains;7
9784;204;166;246;land;false;plains;7
9785;77;220;60;land;false;contaminated;2
9786;57;221;160;land;false;contaminated;2
9787;148;245;215;land;false;desert;1
9788;247;254;214;land;false;plains;7
9789;231;254;219;land;false;hills;7
9790;157;126;245;land;false;plains;6
9791;226;175;250;land;false;plains;7
9792;36;186;237;land;true;plains;7
9793;198;95;230;land;false;plains;7
9794;236;88;56;land;false;plains;7
9795;100;63;246;land;false;contaminated;2
9796;214;253;207;land;false;contaminated;2
9797;80;116;239;land;false;plains;7
9798;255;251;225;land;false;desert;3
9799;219;208;254;land;false;plains;7
9800;162;131;249;land;false;plains;7
9801;237;90;226;land;false;plains;7
9802;187;181;254;land;false;hills;7
9803;222;251;160;land;false;plains;7
9804;171;146;244;land;false;forest;5
9805;175;200;250;land;false;plains;7
9806;241;129;97;land;false;contaminated;2
9807;241;243;255;land;false;marsh;7
9808;239;255;252;land;true;forest;7
9809;207;255;223;land;false;mountain;7
9810;182;135;246;land;true;plains;7
9811;253;233;255;land;false;forest;5
9812;157;97;245;land;false;plains;7
9813;107;63;241;land;true;plains;7
9814;189;229;252;land;false;plains;7
9815;239;112;208;land;false;plains;7
9816;230;242;255;land;false;plains;7
9817;227;253;194;land;false;desert;3
9818;221;254;246;land;false;plains;7
9819;116;102;221;land;false;plains;7
9820;118;168;236;land;false;plains;7
9821;202;182;57;land;true;plains;7
9822;240;124;135;land;false;plains;7
9823;255;219;245;land;false;plains;7
9824;230;143;89;land;false;hills;7
9825;74;248;190;land;false;plains;7
9826;61;229;170;land;false;plains;7
9827;130;87;229;land;false;plains;7
9828;255;243;244;land;true;plains;7
9829;140;239;184;land;false;plains;7
9830;177;251;181;land;false;desert;3
9831;230;72;178;land;false;plains;7
9832;214;254;205;land;false;plains;7
9833;255;228;251;land;true;desert;5
9834;160;250;216;land;false;plains;7
9835;173;247;140;land;false;plains;7
9836;98;185;248;land;false;plains;7
9837;253;255;228;land;false;forest;7
9838;242;14;134;land;true;plains;7
9839;153;95;234;land;true;plains;7
9840;226;123;46;land;false;marsh;1
9841;252;194;223;land;false;plains;7
9842;79;217;198;land;false;plains;7
9843;254;177;245;land;false;contaminated;2
9844;153;243;153;land;false;plains;7
9845;155;251;127;land;false;forest;5
9846;239;210;42;land;false;contaminated;2
9847;229;171;45;land;false;plains;7
9848;255;227;248;land;false;plains;7
9849;59;226;139;land;false;plains;7
9850;253;25;155;land;false;plains;1
9851;180;252;122;land;false;plains;7
9852;251;231;192;land;true;plains;7
9853;252;111;159;land;false;plains;7
9854;214;236;47;land;false;plains;7
9855;209;227;253;land;false;plains;7
9856;162;176;253;land;true;plains;7
9857;185;248;104;land;false;plains;7
9858;193;52;222;land;true;forest;7
9859;227;167;99;land;false;plains;7
9860;192;246;150;land;false;contaminated;2
9861;94;246;90;land;true;hills;3
9862;214;108;244;land;false;plains;6
9863;225;125;89;land;false;plains;7
9864;244;167;147;land;false;forest;7
9865;69;113;250;land;true;plains;7
9866;252;254;255;land;false;plains;7
9867;144;196;251;land;false;plains;7
9868;250;114;233;land;false;plains;7
9869;87;87;229;land;false;plains;7
9870;194;98;230;land;false;plains;7
9871;240;254;231;land;false;forest;5
9872;158;195;250;land;false;desert;1
9873;188;150;250;land;false;plains;7
9874;98;239;90;land;false;plains;7
9875;200;254;208;land;false;plains;7
9876;245;183;253;land;false;mountain;2
9877;66;230;245;land;false;hills;7
9878;238;255;251;land;false;plains;7
9879;49;33;255;land;true;plains;7
9880;245;140;155;land;false;contaminated;2
9881;228;255;247;land;false;hills;3
9882;237;253;192;land;false;plains;7
9883;255;238;211;land;false;plains;7
9884;255;254;213;land;false;forest;5
9885;245;124;90;land;false;plains;7
9886;205;165;249;land;false;plains;7
9887;238;253;181;land;false;plains;7
9888;101;183;253;land;false;hills;7
9889;110;240;132;land;false;plains;7
9890;254;214;246;land;false;hills;3
9891;93;65;233;land;true;plains;7
9892;151;245;152;land;true;plains;7
9893;229;187;58;land;false;hills;7
9894;164;248;146;land;false;plains;6
9895;33;227;172;land;true;plains;7
9896;255;232;255;land;false;desert;3
9897;96;65;236;land;true;forest;7
9898;223;72;193;land;true;plains;7
9899;189;250;229;land;false;forest;7
9900;241;135;197;land;false;mountain;3
9901;158;48;245;land;false;plains;7
9902;255;231;221;land;false;plains;7
9903;191;250;114;land;true;plains;7
9904;181;237;251;land;false;plains;7
9905;247;119;124;land;false;plains;7
9906;128;117;231;land;false;plains;7
9907;255;149;251;land;false;contaminated;2
9908;222;254;222;land;false;plains;5
9909;195;254;169;land;false;desert;3
9910;240;218;255;land;false;plains;5
9911;201;252;246;land;false;plains;7
9912;223;90;65;land;false;plains;7
9913;108;250;240;land;false;plains;7
9914;225;237;136;land;false;plains;7
9915;237;133;175;land;false;plains;7
9916;250;187;227;land;false;contaminated;2
9917;234;248;255;land;true;plains;7
9918;255;236;250;land;false;desert;3
9919;139;253;247;land;false;plains;7
9920;211;67;129;land;false;plains;7
9921;254;248;229;land;false;plains;7
9922;170;248;178;land;false;plains;7
9923;212;196;253;land;false;plains;7
9924;231;117;128;land;false;contaminated;2
9925;251;255;250;land;false;plains;5
9926;222;121;101;land;false;plains;7
9927;186;229;79;land;false;forest;5
9928;240;23;216;land;false;plains;7
9929;248;63;65;land;false;forest;5
9930;204;165;253;land;false;plains;7
9931;252;254;156;land;false;hills;7
9932;246;167;57;land;false;mountain;7
9933;123;236;134;land;false;plains;7
9934;255;244;233;land;false;contaminated;2
9935;86;66;199;land;false;forest;5
9936;221;53;168;land;false;plains;7
9937;141;231;74;land;false;hills;5
9938;208;61;71;land;true;plains;7
9939;251;185;184;land;false;hills;7
9940;113;244;102;land;false;plains;7
9941;224;250;255;land;false;plains;7
9942;77;249;103;land;false;plains;7
9943;163;223;85;land;false;plains;7
9944;159;132;254;land;false;mountain;7
9945;37;253;238;land;false;plains;7
9946;222;254;207;land;true;plains;7
9947;140;218;57;land;false;plains;7
9948;54;229;229;land;false;hills;5
9949;228;34;96;land;true;plains;7
9950;216;47;169;land;false;desert;3
9951;247;167;199;land;false;plains;7
9952;213;250;189;land;true;plains;7
9953;185;244;160;land;false;plains;7
9954;247;227;148;land;true;plains;7
9955;224;118;102;land;true;plains;7
9956;118;229;193;land;false;desert;3
9957;214;132;46;land;false;contaminated;2
9958;254;216;233;land;false;vorkernsberg;5
9959;95;196;60;land;false;plains;7
9960;211;254;137;land;false;plains;7
9961;255;240;236;land;false;contaminated;2
9962;209;67;246;land;false;forest;5
9963;93;220;64;land;false;forest;7
9964;201;254;196;land;false;plains;7
9965;232;66;203;land;false;forest;7
9966;190;255;44;land;false;forest;7
9967;252;206;185;land;false;vorkernsberg;5
9968;141;248;162;land;true;plains;7
9969;81;113;251;land;false;plains;7
9970;229;91;244;land;true;plains;7
9971;73;87;245;land;false;plains;5
9972;247;68;167;land;false;plains;7
9973;191;254;199;land;true;plains;7
9974;236;220;87;land;false;desert;3
9975;211;253;242;land;true;plains;7
9976;255;214;207;land;false;desert;3
9977;127;63;192;land;false;plains;7
9978;194;184;252;land;false;plains;7
9979;250;255;231;land;false;plains;7
9980;37;253;222;land;false;plains;7
9981;252;198;216;land;false;plains;7
9982;254;231;226;land;false;plains;7
9983;255;237;237;land;false;plains;7
9984;205;254;220;land;true;plains;7
9985;198;185;253;land;false;forest;5
9986;140;249;89;land;false;plains;7
9987;23;4;254;land;false;plains;5
9988;252;244;198;land;false;plains;5
9989;40;206;249;land;false;plains;7
9990;255;241;240;land;true;desert;1
9991;239;229;77;land;false;marsh;7
9992;254;250;219;land;false;plains;7
9993;118;252;225;land;false;hills;7
9994;247;237;255;land;false;contaminated;2
9995;101;249;221;land;true;plains;7
9996;164;254;115;land;false;plains;7
9997;51;126;215;land;false;plains;7
9998;233;54;230;land;false;hills;1
9999;249;164;116;land;true;desert;3
10000;49;69;250;land;false;hills;6
10001;51;236;127;land;false;plains;7
10002;228;255;248;land;false;plains;7
10003;207;124;68;land;true;plains;7
10004;90;40;231;land;false;mountain;3
10005;246;253;180;land;false;plains;7
10006;233;146;112;land;false;desert;3
10007;50;249;181;land;false;forest;7
10008;186;245;250;land;false;mountain;7
10009;255;223;253;land;false;forest;7
10010;179;154;245;land;false;hills;7
10011;195;122;252;land;false;plains;7
10012;226;45;75;land;true;plains;7
10013;232;254;223;land;false;plains;7
10014;69;54;202;land;false;plains;7
10015;252;169;202;land;false;forest;5
10016;223;95;106;land;false;mountain;5
10017;171;134;254;land;false;plains;7
10018;141;226;49;land;false;plains;7
10019;222;54;35;land;false;plains;7
10020;117;161;236;land;false;plains;7
10021;221;45;142;land;false;plains;7
10022;252;146;232;land;false;plains;7
10023;251;255;248;land;false;plains;7
10024;222;252;193;land;false;contaminated;2
10025;68;127;226;land;false;forest;6
10026;230;90;207;land;false;plains;7
10027;230;80;171;land;false;plains;7
10028;148;82;247;land;false;hills;7
10029;250;138;189;land;true;plains;7
10030;204;158;61;land;false;plains;7
10031;216;64;211;land;false;plains;7
10032;255;249;237;land;false;plains;6
10033;53;158;213;land;false;plains;7
10034;134;251;195;land;false;mountain;5
10035;115;232;190;land;false;plains;7
10036;242;113;209;land;false;plains;7
10037;224;255;213;land;false;plains;7
10038;254;212;201;land;false;plains;7
10039;164;175;248;land;true;forest;7
10040;77;142;224;land;false;forest;7
10041;189;79;229;land;true;plains;7
10042;108;202;242;land;true;plains;7
10043;234;255;229;land;false;plains;7
10044;247;217;64;land;false;desert;3
10045;175;252;243;land;false;plains;7
10046;111;252;183;land;false;plains;7
10047;227;133;111;land;false;plains;7
10048;224;151;74;land;false;plains;7
10049;255;238;254;land;false;plains;7
10050;46;159;228;land;false;plains;7
10051;165;152;252;land;true;plains;7
10052;45;177;236;land;true;plains;7
10053;218;247;254;land;false;plains;7
10054;231;254;215;land;true;forest;7
10055;181;116;250;land;false;desert;3
10056;117;118;233;land;false;forest;7
10057;203;65;244;land;false;plains;7
10058;251;253;194;land;false;plains;7
10059;236;156;66;land;false;plains;7
10060;198;164;253;land;false;plains;7
10061;242;153;128;land;false;plains;7
10062;238;255;236;land;true;marsh;7
10063;239;127;223;land;false;mountain;3
10064;224;231;254;land;false;contaminated;2
10065;229;250;154;land;false;plains;7
10066;251;191;249;land;false;contaminated;2
10067;186;235;250;land;false;plains;7
10068;250;177;225;land;false;hills;1
10069;192;242;113;land;false;plains;7
10070;64;230;61;land;true;forest;7
10071;236;157;251;land;true;plains;7
10072;194;208;251;land;false;plains;7
10073;245;255;246;land;true;plains;7
10074;168;237;248;land;false;plains;7
10075;243;151;188;land;false;plains;7
10076;253;176;135;land;false;forest;7
10077;223;121;103;land;true;desert;3
10078;74;207;108;land;false;mountain;7
10079;238;147;43;land;false;marsh;7
10080;251;242;255;land;false;plains;7
10081;71;251;238;land;false;plains;7
10082;66;239;114;land;false;plains;7
10083;145;91;236;land;true;plains;7
10084;236;253;255;land;false;plains;7
10085;244;21;76;land;false;plains;7
10086;228;255;251;land;false;plains;7
10087;120;229;106;land;true;plains;7
10088;249;161;235;land;true;plains;7
10089;242;141;228;land;false;plains;7
10090;251;130;102;land;false;plains;7
10091;212;253;206;land;false;plains;7
10092;239;255;249;land;false;hills;7
10093;150;245;239;land;false;plains;7
10094;42;250;203;land;false;plains;7
10095;255;252;247;land;false;plains;7
10096;216;163;255;land;false;plains;7
10097;96;164;224;land;true;plains;7
10098;207;238;255;land;false;contaminated;2
10099;251;205;187;land;false;plains;7
10100;231;173;250;land;false;plains;7
10101;224;209;253;land;true;plains;7
10102;96;251;145;land;false;forest;7
10103;242;255;253;land;false;plains;7
10104;57;168;230;land;false;plains;7
10105;32;181;228;land;false;plains;7
10106;182;251;165;land;false;plains;7
10107;196;196;253;land;false;desert;3
10108;34;61;244;land;false;hills;7
10109;249;214;67;land;false;forest;7
10110;255;196;222;land;false;plains;7
10111;243;128;191;land;false;plains;7
10112;236;114;253;land;false;plains;7
10113;232;101;170;land;false;desert;1
10114;120;160;235;land;false;forest;7
10115;245;141;156;land;false;plains;7
10116;40;245;203;land;false;forest;7
10117;170;93;218;land;true;forest;7
10118;254;179;192;land;true;plains;7
10119;22;94;244;land;false;forest;7
10120;243;248;255;land;true;plains;7
10121;109;149;242;land;false;plains;7
10122;255;246;245;land;false;plains;7
10123;239;199;142;land;true;plains;7
10124;217;246;113;land;false;plains;7
10125;254;182;111;land;false;plains;7
10126;249;158;238;land;false;plains;7
10127;150;186;245;land;false;mountain;7
10128;201;236;254;land;false;plains;7
10129;141;115;233;land;true;plains;7
10130;233;75;56;land;false;plains;6
10131;127;232;71;land;false;mountain;2
10132;237;112;135;land;false;plains;7
10133;245;132;207;land;false;plains;7
10134;156;158;250;land;false;plains;7
10135;252;238;66;land;false;plains;7
10136;115;237;227;land;false;hills;7
10137;69;99;254;land;false;plains;7
10138;43;254;237;land;true;plains;7
10139;109;246;184;land;false;plains;7
10140;162;122;251;land;false;plains;7
10141;210;101;221;land;false;plains;7
10142;249;133;154;land;false;plains;7
10143;151;247;204;land;false;plains;7
10144;204;234;67;land;true;desert;3
10145;127;246;182;land;false;plains;7
10146;250;243;181;land;false;urban;5
10147;220;254;232;land;false;plains;5
10148;249;161;150;land;false;desert;3
10149;94;220;55;land;false;plains;7
10150;97;232;105;land;false;plains;7
10151;234;211;254;land;true;plains;7
10152;250;107;84;land;false;plains;7
10153;135;253;202;land;false;desert;3
10154;250;224;176;land;false;forest;7
10155;207;255;254;land;false;hills;7
10156;249;206;143;land;true;plains;7
10157;252;178;158;land;false;forest;5
10158;241;255;241;land;false;plains;6
10159;64;152;224;land;true;plains;7
10160;194;168;254;land;false;plains;7
10161;196;199;253;land;false;forest;5
10162;170;108;253;land;false;desert;3
10163;218;125;240;land;false;contaminated;2
10164;84;59;226;land;false;desert;3
10165;245;49;66;land;false;plains;7
10166;241;147;193;land;false;plains;7
10167;124;251;177;land;false;desert;1
10168;193;254;198;land;false;plains;7
10169;204;67;164;land;false;plains;7
10170;163;68;235;land;false;plains;7
10171;117;105;253;land;false;plains;5
10172;250;233;109;land;false;plains;7
10173;180;251;200;land;false;plains;7
10174;232;253;213;land;false;plains;7
10175;142;208;75;land;true;plains;7
10176;205;233;119;land;false;plains;7
10177;235;230;255;land;false;contaminated;2
10178;243;244;122;land;false;plains;7
10179;220;230;119;land;false;plains;6
10180;73;217;211;land;false;mountain;7
10181;248;133;223;land;false;plains;7
10182;86;109;227;land;false;plains;7
10183;243;255;233;land;true;plains;7
10184;229;230;254;land;true;marsh;1
10185;254;239;220;land;false;plains;7
10186;237;52;237;land;false;plains;7
10187;250;135;149;land;true;desert;6
10188;222;129;243;land;false;plains;7
10189;169;221;254;land;true;plains;7
10190;255;236;222;land;true;plains;7
10191;176;253;202;land;false;forest;7
10192;253;138;231;land;false;plains;7
10193;251;215;168;land;false;forest;7
10194;208;253;231;land;false;plains;7
10195;27;170;236;land;false;mountain;5
10196;226;175;249;land;false;plains;7
10197;199;60;206;land;false;plains;7
10198;70;237;36;land;false;forest;7
10199;173;248;208;land;false;plains;7
10200;245;37;96;land;false;marsh;5
10201;115;211;76;land;false;plains;6
10202;120;246;199;land;false;contaminated;2
10203;98;234;97;land;false;plains;7
10204;226;106;160;land;false;plains;7
10205;39;18;253;land;false;plains;7
10206;123;235;218;land;false;desert;3
10207;253;130;216;land;false;forest;7
10208;214;215;254;land;false;plains;7
10209;248;219;254;land;false;contaminated;2
10210;204;205;254;land;false;plains;7
10211;225;66;46;land;false;plains;7
10212;239;117;188;land;true;marsh;4
10213;242;253;197;land;false;contaminated;2
10214;193;169;247;land;false;forest;7
10215;254;217;241;land;false;mountain;5
10216;91;227;44;land;false;plains;7
10217;255;239;230;land;false;marsh;1
10218;236;255;196;land;false;plains;7
10219;245;112;187;land;true;plains;7
10220;248;170;219;land;false;plains;7
10221;180;254;226;land;true;desert;3
10222;125;107;227;land;false;plains;7
10223;40;55;248;land;true;plains;7
10224;220;166;54;land;false;hills;1
10225;255;223;254;land;false;forest;7
10226;218;216;254;land;false;forest;7
10227;236;217;51;land;false;forest;7
10228;211;119;234;land;false;plains;7
10229;172;95;238;land;false;plains;7
10230;164;187;250;land;false;plains;7
10231;236;232;132;land;false;plains;7
10232;141;195;247;land;false;plains;7
10233;158;247;159;land;true;plains;7
10234;231;197;69;land;false;hills;5
10235;245;255;249;land;false;plains;7
10236;233;227;255;land;false;plains;7
10237;229;174;28;land;false;plains;7
10238;132;43;249;land;false;desert;1
10239;224;253;254;land;false;plains;7
10240;255;245;255;land;false;plains;7
10241;237;254;201;land;false;hills;3
10242;238;188;138;land;true;plains;7
10243;130;240;159;land;false;plains;7
10244;249;237;255;land;false;plains;7
10245;212;70;128;land;true;plains;7
10246;111;248;72;land;false;plains;7
10247;53;235;158;land;false;plains;7
10248;83;234;252;land;false;plains;7
10249;141;160;251;land;false;plains;7
10250;229;145;247;land;false;plains;5
10251;254;236;227;land;false;mountain;5
10252;234;122;85;land;false;plains;7
10253;153;67;224;land;false;hills;7
10254;245;172;129;land;true;forest;1
10255;229;254;255;land;false;desert;3
10256;110;232;204;land;true;plains;7
10257;201;253;184;land;false;plains;7
10258;228;41;109;land;false;desert;1
10259;149;242;199;land;false;plains;7
10260;232;209;253;land;false;forest;7
10261;220;124;77;land;false;plains;5
10262;249;215;133;land;false;forest;7
10263;21;236;194;land;false;plains;7
10264;178;235;250;land;false;mountain;3
10265;140;245;209;land;false;plains;7
10266;209;209;253;land;false;plains;7
10267;131;226;250;land;false;plains;7
10268;252;135;239;land;false;plains;7
10269;149;255;250;land;false;plains;7
10270;230;106;227;land;true;plains;7
10271;217;95;171;land;true;plains;7
10272;242;114;219;land;false;plains;7
10273;215;251;176;land;false;hills;3
10274;242;255;236;land;false;plains;7
10275;235;215;255;land;false;plains;7
10276;246;45;85;land;true;plains;7
10277;92;207;77;land;false;plains;7
10278;247;45;43;land;false;plains;7
10279;183;167;250;land;false;plains;7
10280;251;63;125;land;false;plains;7
10281;104;144;222;land;false;plains;7
10282;240;107;200;land;false;hills;7
10283;235;255;231;land;false;plains;7
10284;234;104;47;land;false;contaminated;2
10285;237;252;176;land;false;plains;7
10286;192;254;203;land;false;plains;7
10287;128;229;241;land;false;plains;7
10288;17;200;243;land;false;plains;7
10289;231;77;56;land;false;plains;7
10290;251;154;252;land;true;plains;7
10291;196;243;148;land;false;hills;7
10292;176;253;113;land;false;hills;7
10293;250;186;174;land;false;hills;3
10294;196;255;205;land;false;plains;6
10295;156;233;249;land;false;plains;7
10296;235;206;86;land;false;forest;7
10297;137;102;228;land;false;plains;7
10298;23;140;251;land;true;plains;7
10299;255;243;253;land;false;plains;7
10300;182;243;254;land;true;plains;7
10301;72;245;218;land;false;plains;7
10302;140;131;244;land;false;hills;6
10303;159;233;70;land;false;forest;3
10304;190;133;241;land;false;plains;7
10305;251;179;180;land;true;plains;7
10306;233;226;73;land;false;hills;7
10307;241;238;255;land;true;plains;7
10308;112;220;227;land;false;plains;7
10309;193;24;231;land;false;contaminated;2
10310;137;94;232;land;false;plains;7
10311;181;221;50;land;true;plains;7
10312;230;254;239;land;false;plains;7
10313;247;120;129;land;false;plains;6
10314;204;245;26;land;false;forest;7
10315;254;252;213;land;false;mountain;2
10316;235;85;72;land;false;plains;7
10317;164;244;124;land;false;plains;7
10318;255;255;232;land;false;plains;7
10319;139;237;105;land;false;mountain;7
10320;163;242;247;land;true;plains;7
10321;251;35;188;land;false;contaminated;2
10322;254;223;224;land;false;plains;7
10323;186;252;162;land;false;hills;5
10324;245;82;115;land;false;plains;5
10325;34;182;233;land;false;plains;7
10326;138;72;254;land;false;forest;7
10327;244;218;254;land;false;plains;7
10328;13;173;252;land;true;plains;7
10329;124;234;191;land;false;plains;7
10330;215;240;136;land;false;plains;7
10331;228;254;250;land;false;plains;7
10332;80;189;249;land;false;plains;7
10333;255;249;246;land;false;plains;7
10334;244;156;169;land;false;plains;6
10335;227;255;119;land;true;plains;6
10336;111;230;137;land;false;desert;3
10337;217;162;92;land;false;plains;7
10338;83;85;246;land;false;plains;7
10339;194;249;83;land;false;plains;7
10340;149;141;239;land;false;plains;7
10341;207;84;60;land;true;plains;7
10342;134;254;217;land;false;mountain;3
10343;218;91;193;land;false;hills;3
10344;253;193;197;land;false;plains;7
10345;231;248;175;land;false;forest;5
10346;35;68;250;land;false;plains;7
10347;135;241;128;land;false;forest;5
10348;149;255;80;land;false;forest;7
10349;98;237;132;land;true;plains;7
10350;252;202;252;land;false;mountain;3
10351;239;142;148;land;false;plains;7
10352;240;167;249;land;false;plains;7
10353;238;174;96;land;false;plains;7
10354;200;246;157;land;false;plains;7
10355;253;239;171;land;false;plains;7
10356;160;249;99;land;false;plains;7
10357;225;255;247;land;false;plains;6
10358;251;155;104;land;false;mountain;7
10359;192;74;250;land;false;plains;7
10360;144;169;242;land;false;forest;1
10361;91;249;205;land;false;plains;7
10362;238;123;196;land;false;plains;7
10363;216;77;151;land;false;hills;3
10364;114;66;227;land;false;plains;7
10365;172;241;76;land;true;plains;7
10366;231;255;233;land;false;marsh;7
10367;220;41;41;land;false;plains;7
10368;50;225;154;land;false;plains;7
10369;182;69;240;land;false;forest;7
10370;244;255;237;land;false;plains;7
10371;197;170;250;land;false;hills;7
10372;251;200;137;land;true;desert;5
10373;246;117;207;land;false;plains;7
10374;73;241;145;land;false;forest;7
10375;175;104;238;land;false;hills;3
10376;80;217;200;land;false;forest;7
10377;122;86;245;land;false;plains;7
10378;168;245;142;land;false;plains;7
10379;145;90;232;land;false;plains;7
10380;47;249;84;land;false;desert;3
10381;106;129;246;land;false;plains;6
10382;255;246;227;land;true;plains;7
10383;129;251;199;land;true;plains;7
10384;161;247;201;land;false;forest;7
10385;146;197;242;land;false;plains;7
10386;174;243;251;land;false;plains;7
10387;135;106;247;land;false;desert;1
10388;46;80;244;land;false;plains;5
10389;205;85;225;land;false;plains;7
10390;110;182;241;land;false;hills;7
10391;249;251;23;land;false;plains;5
10392;204;253;228;land;false;plains;7
10393;144;192;249;land;true;forest;7
10394;185;249;179;land;false;plains;7
10395;207;239;95;land;true;plains;7
10396;104;253;113;land;false;plains;7
10397;231;247;165;land;false;forest;7
10398;124;246;234;land;false;plains;7
10399;46;147;245;land;false;plains;7
10400;124;237;49;land;false;plains;5
10401;58;224;42;land;false;plains;7
10402;255;234;223;land;false;forest;7
10403;231;163;254;land;false;plains;6
10404;182;250;72;land;false;hills;4
10405;251;177;172;land;false;plains;7
10406;40;225;161;land;false;plains;7
10407;94;232;217;land;false;forest;7
10408;247;255;248;land;true;hills;3
10409;240;254;216;land;true;forest;7
10410;253;185;216;land;false;plains;7
10411;225;248;144;land;false;plains;7
10412;212;252;158;land;false;plains;7
10413;24;104;238;land;false;plains;7
10414;249;180;198;land;false;plains;7
10415;149;48;220;land;false;contaminated;2
10416;213;253;249;land;false;plains;7
10417;179;199;254;land;false;contaminated;2
10418;129;223;251;land;false;plains;7
10419;174;250;186;land;false;marsh;7
10420;191;53;215;land;false;plains;7
10421;87;147;250;land;false;contaminated;2
10422;254;239;214;land;false;desert;1
10423;169;254;205;land;true;forest;7
10424;255;246;232;land;true;plains;7
10425;60;112;211;land;false;hills;7
10426;100;243;222;land;true;plains;7
10427;239;200;129;land;false;plains;7
10428;228;249;255;land;false;plains;7
10429;230;132;240;land;false;plains;7
10430;124;253;155;land;false;plains;7
10431;131;60;252;land;false;plains;7
10432;206;254;232;land;false;plains;7
10433;209;253;216;land;false;plains;7
10434;213;253;211;land;false;plains;7
10435;247;140;58;land;false;plains;7
10436;142;236;108;land;false;hills;1
10437;210;87;65;land;false;plains;7
10438;182;249;253;land;false;hills;1
10439;76;230;179;land;true;plains;7
10440;136;69;201;land;true;marsh;7
10441;167;122;235;land;true;plains;7
10442;224;255;216;land;false;hills;7
10443;134;194;254;land;false;forest;7
10444;254;199;189;land;false;plains;7
10445;150;253;223;land;false;hills;3
10446;223;124;86;land;false;contaminated;2
10447;244;238;26;land;true;plains;7
10448;227;57;115;land;true;plains;7
10449;254;192;162;land;false;plains;7
10450;134;244;139;land;false;contaminated;2
10451;245;139;176;land;true;plains;7
10452;254;196;85;land;false;plains;7
10453;252;178;172;land;false;forest;7
10454;185;246;164;land;false;desert;1
10455;237;67;217;land;false;hills;1
10456;241;242;43;land;false;hills;1
10457;244;245;255;land;false;plains;7
10458;158;248;162;land;false;plains;7
10459;234;236;121;land;false;plains;7
10460;229;254;245;land;false;plains;7
10461;151;144;254;land;false;plains;7
10462;124;241;46;land;false;plains;7
10463;229;124;105;land;false;plains;7
10464;224;108;138;land;true;forest;7
10465;224;186;96;land;true;plains;7
10466;83;208;229;land;false;plains;7
10467;215;44;230;land;true;plains;7
10468;240;252;255;land;false;plains;7
10469;255;213;226;land;true;plains;7
10470;254;247;213;land;false;plains;7
10471;248;163;246;land;false;plains;7
10472;204;113;254;land;false;plains;7
10473;244;158;235;land;false;plains;7
10474;219;232;33;land;false;hills;7
10475;252;238;166;land;false;hills;7
10476;119;86;240;land;false;plains;7
10477;230;168;96;land;false;plains;7
10478;159;235;244;land;false;plains;7
10479;250;158;104;land;true;hills;5
10480;253;213;236;land;true;plains;7
10481;254;184;250;land;false;contaminated;2
10482;225;255;230;land;false;plains;7
10483;226;94;246;land;false;plains;2
10484;255;232;214;land;false;plains;7
10485;113;243;168;land;false;plains;7
10486;187;251;224;land;true;marsh;7
10487;152;251;90;land;false;plains;7
10488;251;155;213;land;false;plains;7
10489;164;252;234;land;true;desert;3
10490;202;241;253;land;false;hills;3
10491;220;176;254;land;false;plains;7
10492;124;77;218;land;true;plains;7
10493;254;217;223;land;true;forest;7
10494;82;176;210;land;false;plains;7
10495;37;78;254;land;false;plains;7
10496;104;102;229;land;false;plains;7
10497;209;218;253;land;false;plains;7
10498;245;116;202;land;false;plains;7
10499;153;222;244;land;true;plains;7
10500;174;191;253;land;false;plains;7
10501;255;255;233;land;true;plains;7
10502;206;253;232;land;false;forest;7
10503;117;236;175;land;true;forest;7
10504;82;240;131;land;false;hills;7
10505;109;246;156;land;false;plains;7
10506;183;197;254;land;true;plains;7
10507;221;209;253;land;false;plains;7
10508;174;157;245;land;false;desert;3
10509;184;100;227;land;true;plains;7
10510;243;254;114;land;false;plains;7
10511;255;227;247;land;false;forest;5
10512;233;117;184;land;true;plains;7
10513;241;62;109;land;false;desert;3
10514;168;253;187;land;false;contaminated;2
10515;252;199;16;land;false;contaminated;2
10516;215;160;244;land;true;plains;7
10517;180;82;236;land;false;hills;7
10518;220;161;81;land;false;hills;7
10519;143;85;221;land;false;plains;7
10520;28;236;139;land;false;forest;7
10521;237;255;232;land;false;contaminated;2
10522;128;225;106;land;false;plains;7
10523;246;252;198;land;false;plains;7
10524;182;254;48;land;false;plains;7
10525;215;217;254;land;false;forest;7
10526;211;164;59;land;false;desert;3
10527;143;243;173;land;false;plains;7
10528;249;194;168;land;false;hills;7
10529;254;170;111;land;false;plains;7
10530;169;248;200;land;false;contaminated;2
10531;131;237;52;land;false;plains;7
10532;244;254;255;land;false;plains;7
10533;233;122;78;land;false;contaminated;2
10534;208;254;204;land;false;plains;7
10535;229;254;217;land;false;desert;3
10536;230;137;88;land;true;plains;7
10537;94;232;227;land;false;plains;7
10538;250;41;66;land;false;plains;7
10539;224;82;77;land;false;plains;6
10540;156;214;251;land;false;contaminated;2
10541;255;247;243;land;false;hills;7
10542;235;198;62;land;true;plains;7
10543;254;218;212;land;false;plains;7
10544;241;181;98;land;true;marsh;7
10545;249;212;173;land;false;plains;7
10546;255;255;248;land;false;plains;7
10547;249;227;254;land;false;plains;7
10548;220;175;254;land;false;plains;6
10549;142;104;242;land;false;plains;7
10550;237;56;166;land;false;plains;7
10551;90;222;91;land;false;hills;3
10552;176;251;246;land;true;plains;7
10553;192;167;251;land;true;plains;7
10554;167;249;236;land;false;plains;7
10555;244;113;173;land;false;hills;5
10556;154;218;247;land;false;hills;7
10557;111;152;246;land;false;plains;7
10558;177;250;181;land;false;forest;7
10559;42;230;179;land;false;plains;7
10560;255;246;241;land;false;plains;7
10561;249;58;43;land;false;hills;3
10562;207;52;239;land;false;plains;7
10563;237;123;197;land;false;contaminated;2
10564;252;42;46;land;false;marsh;7
10565;175;131;254;land;false;plains;7
10566;214;44;147;land;false;plains;7
10567;50;151;212;land;false;plains;7
10568;245;99;134;land;true;plains;7
10569;115;241;193;land;false;forest;7
10570;206;202;255;land;false;plains;7
10571;239;104;118;land;false;contaminated;2
10572;165;250;217;land;false;contaminated;2
10573;255;244;222;land;false;plains;7
10574;32;252;103;land;true;plains;7
10575;240;131;156;land;false;forest;7
10576;94;224;210;land;false;forest;7
10577;219;254;221;land;false;plains;7
10578;217;51;204;land;false;forest;7
10579;102;243;18;land;false;contaminated;2
10580;221;227;254;land;false;desert;3
10581;211;254;166;land;true;plains;7
10582;242;144;96;land;true;plains;7
10583;224;142;255;land;false;plains;7
10584;235;77;78;land;false;contaminated;2
10585;135;114;231;land;true;plains;7
10586;243;88;243;land;false;plains;7
10587;95;242;105;land;false;forest;7
10588;254;212;247;land;false;plains;7
10589;12;64;253;land;false;plains;7
10590;230;255;234;land;false;mountain;2
10591;250;241;185;land;true;forest;7
10592;155;227;246;land;false;forest;7
10593;189;244;158;land;false;plains;7
10594;76;250;99;land;true;forest;7
10595;241;239;119;land;false;plains;7
10596;255;230;239;land;false;plains;7
10597;201;107;235;land;false;plains;7
10598;231;239;133;land;false;hills;1
10599;252;227;196;land;false;forest;7
10600;255;224;235;land;false;forest;7
10601;245;23;194;land;false;hills;7
10602;255;253;254;land;true;plains;7
10603;249;250;152;land;false;plains;7
10604;254;253;223;land;false;contaminated;2
10605;233;114;158;land;false;plains;5
10606;226;250;109;land;false;plains;5
10607;116;230;244;land;false;plains;7
10608;159;239;142;land;true;hills;6
10609;253;208;205;land;false;mountain;5
10610;98;247;190;land;false;plains;7
10611;251;254;222;land;true;plains;7
10612;157;104;254;land;false;plains;7
10613;41;119;254;land;true;marsh;7
10614;82;194;245;land;false;plains;7
10615;249;159;215;land;true;desert;1
10616;249;174;247;land;false;contaminated;2
10617;87;184;255;land;false;contaminated;2
10618;255;221;249;land;false;plains;7
10619;80;169;242;land;false;plains;7
10620;93;250;233;land;false;forest;7
10621;154;252;202;land;false;plains;7
10622;247;163;90;land;false;plains;7
10623;246;253;206;land;false;plains;7
10624;222;248;254;land;false;mountain;5
10625;90;227;241;land;false;mountain;2
10626;76;231;83;land;false;desert;3
10627;246;246;255;land;false;desert;3
10628;254;242;204;land;true;forest;7
10629;239;201;253;land;false;desert;3
10630;109;154;240;land;false;plains;7
10631;129;210;248;land;false;plains;7
10632;215;253;220;land;false;plains;7
10633;208;255;255;land;false;plains;7
10634;142;159;245;land;false;plains;7
10635;242;103;73;land;true;plains;7
10636;158;246;189;land;false;desert;3
10637;219;255;248;land;false;forest;5
10638;203;252;228;land;false;plains;7
10639;254;203;191;land;false;plains;7
10640;54;212;70;land;false;hills;7
10641;230;249;97;land;false;plains;7
10642;247;236;163;land;false;plains;7
10643;253;217;213;land;false;plains;7
10644;214;172;255;land;false;mountain;7
10645;197;241;121;land;false;plains;7
10646;239;255;250;land;false;desert;3
10647;233;255;233;land;false;plains;7
10648;253;208;153;land;false;hills;1
10649;34;246;121;land;false;contaminated;2
10650;175;244;120;land;false;plains;7
10651;77;199;222;land;false;contaminated;2
10652;177;234;110;land;false;desert;3
10653;255;139;156;land;false;plains;7
10654;170;255;211;land;true;forest;7
10655;201;100;241;land;false;plains;7
10656;212;244;255;land;false;plains;7
10657;81;234;180;land;false;plains;7
10658;89;237;124;land;false;plains;7
10659;244;255;221;land;false;plains;7
10660;248;196;169;land;true;marsh;7
10661;217;128;235;land;true;plains;7
10662;215;248;133;land;false;hills;3
10663;221;254;136;land;false;plains;7
10664;225;240;255;land;false;plains;7
10665;231;34;195;land;false;plains;7
10666;239;239;255;land;false;contaminated;2
10667;253;171;171;land;false;forest;7
10668;254;128;167;land;false;forest;6
10669;135;129;254;land;false;hills;7
10670;48;233;114;land;false;plains;7
10671;255;196;228;land;false;plains;7
10672;150;131;247;land;false;plains;7
10673;156;225;248;land;false;desert;3
10674;154;206;244;land;false;plains;7
10675;244;146;167;land;true;plains;6
10676;220;95;188;land;false;plains;7
10677;226;235;24;land;false;plains;7
10678;155;238;249;land;false;plains;7
10679;252;180;211;land;false;hills;7
10680;251;232;183;land;false;plains;7
10681;211;246;253;land;false;forest;7
10682;51;34;251;land;true;plains;7
10683;240;115;195;land;true;forest;7
10684;234;123;93;land;false;plains;7
10685;239;91;231;land;false;plains;7
10686;238;71;110;land;false;desert;3
10687;174;248;161;land;false;plains;7
10688;145;221;98;land;false;plains;7
10689;183;204;249;land;false;plains;7
10690;144;98;229;land;false;plains;7
10691;171;239;140;land;false;forest;1
10692;217;216;254;land;false;plains;7
10693;49;236;34;land;false;contaminated;2
10694;158;245;208;land;true;marsh;7
10695;152;75;234;land;true;plains;7
10696;227;198;254;land;false;hills;5
10697;236;204;124;land;false;plains;7
10698;233;239;130;land;true;plains;7
10699;183;250;94;land;false;hills;5
10700;60;184;235;land;false;hills;7
10701;225;237;117;land;false;plains;7
10702;166;251;113;land;false;desert;6
10703;248;166;190;land;true;desert;3
10704;98;59;202;land;true;plains;7
10705;161;25;243;land;false;plains;7
10706;59;58;202;land;false;desert;3
10707;254;151;76;land;true;plains;7
10708;255;229;248;land;false;forest;7
10709;152;110;248;land;false;forest;7
10710;94;218;198;land;false;plains;7
10711;221;255;226;land;false;forest;7
10712;103;250;231;land;false;desert;3
10713;200;209;253;land;false;desert;3
10714;228;227;85;land;false;plains;7
10715;27;196;247;land;false;forest;7
10716;255;168;159;land;false;plains;6
10717;140;246;241;land;false;desert;3
10718;89;250;86;land;false;plains;7
10719;248;217;98;land;false;contaminated;2
10720;120;236;245;land;false;plains;7
10721;236;231;255;land;false;plains;7
10722;235;235;123;land;false;desert;1
10723;122;157;245;land;false;plains;7
10724;251;241;175;land;false;plains;7
10725;143;240;209;land;false;desert;3
10726;228;49;145;land;false;contaminated;2
10727;56;64;243;land;false;desert;3
10728;124;57;243;land;false;hills;7
10729;161;83;229;land;false;plains;7
10730;142;89;222;land;true;plains;6
10731;219;254;235;land;false;plains;7
10732;185;243;131;land;false;forest;7
10733;240;229;255;land;false;plains;7
10734;132;248;152;land;false;plains;5
10735;108;49;215;land;true;marsh;7
10736;255;233;245;land;false;plains;7
10737;186;241;26;land;false;plains;7
10738;220;249;122;land;true;plains;7
10739;254;158;171;land;false;forest;5
10740;147;215;243;land;false;plains;7
10741;44;76;249;land;false;plains;7
10742;229;178;253;land;true;plains;7
10743;190;252;228;land;false;hills;7
10744;152;242;179;land;true;plains;7
10745;230;107;118;land;false;forest;7
10746;244;251;255;land;false;mountain;5
10747;223;253;159;land;false;marsh;5
10748;99;41;223;land;false;plains;7
10749;226;93;74;land;false;plains;7
10750;243;254;188;land;false;plains;7
10751;163;193;246;land;false;desert;1
10752;198;252;253;land;true;forest;6
10753;155;248;235;land;false;plains;7
10754;95;168;218;land;false;contaminated;2
10755;166;199;251;land;false;mountain;3
10756;255;255;235;land;true;plains;7
10757;214;207;254;land;false;plains;7
10758;43;214;55;land;false;plains;7
10759;240;253;195;land;false;desert;1
10760;149;241;232;land;true;plains;7
10761;85;211;84;land;true;plains;7
10762;109;210;244;land;false;hills;3
10763;254;129;214;land;false;hills;7
10764;58;148;226;land;false;plains;7
10765;208;254;255;land;false;plains;7
10766;131;163;241;land;true;plains;7
10767;234;49;203;land;false;plains;7
10768;25;231;49;land;false;desert;3
10769;146;255;223;land;true;plains;6
10770;250;136;241;land;false;plains;7
10771;243;170;55;land;false;plains;7
10772;125;247;176;land;false;plains;7
10773;72;167;212;land;true;forest;7
10774;251;233;254;land;true;plains;7
10775;72;18;241;land;true;plains;7
10776;248;17;110;land;true;plains;7
10777;205;246;157;land;false;plains;7
10778;244;178;140;land;false;plains;7
10779;255;253;251;land;false;contaminated;2
10780;254;188;223;land;false;plains;7
10781;97;252;63;land;false;plains;7
10782;254;213;196;land;false;hills;7
10783;254;190;218;land;false;forest;7
10784;224;199;95;land;false;plains;7
10785;211;75;79;land;false;mountain;2
10786;175;79;235;land;false;desert;1
10787;137;254;247;land;false;contaminated;2
10788;249;172;169;land;false;contaminated;2
10789;129;200;237;land;true;plains;7
10790;87;240;175;land;false;plains;7
10791;254;251;255;land;true;desert;5
10792;243;51;125;land;false;plains;7
10793;211;227;254;land;false;plains;7
10794;199;75;68;land;false;contaminated;2
10795;240;231;255;land;false;hills;7
10796;253;227;161;land;false;hills;3
10797;145;77;247;land;true;marsh;7
10798;162;169;248;land;true;hills;7
10799;213;244;254;land;false;plains;7
10800;146;233;71;land;false;plains;7
10801;166;216;82;land;true;plains;7
10802;253;231;209;land;false;plains;7
10803;253;232;191;land;true;plains;7
10804;232;225;254;land;false;plains;7
10805;162;214;79;land;false;urban;5
10806;243;206;144;land;false;desert;1
10807;82;210;162;land;false;forest;7
10808;189;253;117;land;true;marsh;7
10809;224;122;245;land;false;hills;1
10810;86;160;254;land;false;forest;6
10811;57;152;233;land;false;contaminated;2
10812;235;254;203;land;false;plains;7
10813;121;161;252;land;false;plains;5
10814;157;229;251;land;false;plains;7
10815;150;254;85;land;false;plains;7
10816;253;193;212;land;false;plains;7
10817;197;130;62;land;false;plains;7
10818;249;255;250;land;false;forest;7
10819;53;244;172;land;false;plains;7
10820;200;251;79;land;false;plains;7
10821;222;254;232;land;true;plains;7
10822;104;215;240;land;false;plains;7
10823;254;135;156;land;false;mountain;7
10824;102;212;61;land;false;contaminated;2
10825;245;242;156;land;false;plains;7
10826;152;253;160;land;false;desert;1
10827;253;183;195;land;false;plains;7
10828;241;91;179;land;true;plains;7
10829;217;253;254;land;true;plains;7
10830;146;38;247;land;true;forest;7
10831;175;250;165;land;false;plains;7
10832;131;26;235;land;false;plains;7
10833;190;228;255;land;true;plains;7
10834;183;53;254;land;false;urban;5
10835;245;105;191;land;false;forest;6
10836;252;43;183;land;true;plains;7
10837;240;49;241;land;false;plains;7
10838;245;137;118;land;false;mountain;3
10839;129;223;243;land;false;hills;7
10840;157;128;241;land;true;plains;5
10841;190;76;236;land;false;plains;7
10842;197;183;251;land;true;forest;3
10843;222;254;248;land;true;forest;7
10844;173;241;121;land;false;desert;3
10845;240;192;119;land;false;hills;3
10846;243;250;129;land;false;hills;3
10847;252;190;248;land;false;mountain;1
10848;236;252;148;land;false;plains;7
10849;255;156;224;land;false;plains;7
10850;233;234;255;land;false;contaminated;2
10851;251;179;244;land;true;plains;7
10852;252;162;196;land;false;contaminated;2
10853;122;198;237;land;true;desert;3
10854;184;32;248;land;false;plains;7
10855;47;140;223;land;false;forest;7
10856;220;224;104;land;false;plains;7
10857;222;87;44;land;false;contaminated;2
10858;194;254;254;land;false;plains;7
10859;116;251;184;land;false;plains;6
10860;159;217;248;land;false;plains;7
10861;222;255;241;land;false;desert;3
10862;177;251;249;land;false;plains;7
10863;240;139;171;land;false;plains;7
10864;218;194;89;land;false;forest;5
10865;107;247;124;land;false;desert;3
10866;180;255;220;land;false;mountain;1
10867;226;72;130;land;false;hills;3
10868;246;254;150;land;false;hills;7
10869;48;250;81;land;false;desert;3
10870;250;75;209;land;false;forest;7
10871;162;231;119;land;true;plains;7
10872;72;119;234;land;true;plains;7
10873;252;210;125;land;false;plains;7
10874;112;252;70;land;false;contaminated;2
10875;68;236;132;land;false;plains;7
10876;225;119;238;land;true;plains;7
10877;235;212;254;land;true;forest;7
10878;169;230;116;land;false;plains;7
10879;251;255;245;land;false;forest;6
10880;255;248;230;land;false;plains;7
10881;128;61;228;land;false;plains;7
10882;243;130;122;land;false;plains;6
10883;35;237;21;land;false;plains;7
10884;39;59;232;land;true;plains;7
10885;224;103;52;land;false;plains;6
10886;243;253;194;land;false;plains;7
10887;235;201;123;land;false;plains;7
10888;86;212;65;land;false;contaminated;2
10889;232;224;83;land;false;plains;7
10890;139;246;161;land;false;plains;7
10891;249;154;94;land;false;plains;6
10892;227;142;61;land;false;desert;3
10893;252;243;255;land;false;plains;7
10894;159;224;106;land;false;desert;3
10895;102;248;179;land;false;plains;7
10896;254;72;194;land;false;hills;5
10897;255;250;254;land;false;plains;7
10898;210;255;182;land;true;forest;7
10899;213;221;253;land;false;plains;7
10900;136;145;250;land;false;plains;7
10901;247;106;245;land;true;plains;7
10902;210;212;255;land;false;forest;7
10903;88;232;33;land;false;plains;7
10904;109;209;254;land;false;plains;7
10905;104;96;243;land;false;plains;7
10906;255;239;251;land;false;plains;7
10907;215;255;245;land;false;plains;7
10908;165;221;250;land;true;forest;7
10909;112;251;80;land;false;desert;5
10910;251;171;179;land;true;forest;7
10911;214;140;63;land;false;hills;5
10912;252;254;217;land;true;plains;7
10913;186;254;240;land;false;plains;7
10914;179;177;254;land;true;plains;7
10915;171;252;248;land;true;marsh;7
10916;116;248;178;land;false;hills;7
10917;243;142;215;land;false;hills;1
10918;249;250;159;land;false;desert;3
10919;225;143;59;land;false;forest;7
10920;210;254;231;land;false;desert;3
10921;141;203;254;land;false;hills;7
10922;175;121;232;land;true;plains;7
10923;251;231;177;land;true;plains;7
10924;151;185;246;land;true;forest;7
10925;173;165;248;land;false;hills;7
10926;255;247;237;land;false;plains;5
10927;240;74;176;land;false;desert;3
10928;216;212;253;land;false;contaminated;2
10929;255;239;244;land;false;desert;3
10930;249;66;95;land;false;plains;7
10931;248;128;94;land;false;desert;3
10932;109;146;249;land;false;desert;1
10933;255;237;207;land;false;hills;7
10934;255;255;245;land;true;plains;7
10935;55;172;203;land;false;plains;7
10936;176;228;69;land;false;plains;7
10937;252;174;189;land;false;desert;3
10938;173;38;250;land;false;plains;7
10939;129;250;228;land;false;plains;7
10940;160;246;178;land;false;plains;7
10941;238;89;222;land;true;plains;7
10942;219;82;100;land;false;plains;7
10943;97;121;219;land;false;plains;7
10944;207;244;254;land;false;plains;7
10945;170;190;254;land;false;plains;7
10946;254;227;228;land;false;desert;5
10947;208;194;47;land;false;forest;7
10948;232;252;255;land;true;plains;7
10949;242;128;222;land;false;desert;3
10950;178;237;254;land;false;contaminated;2
10951;132;240;70;land;true;forest;7
10952;249;72;48;land;true;desert;3
10953;54;250;129;land;false;plains;7
10954;254;252;187;land;false;plains;7
10955;255;230;231;land;true;plains;7
10956;60;178;225;land;false;plains;7
10957;255;242;127;land;false;plains;7
10958;235;66;164;land;false;plains;7
10959;254;193;138;land;false;plains;7
10960;226;135;63;land;false;plains;7
10961;228;65;194;land;false;plains;7
10962;116;231;165;land;false;mountain;7
10963;59;157;205;land;false;hills;7
10964;223;71;128;land;false;hills;5
10965;121;70;250;land;false;plains;7
10966;186;252;213;land;true;plains;7
10967;192;251;165;land;true;desert;5
10968;204;230;253;land;true;plains;7
10969;185;89;238;land;false;plains;7
10970;229;247;96;land;true;plains;7
10971;255;243;241;land;false;plains;7
10972;127;245;230;land;false;forest;7
10973;255;249;248;land;false;plains;7
10974;161;153;252;land;false;forest;7
10975;193;252;225;land;false;desert;3
10976;176;243;251;land;true;plains;7
10977;249;216;181;land;false;contaminated;2
10978;241;164;135;land;false;plains;7
10979;169;228;248;land;true;plains;7
10980;87;243;208;land;true;plains;7
10981;251;255;240;land;false;plains;7
10982;141;248;158;land;false;plains;7
10983;211;250;181;land;false;plains;7
10984;253;242;133;land;false;plains;7
10985;180;249;191;land;false;hills;1
10986;216;111;86;land;false;plains;7
10987;138;56;238;land;false;plains;7
10988;220;215;255;land;false;desert;3
10989;176;217;251;land;true;contaminated;2
10990;171;249;166;land;false;plains;5
10991;253;196;185;land;false;plains;7
10992;243;75;121;land;false;hills;7
10993;244;144;61;land;true;plains;5
10994;139;139;253;land;false;plains;7
10995;121;250;214;land;false;plains;7
10996;25;251;42;land;false;plains;7
10997;134;242;125;land;true;plains;7
10998;244;255;254;land;false;desert;3
10999;242;155;118;land;false;hills;5
11000;222;68;108;land;true;plains;6
11001;214;174;253;land;false;hills;7
11002;237;136;217;land;false;plains;7
11003;253;210;208;land;false;plains;7
11004;136;236;247;land;true;plains;7
11005;249;33;192;land;false;desert;1
11006;253;146;225;land;true;plains;7
11007;195;250;161;land;false;plains;7
11008;29;247;182;land;false;plains;7
11009;186;168;247;land;true;forest;7
11010;146;198;247;land;false;urban;2
11011;108;181;229;land;true;plains;7
11012;88;221;198;land;true;plains;7
11013;248;178;139;land;false;hills;7
11014;155;243;180;land;false;plains;7
11015;249;149;203;land;false;plains;7
11016;245;253;203;land;false;plains;7
11017;183;236;251;land;false;plains;7
11018;232;128;39;land;false;plains;7
11019;176;250;197;land;false;plains;7
11020;225;38;244;land;true;desert;1
11021;125;232;253;land;false;plains;7
11022;209;225;253;land;false;plains;7
11023;195;244;69;land;false;forest;6
11024;246;158;232;land;true;plains;7
11025;236;220;99;land;false;plains;7
11026;228;169;250;land;true;plains;7
11027;152;248;222;land;false;mountain;7
11028;74;203;144;land;true;marsh;7
11029;36;138;239;land;false;plains;7
11030;238;253;255;land;false;plains;7
11031;195;252;210;land;false;plains;7
11032;254;216;246;land;false;plains;7
11033;227;169;112;land;false;forest;7
11034;107;184;246;land;false;plains;7
11035;248;149;184;land;false;desert;1
11036;230;134;119;land;false;plains;7
11037;150;248;239;land;false;plains;7
11038;172;140;244;land;false;plains;7
11039;242;55;146;land;false;plains;7
11040;234;152;249;land;true;plains;7
11041;239;112;136;land;false;plains;7
11042;242;182;43;land;false;plains;7
11043;150;243;182;land;false;plains;5
11044;157;245;212;land;false;mountain;7
11045;222;252;151;land;false;mountain;3
11046;251;186;148;land;false;plains;7
11047;173;67;253;land;false;plains;6
11048;123;185;236;land;false;plains;7
11049;237;243;255;land;false;mountain;7
11050;199;219;253;land;false;plains;7
11051;243;122;195;land;false;plains;5
11052;244;231;31;land;false;forest;7
11053;252;208;200;land;false;contaminated;2
11054;252;235;255;land;false;plains;7
11055;249;162;169;land;true;plains;7
11056;166;213;46;land;false;plains;7
11057;82;218;150;land;false;plains;7
11058;48;255;80;land;false;plains;7
11059;91;234;109;land;true;hills;6
11060;40;140;223;land;true;plains;7
11061;251;245;132;land;false;plains;7
11062;85;254;116;land;false;forest;7
11063;139;64;250;land;false;forest;7
11064;197;248;140;land;true;plains;7
11065;214;243;253;land;false;contaminated;2
11066;237;128;240;land;false;forest;3
11067;152;154;253;land;true;forest;7
11068;242;247;255;land;false;forest;7
11069;166;197;247;land;false;desert;5
11070;174;216;58;land;false;plains;7
11071;83;235;91;land;false;mountain;2
11072;255;239;229;land;false;hills;5
11073;182;253;220;land;true;forest;7
11074;254;231;249;land;true;plains;7
11075;244;195;91;land;false;desert;3
11076;214;113;234;land;false;hills;7
11077;251;173;212;land;false;plains;7
11078;227;115;49;land;false;plains;7
11079;250;247;167;land;false;plains;7
11080;91;252;232;land;false;marsh;5
11081;228;111;128;land;true;forest;7
11082;55;80;228;land;false;forest;5
11083;223;35;160;land;false;desert;1
11084;255;251;252;land;true;marsh;2
11085;190;246;136;land;false;plains;7
11086;185;253;213;land;false;plains;7
11087;226;141;68;land;true;plains;7
11088;175;251;92;land;false;plains;6
11089;214;114;246;land;false;hills;7
11090;194;192;252;land;true;desert;5
11091;88;76;203;land;false;contaminated;2
11092;255;232;245;land;true;desert;3
11093;108;156;237;land;false;hills;7
11094;249;255;254;land;true;forest;7
11095;101;135;237;land;false;plains;7
11096;225;254;210;land;false;plains;7
11097;246;148;165;land;false;plains;7
11098;248;255;238;land;false;plains;7
11099;209;246;159;land;false;contaminated;2
11100;227;170;113;land;true;plains;7
11101;184;155;246;land;false;hills;7
11102;229;48;149;land;false;plains;7
11103;237;255;245;land;false;plains;7
11104;212;69;81;land;false;plains;7
11105;253;203;254;land;true;plains;7
11106;248;163;99;land;false;plains;7
11107;235;255;232;land;false;plains;7
11108;255;231;252;land;false;forest;7
11109;215;86;84;land;false;plains;7
11110;255;249;231;land;false;plains;7
11111;239;81;105;land;true;desert;6
11112;247;205;167;land;true;plains;7
11113;89;219;41;land;false;plains;7
11114;253;224;186;land;true;plains;7
11115;248;253;255;land;false;hills;6
11116;162;246;238;land;false;plains;7
11117;230;136;66;land;false;plains;7
11118;61;223;224;land;false;plains;7
11119;205;198;251;land;false;plains;7
11120;227;254;231;land;false;desert;5
11121;202;52;229;land;true;plains;7
11122;237;251;126;land;false;plains;7
11123;62;137;198;land;false;plains;7
11124;169;90;244;land;true;plains;6
11125;249;179;252;land;false;plains;7
11126;244;111;238;land;true;plains;7
11127;212;69;92;land;false;plains;7
11128;246;147;251;land;false;plains;7
11129;247;154;193;land;false;plains;7
11130;94;80;250;land;true;plains;7
11131;251;144;232;land;true;plains;7
11132;137;245;108;land;false;hills;6
11133;214;251;186;land;false;plains;7
11134;221;165;252;land;false;plains;7
11135;179;255;193;land;true;hills;6
11136;219;255;219;land;false;plains;7
11137;253;227;255;land;false;plains;7
11138;243;104;45;land;false;hills;5
11139;197;18;251;land;false;plains;7
11140;253;224;203;land;false;mountain;3
11141;253;218;157;land;true;plains;7
11142;248;253;113;land;false;plains;7
11143;239;140;144;land;false;plains;7
11144;41;225;103;land;false;plains;7
11145;194;253;209;land;false;plains;7
11146;159;170;251;land;false;plains;7
11147;251;72;74;land;true;plains;7
11148;61;204;233;land;false;plains;7
11149;196;246;252;land;false;plains;7
11150;245;228;146;land;false;hills;7
11151;165;251;220;land;false;plains;7
11152;243;182;125;land;false;forest;7
11153;138;50;217;land;true;forest;7
11154;73;240;242;land;false;plains;7
11155;192;252;208;land;false;plains;7
11156;246;154;144;land;true;plains;7
11157;93;213;237;land;false;plains;7
11158;255;234;249;land;true;plains;7
11159;248;219;100;land;false;plains;7
11160;255;248;245;land;false;plains;7
11161;225;98;124;land;false;desert;3
11162;247;231;98;land;false;plains;7
11163;251;246;165;land;true;forest;7
11164;242;255;245;land;false;plains;7
11165;77;160;225;land;true;forest;7
11166;173;252;218;land;true;plains;7
11167;232;253;195;land;false;plains;7
11168;120;192;238;land;false;plains;7
11169;229;47;107;land;true;plains;7
11170;130;245;178;land;false;plains;5
11171;238;226;122;land;true;plains;7
11172;135;247;208;land;false;hills;7
11173;246;153;237;land;false;plains;7
11174;231;106;163;land;true;plains;7
11175;176;116;252;land;false;plains;7
11176;206;235;125;land;false;plains;7
11177;245;230;254;land;false;desert;3
11178;237;103;135;land;false;plains;7
11179;245;203;132;land;false;hills;7
11180;234;85;254;land;false;plains;7
11181;227;248;255;land;false;plains;7
11182;152;94;248;land;true;marsh;7
11183;254;32;102;land;false;plains;7
11184;184;245;254;land;false;plains;7
11185;255;246;253;land;false;plains;5
11186;132;159;255;land;false;plains;7
11187;76;208;189;land;true;hills;3
11188;126;245;216;land;false;hills;7
11189;192;252;172;land;false;plains;7
11190;227;71;135;land;true;forest;7
11191;149;246;41;land;true;desert;3
11192;180;64;224;land;false;plains;7
11193;228;244;143;land;true;marsh;7
11194;121;242;184;land;false;forest;7
11195;254;228;240;land;false;marsh;7
11196;132;254;138;land;false;plains;7
11197;247;201;9;land;false;plains;7
11198;254;249;218;land;false;desert;1
11199;132;168;255;land;false;contaminated;2
11200;41;239;47;land;false;forest;7
11201;231;109;117;land;true;forest;7
11202;250;187;154;land;false;plains;7
11203;97;40;237;land;false;plains;7
11204;224;234;82;land;true;plains;7
11205;103;121;242;land;false;plains;7
11206;182;250;235;land;false;plains;7
11207;241;25;240;land;false;plains;7
11208;252;180;243;land;true;plains;7
11209;175;250;97;land;true;plains;5
11210;177;254;218;land;false;forest;3
11211;205;254;195;land;false;hills;1
11212;252;192;237;land;false;plains;7
11213;250;237;79;land;false;plains;7
11214;250;255;246;land;true;plains;7
11215;203;114;238;land;false;contaminated;2
11216;243;255;244;land;false;forest;7
11217;169;223;89;land;false;plains;7
11218;241;187;80;land;false;plains;7
11219;225;167;40;land;false;desert;1
11220;250;160;182;land;false;plains;7
11221;245;255;254;land;false;plains;7
11222;229;37;142;land;false;forest;6
11223;176;244;91;land;false;plains;6
11224;185;198;252;land;false;mountain;7
11225;238;150;140;land;false;plains;7
11226;180;251;185;land;true;marsh;7
11227;64;187;230;land;false;forest;7
11228;157;134;244;land;false;plains;7
11229;140;52;209;land;false;plains;7
11230;241;129;67;land;false;contaminated;2
11231;227;251;97;land;false;plains;7
11232;172;209;55;land;true;plains;7
11233;194;253;171;land;false;forest;7
11234;156;209;251;land;false;hills;7
11235;172;57;247;land;false;forest;7
11236;255;237;246;land;true;plains;7
11237;143;174;242;land;true;forest;7
11238;214;212;58;land;true;plains;7
11239;113;82;233;land;false;plains;7
11240;252;192;194;land;false;desert;3
11241;195;138;238;land;false;plains;7
11242;135;255;178;land;false;plains;7
11243;223;248;84;land;false;mountain;2
11244;248;242;158;land;false;desert;3
11245;236;22;143;land;false;desert;3
11246;250;207;185;land;false;plains;7
11247;187;253;219;land;true;plains;7
11248;253;207;254;land;false;plains;7
11249;200;230;80;land;false;mountain;2
11250;175;207;248;land;false;plains;7
11251;236;255;238;land;false;plains;7
11252;253;189;193;land;false;hills;5
11253;218;236;92;land;true;plains;7
11254;224;255;205;land;false;plains;7
11255;247;197;104;land;false;plains;7
11256;43;234;220;land;false;contaminated;2
11257;206;254;211;land;false;plains;7
11258;194;249;8;land;false;plains;7
11259;223;114;55;land;false;forest;7
11260;173;248;217;land;false;plains;7
11261;200;57;146;land;false;forest;7
11262;205;255;151;land;false;plains;7
11263;209;81;253;land;false;hills;7
11264;170;247;173;land;false;plains;7
11265;174;63;243;land;false;plains;7
11266;254;220;197;land;true;plains;7
11267;119;251;62;land;false;plains;5
11268;204;200;253;land;false;plains;7
11269;158;247;125;land;false;plains;6
11270;153;246;240;land;false;plains;7
11271;236;237;255;land;false;plains;7
11272;135;242;69;land;false;plains;7
11273;212;247;166;land;false;hills;7
11274;231;253;116;land;false;urban;5
11275;253;255;242;land;false;plains;7
11276;249;228;254;land;false;plains;7
11277;253;235;183;land;true;plains;7
11278;247;85;157;land;false;plains;7
11279;243;255;246;land;false;plains;7
11280;255;211;209;land;false;plains;7
11281;28;243;233;land;false;plains;7
11282;164;246;220;land;false;hills;5
11283;235;166;79;land;false;plains;5
11284;115;110;231;land;false;plains;7
11285;251;242;177;land;false;plains;7
11286;221;87;106;land;false;plains;7
11287;133;241;173;land;true;marsh;7
11288;248;167;253;land;false;forest;7
11289;216;234;255;land;false;plains;7
11290;252;177;135;land;false;plains;7
11291;234;255;247;land;false;plains;7
11292;250;151;141;land;false;plains;7
11293;115;137;232;land;false;plains;7
11294;201;188;251;land;false;plains;7
11295;122;180;244;land;false;desert;3
11296;146;102;224;land;false;hills;7
11297;251;246;162;land;false;plains;7
11298;255;244;246;land;false;mountain;7
11299;249;223;254;land;false;plains;7
11300;234;184;249;land;true;plains;7
11301;160;157;244;land;true;forest;7
11302;238;217;254;land;false;plains;7
11303;244;255;228;land;false;plains;1
11304;83;133;218;land;false;hills;7
11305;222;254;220;land;false;marsh;7
11306;184;165;251;land;true;marsh;7
11307;222;233;255;land;false;plains;7
11308;235;226;255;land;false;desert;3
11309;225;255;251;land;true;marsh;7
11310;247;176;133;land;false;plains;7
11311;144;236;242;land;false;forest;5
11312;246;192;12;land;false;plains;7
11313;245;136;99;land;false;plains;7
11314;173;242;120;land;false;plains;7
11315;118;247;243;land;false;plains;7
11316;236;88;102;land;false;plains;7
11317;196;161;59;land;false;plains;7
11318;167;248;245;land;false;plains;5
11319;250;203;255;land;false;forest;7
11320;187;253;194;land;false;plains;7
11321;254;254;188;land;false;mountain;5
11322;249;188;163;land;false;plains;7
11323;101;245;217;land;false;plains;7
11324;249;52;24;land;false;plains;1
11325;86;222;174;land;false;plains;7
11326;12;133;252;land;false;desert;1
11327;245;240;72;land;false;plains;7
11328;172;78;220;land;true;forest;7
11329;134;229;32;land;true;plains;7
11330;63;210;209;land;false;hills;7
11331;214;244;254;land;false;plains;7
11332;233;255;235;land;false;mountain;4
11333;44;74;223;land;false;plains;7
11334;32;133;227;land;false;contaminated;2
11335;110;84;247;land;false;plains;7
11336;154;123;238;land;false;plains;7
11337;95;253;128;land;true;plains;7
11338;97;250;171;land;true;marsh;7
11339;204;180;78;land;false;plains;7
11340;219;163;254;land;false;hills;1
11341;72;248;117;land;false;plains;7
11342;207;249;144;land;true;plains;7
11343;254;246;216;land;false;plains;7
11344;128;115;253;land;false;plains;7
11345;241;255;218;land;false;plains;7
11346;251;255;252;land;false;forest;7
11347;128;246;244;land;false;plains;7
11348;153;222;255;land;false;desert;3
11349;143;74;242;land;true;plains;7
11350;208;251;112;land;true;plains;7
11351;140;241;242;land;true;plains;7
11352;210;89;65;land;false;plains;7
11353;127;228;255;land;false;plains;7
11354;164;28;242;land;false;hills;7
11355;252;67;11;land;true;forest;7
11356;231;211;253;land;false;plains;7
11357;254;224;234;land;false;contaminated;2
11358;103;197;68;land;false;forest;7
11359;225;253;188;land;false;plains;7
11360;191;246;250;land;false;plains;7
11361;124;125;248;land;false;plains;7
11362;204;249;178;land;true;plains;7
11363;105;133;243;land;false;plains;7
11364;156;144;249;land;false;plains;7
11365;246;197;255;land;false;hills;7
11366;188;250;182;land;true;plains;7
11367;240;114;166;land;false;hills;3
11368;249;224;162;land;false;contaminated;2
11369;175;231;97;land;false;plains;7
11370;57;199;233;land;false;forest;6
11371;230;242;107;land;false;mountain;7
11372;246;185;165;land;false;plains;7
11373;246;44;61;land;false;plains;7
11374;254;176;198;land;false;plains;7
11375;246;180;133;land;false;hills;7
11376;230;248;255;land;false;plains;7
11377;237;250;255;land;true;plains;7
11378;115;228;208;land;false;plains;7
11379;233;254;222;land;false;forest;5
11380;250;182;174;land;false;plains;7
11381;248;106;147;land;true;plains;7
11382;195;111;240;land;true;forest;6
11383;97;229;169;land;false;forest;6
11384;250;215;179;land;false;plains;5
11385;233;245;106;land;false;plains;7
11386;215;158;252;land;false;contaminated;2
11387;250;118;126;land;false;plains;7
11388;178;252;182;land;false;plains;7
11389;254;234;217;land;false;forest;7
11390;227;240;255;land;false;plains;7
11391;88;216;88;land;false;hills;6
11392;214;159;252;land;true;plains;5
11393;236;174;99;land;true;plains;5
11394;214;253;235;land;false;hills;1
11395;255;235;234;land;true;plains;7
11396;243;255;238;land;false;plains;6
11397;76;133;251;land;false;plains;7
11398;242;115;88;land;false;contaminated;2
11399;219;113;246;land;true;forest;7
11400;234;98;165;land;false;plains;7
11401;26;251;133;land;false;plains;7
11402;146;244;199;land;false;plains;7
11403;223;213;254;land;false;contaminated;2
11404;105;164;226;land;false;plains;7
11405;139;246;141;land;false;plains;7
11406;254;110;203;land;true;plains;5
11407;80;219;246;land;false;plains;7
11408;255;218;226;land;false;plains;7
11409;252;151;247;land;false;forest;7
11410;151;245;172;land;false;desert;3
11411;126;225;106;land;true;desert;5
11412;91;160;232;land;false;hills;7
11413;123;135;246;land;false;forest;7
11414;252;200;137;land;false;plains;7
11415;255;251;253;land;false;plains;7
11416;255;254;249;land;false;desert;3
11417;208;235;253;land;false;plains;7
11418;249;42;246;land;false;hills;7
11419;245;200;253;land;false;mountain;2
11420;133;248;129;land;false;plains;7
11421;254;243;211;land;false;plains;7
11422;231;230;255;land;true;plains;5
11423;173;168;251;land;false;forest;7
11424;220;254;230;land;false;plains;7
11425;209;255;251;land;false;contaminated;2
11426;187;241;253;land;true;plains;7
11427;200;252;176;land;false;plains;7
11428;180;252;190;land;false;plains;7
11429;145;246;197;land;false;desert;3
11430;249;196;68;land;false;plains;7
11431;135;242;147;land;true;plains;7
11432;250;113;162;land;false;plains;7
11433;236;127;176;land;true;forest;7
11434;45;125;228;land;false;forest;7
11435;213;255;225;land;false;plains;7
11436;67;190;196;land;true;plains;7
11437;127;144;248;land;false;plains;7
11438;129;119;255;land;false;plains;7
11439;253;252;210;land;true;marsh;7
11440;156;242;149;land;true;plains;7
11441;254;214;209;land;true;forest;7
11442;245;254;255;land;true;forest;7
11443;223;246;255;land;true;plains;5
11444;254;211;225;land;false;plains;7
11445;254;202;141;land;false;mountain;3
11446;133;133;236;land;true;plains;7
11447;245;101;215;land;false;plains;7
11448;213;246;166;land;true;plains;7
11449;229;102;157;land;false;plains;7
11450;254;175;153;land;true;plains;7
11451;248;123;174;land;false;plains;7
11452;215;79;139;land;true;hills;1
11453;216;249;181;land;false;plains;7
11454;230;108;186;land;true;plains;5
11455;94;222;113;land;false;plains;7
11456;209;69;201;land;false;plains;5
11457;224;148;249;land;true;plains;7
11458;149;114;253;land;false;plains;6
11459;173;249;158;land;false;plains;7
11460;136;228;52;land;false;plains;7
11461;249;205;80;land;false;plains;7
11462;176;255;219;land;true;plains;7
11463;250;252;200;land;false;plains;7
11464;254;74;86;land;false;contaminated;2
11465;138;150;249;land;false;plains;7
11466;239;158;132;land;false;plains;7
11467;157;243;242;land;false;forest;1
11468;254;209;205;land;false;plains;7
11469;220;235;124;land;false;marsh;7
11470;255;230;222;land;false;plains;7
11471;244;139;206;land;false;hills;5
11472;222;176;248;land;false;hills;5
11473;250;100;152;land;false;plains;7
11474;103;225;244;land;false;plains;7
11475;246;143;91;land;false;plains;7
11476;188;228;253;land;false;plains;7
11477;235;242;255;land;false;plains;7
11478;246;233;255;land;false;desert;3
11479;250;247;159;land;true;plains;7
11480;151;106;240;land;false;plains;6
11481;250;145;219;land;false;plains;7
11482;137;238;78;land;true;plains;7
11483;250;228;168;land;false;forest;7
11484;255;247;241;land;false;plains;7
11485;253;108;182;land;true;plains;7
11486;197;146;255;land;true;plains;7
11487;251;169;202;land;true;forest;6
11488;247;83;217;land;false;forest;7
11489;117;234;159;land;false;plains;7
11490;154;240;133;land;false;plains;7
11491;42;237;70;land;false;plains;7
11492;213;254;211;land;false;plains;7
11493;153;246;242;land;true;plains;7
11494;201;253;228;land;false;plains;7
11495;246;138;202;land;false;plains;7
11496;253;159;127;land;false;plains;1
11497;145;60;230;land;false;plains;7
11498;235;57;188;land;false;plains;7
11499;229;194;69;land;false;plains;7
11500;250;177;206;land;false;mountain;7
11501;236;27;242;land;false;desert;1
11502;248;124;136;land;false;plains;7
11503;239;255;248;land;false;plains;7
11504;199;238;125;land;false;hills;1
11505;142;92;238;land;false;marsh;5
11506;189;183;254;land;false;forest;5
11507;253;139;159;land;false;plains;7
11508;169;245;90;land;false;forest;7
11509;240;142;160;land;false;plains;7
11510;249;194;162;land;true;forest;3
11511;106;214;81;land;false;desert;3
11512;157;76;208;land;false;hills;7
11513;236;113;130;land;false;plains;7
11514;244;160;192;land;false;plains;7
11515;249;156;179;land;false;forest;7
11516;222;253;254;land;false;plains;7
11517;84;221;170;land;false;plains;7
11518;202;60;157;land;false;plains;7
11519;163;123;248;land;false;plains;7
11520;152;251;193;land;false;forest;5
11521;254;160;113;land;false;plains;7
11522;98;128;219;land;false;plains;7
11523;195;247;171;land;false;plains;7
11524;123;117;244;land;false;plains;7
11525;250;139;174;land;true;plains;7
11526;255;247;235;land;false;contaminated;2
11527;95;236;235;land;false;hills;7
11528;231;255;246;land;true;plains;7
11529;247;235;255;land;true;plains;7
11530;49;233;39;land;true;plains;7
11531;254;184;254;land;false;plains;7
11532;254;161;230;land;false;plains;7
11533;164;67;220;land;false;plains;7
11534;254;214;235;land;true;marsh;1
11535;110;250;103;land;false;hills;7
11536;253;210;218;land;false;forest;7
11537;145;221;245;land;true;plains;7
11538;122;46;222;land;false;plains;7
11539;234;147;122;land;false;plains;7
11540;245;160;195;land;true;forest;7
11541;255;190;152;land;false;plains;7
11542;117;222;232;land;false;hills;7
11543;170;172;250;land;false;mountain;3
11544;169;174;249;land;true;plains;7
11545;245;131;168;land;false;plains;7
11546;250;224;184;land;true;plains;6
11547;217;231;254;land;false;plains;7
11548;250;111;250;land;false;plains;7
11549;151;25;250;land;true;plains;7
11550;212;72;93;land;false;plains;7
11551;249;234;255;land;false;plains;7
11552;120;242;16;land;false;plains;7
11553;59;220;92;land;false;plains;7
11554;221;242;115;land;false;forest;6
11555;235;249;181;land;false;hills;7
11556;235;253;184;land;false;hills;5
11557;240;159;90;land;false;plains;7
11558;252;234;174;land;false;desert;3
11559;142;251;226;land;false;desert;3
11560;252;123;91;land;false;plains;7
11561;255;217;217;land;false;hills;7
11562;214;67;167;land;false;plains;7
11563;255;217;174;land;false;forest;5
11564;176;161;255;land;false;plains;7
11565;240;242;255;land;false;mountain;7
11566;245;143;243;land;true;plains;7
11567;169;116;254;land;false;hills;1
11568;238;120;199;land;false;hills;7
11569;149;245;143;land;false;plains;7
11570;167;194;248;land;false;plains;7
11571;113;228;195;land;false;hills;7
11572;76;254;117;land;false;plains;7
11573;100;226;135;land;true;plains;7
11574;247;227;171;land;false;plains;7
11575;123;240;152;land;false;plains;7
11576;15;244;28;land;false;mountain;7
11577;7;251;28;land;false;plains;7
11578;247;222;98;land;true;plains;6
11579;59;241;220;land;false;desert;3
11580;245;241;255;land;true;plains;7
11581;99;243;53;land;false;plains;7
11582;77;207;76;land;false;plains;7
11583;239;141;169;land;false;plains;7
11584;220;181;101;land;false;hills;7
11585;220;139;241;land;false;plains;7
11586;184;253;220;land;false;forest;5
11587;188;232;47;land;true;plains;7
11588;65;240;106;land;false;plains;7
11589;33;226;158;land;true;plains;7
11590;46;246;95;land;false;plains;7
11591;254;200;222;land;false;mountain;7
11592;232;227;255;land;false;forest;5
11593;200;22;234;land;false;forest;7
11594;138;243;200;land;false;plains;7
11595;65;232;137;land;false;plains;7
11596;252;228;157;land;false;plains;7
11597;252;196;180;land;false;desert;3
11598;231;133;236;land;true;plains;7
11599;221;130;239;land;true;plains;7
11600;233;245;159;land;true;plains;7
11601;244;169;252;land;false;forest;7
11602;248;255;246;land;false;plains;7
11603;243;230;255;land;false;plains;7
11604;80;243;120;land;true;plains;7
11605;254;252;255;land;false;plains;7
11606;94;254;142;land;true;plains;5
11607;94;216;88;land;true;plains;7
11608;222;253;202;land;false;plains;7
11609;253;167;226;land;false;plains;7
11610;234;75;249;land;false;plains;7
11611;66;97;210;land;false;plains;7
11612;103;37;233;land;false;plains;6
11613;116;253;80;land;true;plains;6
11614;104;235;88;land;false;plains;7
11615;206;253;239;land;false;plains;7
11616;70;146;203;land;false;plains;7
11617;77;177;226;land;false;plains;7
11618;241;255;242;land;false;plains;7
11619;195;250;168;land;false;plains;7
11620;255;247;239;land;false;plains;7
11621;86;39;236;land;false;plains;7
11622;77;229;96;land;false;desert;3
11623;227;195;253;land;true;plains;7
11624;250;94;143;land;true;plains;7
11625;240;138;239;land;false;forest;7
11626;88;253;236;land;false;desert;1
11627;230;81;180;land;true;plains;3
11628;254;159;224;land;false;plains;7
11629;50;218;108;land;false;plains;7
11630;24;248;182;land;false;hills;3
11631;218;105;232;land;false;plains;7
11632;118;204;55;land;false;plains;7
11633;63;172;249;land;false;plains;7
11634;223;161;63;land;false;plains;7
11635;41;231;218;land;false;mountain;5
11636;132;135;250;land;true;plains;7
11637;230;125;252;land;false;desert;3
11638;240;127;187;land;false;plains;7
11639;197;130;249;land;false;desert;3
11640;234;75;134;land;false;forest;5
11641;215;247;22;land;true;plains;7
11642;97;189;239;land;false;contaminated;2
11643;241;54;235;land;false;plains;7
11644;199;255;242;land;false;desert;3
11645;167;214;252;land;false;forest;7
11646;148;225;103;land;false;forest;1
11647;226;220;255;land;true;plains;7
11648;144;252;196;land;true;plains;1
11649;70;97;216;land;false;plains;7
11650;255;192;211;land;false;plains;7
11651;38;138;252;land;false;plains;7
11652;242;187;252;land;false;hills;1
11653;249;176;223;land;true;plains;6
11654;253;210;240;land;false;plains;7
11655;232;88;65;land;false;plains;7
11656;165;196;251;land;false;plains;7
11657;141;77;225;land;true;forest;7
11658;238;93;109;land;false;marsh;5
11659;194;84;243;land;false;desert;5
11660;181;245;104;land;true;forest;7
11661;221;254;217;land;false;contaminated;2
11662;248;191;53;land;false;forest;7
11663;181;181;253;land;false;plains;7
11664;249;141;216;land;false;hills;1
11665;216;254;247;land;false;plains;7
11666;178;201;251;land;false;plains;7
11667;196;74;232;land;false;hills;1
11668;114;240;243;land;true;plains;7
11669;232;196;254;land;true;plains;7
11670;247;178;33;land;false;plains;7
11671;71;220;232;land;false;plains;7
11672;252;214;110;land;false;plains;7
11673;254;195;206;land;false;forest;5
11674;243;127;203;land;false;plains;7
11675;201;108;244;land;false;hills;7
11676;248;128;135;land;true;plains;7
11677;228;210;254;land;false;plains;7
11678;241;148;165;land;true;plains;7
11679;241;167;75;land;true;plains;7
11680;230;250;254;land;false;plains;7
11681;107;171;231;land;true;plains;7
11682;190;253;188;land;false;hills;7
11683;230;250;173;land;true;plains;7
11684;201;183;255;land;false;plains;7
11685;249;60;173;land;false;plains;7
11686;228;254;217;land;true;plains;7
11687;235;118;218;land;false;hills;7
11688;241;90;26;land;false;contaminated;2
11689;252;152;158;land;false;plains;7
11690;254;174;248;land;true;plains;5
11691;246;251;182;land;false;plains;7
11692;193;193;255;land;true;marsh;5
11693;243;144;182;land;true;plains;7
11694;110;237;38;land;true;plains;7
11695;245;131;215;land;false;plains;7
11696;242;246;167;land;false;desert;5
11697;255;73;69;land;false;plains;7
11698;72;252;73;land;false;plains;7
11699;241;235;43;land;false;mountain;7
11700;196;70;61;land;false;contaminated;2
11701;48;51;254;land;true;forest;3
11702;173;251;171;land;false;plains;6
11703;205;242;80;land;false;hills;5
11704;53;231;45;land;false;plains;7
11705;203;250;187;land;true;plains;7
11706;46;127;251;land;true;plains;7
11707;213;177;63;land;false;plains;7
11708;164;243;65;land;false;forest;5
11709;229;105;241;land;false;plains;7
11710;126;223;249;land;false;plains;7
11711;227;47;89;land;false;plains;7
11712;239;210;253;land;false;plains;7
11713;119;105;240;land;false;plains;7
11714;253;206;217;land;true;plains;7
11715;152;240;251;land;false;plains;7
11716;252;247;199;land;false;plains;7
11717;100;96;249;land;false;forest;5
11718;203;65;142;land;true;plains;7
11719;242;50;136;land;false;contaminated;2
11720;200;160;73;land;false;plains;7
11721;197;205;254;land;false;hills;6
11722;245;172;157;land;false;plains;7
11723;254;187;201;land;true;plains;7
11724;74;244;192;land;false;forest;7
11725;200;240;252;land;false;plains;7
11726;217;225;70;land;true;plains;7
11727;176;251;93;land;false;plains;7
11728;245;222;134;land;false;forest;7
11729;124;198;243;land;true;plains;7
11730;240;88;92;land;false;desert;3
11731;248;163;160;land;true;marsh;7
11732;255;195;250;land;false;plains;7
11733;67;229;202;land;false;contaminated;2
11734;253;214;237;land;false;mountain;3
11735;154;254;185;land;false;plains;7
11736;206;51;186;land;false;plains;7
11737;129;211;56;land;false;plains;7
11738;168;251;200;land;false;plains;7
11739;110;135;240;land;false;forest;6
11740;239;253;255;land;false;hills;7
11741;96;224;232;land;false;mountain;2
11742;221;255;225;land;false;plains;7
11743;240;174;249;land;false;desert;5
11744;231;235;255;land;false;desert;1
11745;213;164;252;land;false;plains;7
11746;230;149;76;land;true;plains;7
11747;161;254;186;land;true;contaminated;2
11748;251;246;255;land;false;plains;7
11749;219;254;242;land;false;forest;7
11750;202;72;226;land;false;plains;7
11751;121;208;76;land;false;contaminated;2
11752;144;205;242;land;false;plains;7
11753;243;68;154;land;false;plains;7
11754;202;249;177;land;false;forest;7
11755;71;209;140;land;false;plains;7
11756;155;252;225;land;false;plains;7
11757;210;42;250;land;false;hills;7
11758;210;255;212;land;true;plains;7
11759;242;173;102;land;false;plains;7
11760;54;143;232;land;false;plains;7
11761;114;228;217;land;false;contaminated;2
11762;74;197;203;land;true;plains;7
11763;245;249;255;land;false;mountain;1
11764;179;254;173;land;false;desert;3
11765;251;196;184;land;false;plains;7
11766;222;90;183;land;false;plains;7
11767;253;29;100;land;false;plains;7
11768;122;226;100;land;false;plains;7
11769;189;231;62;land;false;plains;7
11770;126;235;170;land;true;forest;7
11771;218;63;176;land;false;plains;7
11772;209;219;254;land;false;plains;7
11773;255;234;243;land;false;desert;3
11774;180;253;192;land;false;plains;7
11775;220;243;82;land;false;plains;5
11776;182;251;179;land;false;plains;7
11777;245;253;174;land;true;marsh;7
11778;127;253;169;land;false;plains;7
11779;250;103;199;land;true;hills;7
11780;242;66;163;land;false;desert;3
11781;250;89;156;land;false;plains;7
11782;245;228;159;land;false;plains;7
11783;221;255;168;land;false;plains;7
11784;251;252;187;land;true;plains;7
11785;102;75;228;land;false;plains;7
11786;248;158;129;land;false;contaminated;2
11787;157;203;250;land;false;plains;7
11788;206;125;74;land;false;forest;7
11789;193;254;236;land;false;forest;7
11790;57;193;215;land;false;plains;7
11791;62;65;223;land;true;plains;7
11792;225;231;255;land;false;plains;7
11793;173;232;96;land;true;plains;7
11794;137;239;245;land;false;plains;7
11795;175;252;206;land;false;urban;5
11796;250;252;255;land;false;hills;7
11797;141;66;202;land;true;plains;7
11798;215;216;254;land;false;contaminated;2
11799;107;251;243;land;true;forest;7
11800;245;228;254;land;false;plains;7
11801;64;139;199;land;false;plains;7
11802;254;72;122;land;false;contaminated;2
11803;187;254;241;land;false;marsh;7
11804;249;177;153;land;false;plains;7
11805;131;252;174;land;false;contaminated;2
11806;227;83;138;land;false;desert;3
11807;153;199;252;land;false;plains;3
11808;186;54;244;land;true;plains;7
11809;195;252;168;land;false;plains;7
11810;249;138;205;land;false;plains;7
11811;195;253;188;land;false;plains;1
11812;254;204;209;land;false;contaminated;2
11813;232;185;252;land;false;forest;7
11814;252;232;176;land;true;plains;7
11815;254;113;92;land;false;plains;6
11816;205;255;237;land;false;forest;7
11817;199;252;202;land;false;plains;7
11818;252;28;5;land;false;hills;7
11819;36;245;28;land;false;plains;7
11820;255;248;254;land;false;plains;7
11821;252;163;8;land;false;plains;7
11822;120;205;57;land;false;plains;7
11823;255;220;248;land;false;plains;7
11824;223;136;70;land;true;plains;7
11825;124;152;254;land;false;contaminated;2
11826;203;237;130;land;false;plains;7
11827;61;237;235;land;true;plains;7
11828;249;253;92;land;false;plains;7
11829;128;52;212;land;false;contaminated;2
11830;23;53;247;land;false;plains;7
11831;138;246;231;land;false;plains;7
11832;255;255;250;land;true;plains;7
11833;117;240;130;land;false;forest;5
11834;254;223;248;land;false;plains;7
11835;249;107;183;land;false;plains;7
11836;236;74;32;land;false;forest;7
11837;199;252;209;land;false;hills;7
11838;234;83;112;land;false;plains;7
11839;255;161;151;land;true;plains;7
11840;233;235;39;land;false;contaminated;2
11841;244;209;108;land;true;plains;6
11842;254;103;100;land;false;forest;5
11843;234;111;156;land;false;plains;7
11844;81;150;215;land;true;forest;7
11845;140;117;240;land;false;plains;7
11846;240;231;125;land;false;plains;7
11847;140;171;241;land;false;contaminated;2
11848;155;246;161;land;false;desert;3
11849;168;178;250;land;false;plains;7
11850;83;216;92;land;false;plains;7
11851;247;160;144;land;false;hills;7
11852;44;72;245;land;false;plains;7
11853;45;212;100;land;false;plains;7
11854;172;246;250;land;false;plains;7
11855;255;246;130;land;false;plains;7
11856;224;126;251;land;false;plains;7
11857;164;73;208;land;false;plains;7
11858;219;255;237;land;false;plains;7
11859;157;253;242;land;false;plains;7
11860;243;137;184;land;true;plains;7
11861;248;245;255;land;false;mountain;5
11862;222;213;63;land;false;desert;3
11863;242;253;255;land;false;forest;7
11864;181;251;223;land;false;contaminated;2
11865;214;159;247;land;false;plains;7
11866;181;162;254;land;false;plains;7
11867;233;230;255;land;false;plains;7
11868;211;93;235;land;false;plains;7
11869;232;246;109;land;false;hills;7
11870;218;252;181;land;false;desert;3
11871;253;195;206;land;true;plains;7
11872;253;211;253;land;false;plains;7
11873;237;105;121;land;false;plains;7
11874;251;153;231;land;false;mountain;7
11875;117;195;252;land;false;plains;7
11876;254;204;183;land;false;plains;7
11877;236;137;122;land;false;forest;5
11878;255;217;227;land;true;plains;7
11879;255;237;126;land;false;forest;5
11880;141;118;254;land;false;plains;7
11881;232;195;253;land;false;plains;7
11882;171;176;248;land;false;plains;7
11883;250;219;131;land;true;plains;7
11884;252;207;212;land;true;plains;7
11885;157;148;249;land;false;plains;7
11886;250;255;251;land;false;plains;7
11887;254;207;181;land;false;plains;7
11888;242;101;124;land;true;plains;7
11889;253;195;212;land;false;hills;1
11890;253;245;186;land;true;forest;7
11891;251;162;163;land;false;plains;7
11892;253;232;255;land;false;plains;7
11893;141;244;132;land;false;plains;7
11894;236;227;72;land;false;plains;7
11895;222;71;244;land;false;plains;7
11896;254;206;231;land;false;plains;7
11897;141;66;208;land;false;hills;7
11898;241;175;251;land;false;plains;7
11899;250;33;112;land;false;plains;7
11900;78;205;234;land;false;hills;7
11901;252;239;255;land;true;plains;7
11902;67;227;190;land;false;plains;7
11903;66;213;145;land;false;plains;7
11904;218;87;157;land;false;marsh;5
11905;191;240;82;land;false;plains;7
11906;37;246;119;land;false;contaminated;2
11907;247;255;223;land;false;marsh;7
11908;249;214;171;land;false;plains;7
11909;122;136;240;land;true;marsh;7
11910;255;254;248;land;false;plains;7
11911;193;179;251;land;false;plains;7
11912;253;197;246;land;false;contaminated;2
11913;111;247;110;land;false;contaminated;2
11914;206;229;252;land;false;plains;7
11915;111;149;246;land;true;plains;7
11916;255;248;249;land;false;plains;6
11917;252;123;118;land;false;plains;7
11918;250;113;45;land;false;plains;6
11919;220;98;131;land;false;plains;7
11920;190;246;253;land;false;forest;7
11921;239;200;64;land;false;plains;7
11922;166;102;247;land;false;plains;7
11923;159;243;248;land;false;hills;7
11924;192;227;253;land;false;plains;7
11925;110;195;239;land;false;plains;7
11926;175;220;37;land;false;desert;5
11927;242;21;17;land;false;plains;7
11928;254;191;232;land;false;plains;7
11929;102;230;94;land;false;plains;7
11930;253;157;83;land;false;desert;5
11931;154;99;242;land;true;plains;7
11932;145;170;250;land;false;plains;7
11933;70;10;249;land;false;plains;7
11934;168;220;253;land;false;desert;3
11935;112;234;136;land;false;plains;7
11936;236;247;128;land;false;plains;7
11937;226;237;61;land;false;contaminated;2
11938;122;139;245;land;false;desert;3
11939;23;255;223;land;true;plains;7
11940;118;238;177;land;false;plains;7
11941;253;238;200;land;false;plains;7
11942;248;220;174;land;false;desert;5
11943;253;85;82;land;false;hills;7
11944;246;181;162;land;true;urban;5
11945;145;252;224;land;false;forest;5
11946;128;249;37;land;false;contaminated;2
11947;254;204;188;land;false;plains;7
11948;229;156;103;land;false;plains;7
11949;222;50;94;land;false;plains;6
11950;247;148;233;land;false;contaminated;2
11951;161;247;179;land;false;forest;7
11952;254;235;219;land;true;hills;7
11953;191;243;144;land;false;plains;7
11954;230;155;254;land;true;plains;7
11955;176;214;254;land;false;plains;7
11956;184;216;251;land;true;plains;7
11957;253;250;210;land;false;plains;7
11958;189;254;185;land;false;forest;6
11959;142;223;253;land;false;mountain;7
11960;228;70;83;land;false;hills;7
11961;167;247;247;land;false;plains;7
11962;175;142;246;land;true;plains;7
11963;115;253;176;land;false;plains;7
11964;97;158;250;land;false;plains;7
11965;127;149;250;land;false;plains;7
11966;252;203;162;land;false;forest;7
11967;82;250;94;land;false;plains;7
11968;125;240;242;land;false;hills;5
11969;117;18;239;land;true;forest;7
11970;111;129;255;land;false;plains;7
11971;24;245;64;land;false;forest;5
11972;255;248;239;land;false;plains;7
11973;253;204;86;land;false;plains;7
11974;253;107;19;land;false;hills;7
11975;105;246;131;land;false;plains;7
11976;119;127;241;land;false;plains;7
11977;101;237;178;land;false;desert;3
11978;227;158;246;land;true;plains;7
11979;206;26;241;land;false;plains;7
11980;232;255;253;land;false;plains;7
11981;106;253;101;land;false;hills;7
11982;140;242;19;land;false;hills;7
11983;212;210;254;land;false;plains;7
11984;254;255;254;land;false;mountain;7
11985;147;126;254;land;false;plains;6
11986;251;154;118;land;true;plains;7
11987;178;248;127;land;false;plains;7
11988;251;228;178;land;false;plains;7
11989;182;246;163;land;false;plains;7
11990;214;205;253;land;false;forest;5
11991;205;92;58;land;true;plains;7
11992;88;118;237;land;false;plains;7
11993;154;212;252;land;true;plains;7
11994;244;159;79;land;false;plains;7
11995;221;255;234;land;false;plains;7
11996;113;243;149;land;true;forest;7
11997;219;255;211;land;false;plains;7
11998;254;226;155;land;false;forest;7
11999;133;229;105;land;false;forest;5
12000;226;232;255;land;false;forest;7
12001;251;147;220;land;false;forest;7
12002;27;234;217;land;true;plains;7
12003;226;204;254;land;false;forest;7
12004;232;235;255;land;false;forest;5
12005;229;255;255;land;true;plains;7
12006;197;58;133;land;false;plains;7
12007;108;101;240;land;false;plains;7
12008;30;250;120;land;false;plains;7
12009;224;102;155;land;true;plains;7
12010;193;233;252;land;false;plains;7
12011;230;46;240;land;false;plains;7
12012;254;226;245;land;false;desert;3
12013;252;205;182;land;false;plains;7
12014;175;173;252;land;false;contaminated;2
12015;246;248;255;land;false;plains;7
12016;248;255;255;land;false;plains;7
12017;254;229;205;land;true;marsh;6
12018;168;218;255;land;false;hills;7
12019;183;27;237;land;false;forest;5
12020;105;107;239;land;true;plains;7
12021;219;255;212;land;false;plains;7
12022;145;238;39;land;true;plains;7
12023;96;129;247;land;false;plains;5
12024;249;182;202;land;false;plains;7
12025;251;184;229;land;false;plains;5
12026;220;93;103;land;false;forest;7
12027;214;255;170;land;true;plains;7
12028;224;152;69;land;false;plains;7
12029;242;187;251;land;true;desert;3
12030;121;87;245;land;false;forest;5
12031;235;235;255;land;false;forest;7
12032;233;216;254;land;false;hills;7
12033;238;182;97;land;false;desert;3
12034;246;244;166;land;false;plains;7
12035;52;130;228;land;false;plains;7
12036;89;177;227;land;false;plains;7
12037;231;197;253;land;false;plains;5
12038;215;160;91;land;false;plains;7
12039;224;238;255;land;true;plains;7
12040;115;242;242;land;false;plains;7
12041;99;230;98;land;false;forest;7
12042;225;60;159;land;false;hills;7
12043;214;253;199;land;false;desert;3
12044;252;234;194;land;false;plains;7
12045;252;112;106;land;false;plains;7
12046;221;31;234;land;false;plains;7
12047;220;161;249;land;false;forest;7
12048;249;49;146;land;false;plains;7
12049;254;220;173;land;false;forest;7
12050;189;252;134;land;true;plains;7
12051;210;62;255;land;false;plains;7
12052;251;188;145;land;true;plains;7
12053;234;181;57;land;false;hills;7
12054;113;134;231;land;false;forest;6
12055;99;167;247;land;false;forest;2
12056;12;249;12;land;false;plains;7
12057;250;123;93;land;false;plains;7
12058;197;252;219;land;false;plains;7
12059;251;255;247;land;false;plains;7
12060;127;210;58;land;false;plains;7
12061;214;128;75;land;true;plains;7
12062;224;249;255;land;false;plains;7
12063;247;59;252;land;false;plains;7
12064;238;249;161;land;false;plains;7
12065;184;250;252;land;false;desert;3
12066;150;230;254;land;false;plains;7
12067;221;180;251;land;true;marsh;7
12068;238;62;139;land;false;desert;3
12069;63;101;244;land;false;plains;7
12070;248;161;175;land;false;plains;7
12071;77;221;253;land;false;plains;7
12072;126;243;231;land;false;plains;5
12073;197;69;253;land;false;plains;7
12074;237;128;201;land;false;plains;7
12075;134;224;73;land;false;plains;7
12076;179;252;217;land;false;forest;6
12077;84;100;230;land;false;plains;7
12078;18;241;96;land;false;plains;7
12079;242;254;255;land;false;desert;3
12080;254;184;223;land;false;plains;7
12081;255;227;241;land;false;plains;7
12082;254;213;155;land;false;forest;7
12083;205;228;115;land;false;forest;5
12084;254;186;246;land;false;plains;7
12085;104;108;228;land;true;plains;7
12086;152;226;108;land;false;plains;7
12087;246;20;34;land;true;plains;7
12088;240;143;217;land;true;plains;7
12089;186;250;253;land;false;plains;5
12090;139;47;218;land;false;forest;7
12091;250;140;232;land;false;plains;7
12092;223;255;242;land;false;hills;7
12093;208;69;78;land;false;hills;5
12094;104;69;233;land;false;plains;7
12095;83;132;248;land;false;plains;7
12096;241;176;86;land;false;mountain;3
12097;233;105;129;land;false;plains;1
12098;78;91;248;land;true;plains;7
12099;92;228;131;land;false;forest;5
12100;134;121;244;land;false;marsh;5
12101;252;186;249;land;false;plains;7
12102;114;255;168;land;false;plains;7
12103;216;236;119;land;false;plains;5
12104;233;158;251;land;false;hills;7
12105;122;224;57;land;false;plains;7
12106;238;75;87;land;false;hills;7
12107;254;255;239;land;false;plains;7
12108;243;118;77;land;true;plains;7
12109;243;147;158;land;false;desert;1
12110;254;239;210;land;false;plains;7
12111;42;248;79;land;true;plains;7
12112;64;176;228;land;false;plains;7
12113;114;251;171;land;false;plains;7
12114;167;248;91;land;false;plains;7
12115;236;138;242;land;false;plains;7
12116;212;227;67;land;false;plains;7
12117;255;194;190;land;false;plains;7
12118;248;250;255;land;false;plains;7
12119;122;241;129;land;false;plains;7
12120;179;254;206;land;false;plains;7
12121;144;241;219;land;false;plains;7
12122;39;188;236;land;false;plains;6
12123;246;159;193;land;false;plains;7
12124;245;255;240;land;false;plains;7
12125;218;171;75;land;false;plains;7
12126;145;215;241;land;false;hills;5
12127;44;203;217;land;true;plains;7
12128;246;119;10;land;false;hills;7
12129;105;134;251;land;false;plains;7
12130;203;255;209;land;false;mountain;5
12131;132;244;206;land;false;desert;1
12132;169;252;205;land;false;forest;7
12133;255;249;244;land;false;plains;7
12134;228;182;253;land;false;plains;7
12135;170;207;248;land;false;desert;1
12136;97;248;187;land;false;plains;7
12137;255;250;250;land;false;desert;5
12138;78;233;225;land;false;hills;7
12139;59;179;237;land;false;plains;7
12140;229;201;254;land;false;plains;7
12141;246;142;110;land;false;plains;7
12142;255;87;81;land;false;plains;7
12143;81;196;250;land;false;plains;7
12144;111;90;242;land;false;forest;7
12145;139;196;249;land;false;plains;7
12146;250;203;152;land;false;plains;7
12147;252;201;212;land;true;forest;7
12148;249;62;157;land;false;plains;7
12149;146;245;156;land;false;plains;7
12150;244;117;252;land;false;forest;7
12151;253;215;221;land;false;forest;6
12152;46;57;250;land;false;plains;7
12153;225;197;88;land;false;plains;7
12154;243;203;148;land;false;plains;7
12155;201;254;252;land;false;plains;7
12156;254;138;230;land;false;plains;7
12157;248;229;173;land;false;hills;3
12158;22;241;90;land;true;plains;7
12159;54;107;217;land;true;plains;7
12160;252;216;194;land;false;forest;6
12161;40;57;242;land;false;hills;5
12162;110;235;143;land;false;plains;7
12163;250;152;13;land;false;forest;7
12164;195;149;251;land;true;plains;7
12165;203;144;242;land;false;forest;7
12166;241;102;235;land;false;plains;7
12167;220;252;117;land;false;contaminated;2
12168;241;141;250;land;false;hills;7
12169;245;193;137;land;false;plains;7
12170;255;211;240;land;false;plains;7
12171;64;76;252;land;false;plains;7
12172;208;255;244;land;false;hills;7
12173;116;234;225;land;true;desert;6
12174;195;221;253;land;false;forest;7
12175;99;188;219;land;true;plains;7
12176;237;255;240;land;false;plains;7
12177;226;110;228;land;true;plains;7
12178;243;252;189;land;false;forest;7
12179;227;153;244;land;false;plains;7
12180;165;239;246;land;true;plains;7
12181;202;67;169;land;true;marsh;7
12182;224;141;253;land;false;forest;7
12183;57;99;204;land;false;plains;7
12184;98;251;101;land;false;plains;7
12185;60;221;124;land;false;plains;7
12186;225;90;122;land;true;plains;7
12187;86;243;96;land;false;plains;7
12188;239;238;255;land;true;desert;3
12189;237;102;162;land;true;plains;6
12190;170;252;206;land;false;forest;7
12191;89;251;233;land;false;hills;7
12192;114;231;211;land;false;plains;5
12193;210;255;228;land;true;plains;7
12194;244;246;166;land;false;plains;7
12195;234;198;120;land;false;forest;5
12196;255;210;238;land;false;plains;7
12197;204;212;255;land;false;plains;7
12198;230;238;255;land;true;plains;7
12199;187;172;252;land;false;plains;7
12200;190;243;251;land;false;hills;7
12201;180;249;211;land;false;plains;7
12202;220;254;218;land;true;plains;7
12203;205;102;231;land;false;plains;7
12204;217;198;67;land;true;forest;7
12205;182;231;254;land;false;plains;7
12206;134;146;255;land;false;plains;7
12207;224;255;239;land;false;plains;7
12208;151;224;253;land;false;plains;7
12209;254;177;50;land;true;marsh;7
12210;212;135;45;land;false;hills;7
12211;186;179;252;land;false;plains;7
12212;72;164;250;land;false;plains;7
12213;251;253;255;land;false;plains;7
12214;231;120;204;land;false;plains;7
12215;121;178;250;land;false;plains;6
12216;247;86;120;land;true;plains;7
12217;29;141;227;land;false;plains;7
12218;206;158;247;land;false;desert;1
12219;139;247;217;land;false;contaminated;2
12220;254;223;228;land;false;plains;1
12221;246;251;255;land;false;plains;7
12222;83;198;232;land;false;plains;7
12223;231;109;135;land;false;forest;7
12224;251;187;250;land;false;plains;7
12225;203;234;106;land;false;plains;7
12226;182;151;254;land;false;plains;7
12227;199;253;245;land;false;urban;5
12228;250;255;233;land;false;plains;7
12229;206;244;66;land;false;mountain;2
12230;221;233;76;land;false;forest;7
12231;81;220;250;land;false;contaminated;2
12232;196;254;193;land;true;desert;5
12233;242;255;250;land;false;plains;7
12234;129;79;241;land;false;plains;7
12235;175;224;253;land;false;plains;7
12236;87;215;66;land;false;plains;7
12237;251;155;168;land;false;plains;7
12238;248;143;143;land;false;plains;7
12239;242;255;244;land;false;plains;7
12240;181;254;184;land;false;forest;5
12241;101;237;87;land;false;plains;5
12242;248;102;102;land;false;plains;7
12243;249;128;115;land;false;plains;6
12244;250;74;49;land;false;contaminated;2
12245;253;209;221;land;false;plains;7
12246;46;243;203;land;false;plains;7
12247;248;88;100;land;true;plains;7
12248;253;149;116;land;false;plains;7
12249;112;247;222;land;false;plains;7
12250;162;230;115;land;false;plains;5
12251;178;253;185;land;false;plains;7
12252;217;248;255;land;false;plains;7
12253;69;216;239;land;true;plains;7
12254;169;224;250;land;false;forest;7
12255;254;222;225;land;false;hills;7
12256;148;68;247;land;false;plains;7
12257;82;217;249;land;false;plains;7
12258;192;252;228;land;false;plains;7
12259;64;121;250;land;false;plains;7
12260;249;233;86;land;false;plains;7
12261;110;245;86;land;false;desert;3
12262;252;246;121;land;false;plains;7
12263;245;166;151;land;false;plains;7
12264;191;253;227;land;true;plains;7
12265;240;68;167;land;false;plains;7
12266;203;65;70;land;false;plains;7
12267;225;106;236;land;false;hills;7
12268;100;246;183;land;false;plains;7
12269;220;48;102;land;false;plains;7
12270;43;227;116;land;false;hills;7
12271;254;242;226;land;false;plains;7
12272;107;245;149;land;true;plains;7
12273;186;241;251;land;false;hills;7
12274;26;63;234;land;false;plains;7
12275;255;199;205;land;true;plains;7
12276;252;218;255;land;true;plains;7
12277;244;253;196;land;false;desert;3
12278;197;250;189;land;false;desert;3
12279;99;89;213;land;false;hills;7
12280;250;145;89;land;false;mountain;2
12281;245;246;255;land;false;plains;7
12282;194;252;230;land;false;forest;5
12283;218;80;99;land;false;hills;7
12284;236;251;182;land;true;plains;6
12285;223;193;68;land;false;plains;7
12286;231;246;155;land;false;plains;3
12287;255;228;231;land;true;forest;7
12288;228;248;255;land;false;plains;7
12289;214;158;255;land;false;plains;7
12290;96;238;124;land;false;plains;7
12291;253;166;231;land;false;forest;7
12292;230;224;66;land;false;forest;6
12293;49;188;230;land;false;forest;7
12294;153;244;143;land;false;forest;7
12295;191;68;240;land;false;plains;7
12296;217;204;253;land;true;plains;5
12297;247;46;16;land;false;plains;7
12298;255;240;227;land;true;marsh;7
12299;188;189;254;land;false;plains;7
12300;103;232;221;land;false;plains;7
12301;218;241;255;land;true;plains;7
12302;36;148;251;land;false;plains;5
12303;247;169;194;land;false;plains;7
12304;228;254;222;land;false;forest;7
12305;255;250;247;land;true;plains;7
12306;233;36;238;land;false;desert;1
12307;152;229;86;land;false;desert;3
12308;241;147;220;land;false;plains;7
12309;167;247;149;land;false;plains;7
12310;69;254;158;land;false;forest;5
12311;171;255;51;land;false;plains;7
12312;172;250;198;land;false;plains;5
12313;224;255;242;land;false;plains;6
12314;249;105;177;land;false;plains;7
12315;96;247;105;land;false;contaminated;2
12316;220;71;84;land;false;desert;5
12317;36;117;252;land;false;plains;6
12318;252;123;129;land;false;plains;7
12319;181;249;157;land;true;forest;3
12320;252;215;160;land;false;mountain;3
12321;249;21;240;land;false;desert;3
12322;208;253;227;land;false;forest;7
12323;231;72;72;land;true;plains;7
12324;255;247;255;land;false;contaminated;2
12325;177;203;251;land;true;desert;1
12326;148;249;34;land;false;hills;4
12327;238;39;124;land;false;contaminated;2
12328;111;225;80;land;false;plains;7
12329;248;129;129;land;false;forest;7
12330;232;159;244;land;false;plains;7
12331;138;101;247;land;false;forest;7
12332;188;163;248;land;false;hills;7
12333;251;224;178;land;false;plains;7
12334;254;68;160;land;true;plains;7
12335;50;211;235;land;true;forest;7
12336;218;218;254;land;true;forest;7
12337;208;254;197;land;false;plains;7
12338;255;241;253;land;true;forest;7
12339;104;114;229;land;false;hills;7
12340;183;224;73;land;false;plains;7
12341;225;250;81;land;false;hills;7
12342;155;246;109;land;false;hills;6
12343;242;24;96;land;false;plains;7
12344;253;252;185;land;false;plains;7
12345;120;202;67;land;false;plains;7
12346;237;116;186;land;false;plains;6
12347;255;236;227;land;false;forest;7
12348;255;233;235;land;false;plains;7
12349;254;221;237;land;false;plains;7
12350;90;243;255;land;true;forest;7
12351;217;178;248;land;false;plains;7
12352;178;200;248;land;true;forest;3
12353;157;140;243;land;false;plains;7
12354;159;52;237;land;false;contaminated;2
12355;141;173;252;land;false;plains;7
12356;74;255;113;land;false;plains;7
12357;240;147;226;land;false;plains;7
12358;115;254;45;land;false;plains;7
12359;247;115;87;land;false;plains;7
12360;254;206;189;land;true;plains;7
12361;129;48;208;land;false;contaminated;2
12362;145;245;152;land;false;plains;7
12363;42;40;241;land;false;plains;7
12364;62;238;132;land;true;plains;7
12365;253;196;203;land;false;forest;5
12366;248;159;254;land;false;desert;1
12367;253;72;93;land;false;marsh;5
12368;86;212;172;land;false;plains;7
12369;120;155;248;land;false;desert;3
12370;220;254;249;land;false;hills;7
12371;248;218;255;land;false;hills;7
12372;225;137;252;land;true;plains;7
12373;251;122;123;land;true;plains;7
12374;231;123;60;land;true;plains;7
12375;8;110;251;land;false;plains;7
12376;45;158;240;land;true;plains;5
12377;242;93;245;land;false;plains;7
12378;255;254;221;land;false;forest;7
12379;213;122;254;land;false;plains;7
12380;163;244;97;land;false;mountain;7
12381;172;253;150;land;false;plains;7
12382;111;239;237;land;false;forest;7
12383;166;166;251;land;true;plains;6
12384;232;92;215;land;false;plains;7
12385;244;236;255;land;false;plains;7
12386;55;255;69;land;false;plains;7
12387;171;197;250;land;false;plains;7
12388;254;243;201;land;false;plains;7
12389;246;133;188;land;false;forest;7
12390;218;251;145;land;false;plains;7
12391;255;146;200;land;false;plains;7
12392;250;181;182;land;true;plains;7
12393;248;111;224;land;false;plains;7
12394;252;186;245;land;false;plains;7
12395;214;104;72;land;false;hills;7
12396;233;126;111;land;false;hills;7
12397;246;67;185;land;false;plains;7
12398;89;225;237;land;false;forest;7
12399;253;158;185;land;false;plains;7
12400;218;151;72;land;false;plains;7
12401;245;99;98;land;true;forest;7
12402;246;171;164;land;false;plains;7
12403;114;240;167;land;false;plains;7
12404;65;237;191;land;false;mountain;5
12405;253;184;223;land;false;plains;7
12406;243;250;113;land;true;forest;7
12407;103;245;197;land;false;plains;7
12408;244;129;205;land;false;hills;7
12409;185;169;249;land;false;hills;7
12410;93;164;250;land;false;plains;6
12411;165;246;154;land;false;contaminated;2
12412;243;254;177;land;false;plains;7
12413;54;87;234;land;false;contaminated;2
12414;247;235;100;land;false;plains;7
12415;163;242;150;land;true;plains;7
12416;44;213;133;land;false;plains;7
12417;224;250;170;land;false;plains;7
12418;187;252;204;land;false;forest;7
12419;250;241;255;land;false;desert;1
12420;113;156;229;land;true;plains;7
12421;241;104;30;land;true;plains;7
12422;123;222;254;land;false;hills;7
12423;196;254;198;land;false;plains;7
12424;253;92;101;land;false;plains;7
12425;133;233;123;land;false;desert;1
12426;236;255;237;land;true;plains;7
12427;208;60;188;land;false;desert;1
12428;140;248;196;land;false;contaminated;2
12429;145;31;252;land;true;plains;7
12430;95;98;243;land;false;forest;7
12431;144;126;235;land;false;plains;3
12432;98;227;158;land;true;plains;7
12433;233;255;238;land;false;hills;5
12434;224;255;252;land;true;urban;1
12435;213;208;253;land;true;plains;7
12436;253;204;242;land;false;forest;5
12437;166;253;168;land;true;plains;7
12438;246;174;125;land;false;plains;7
12439;236;252;203;land;false;plains;7
12440;134;246;170;land;false;plains;7
12441;227;186;101;land;false;forest;5
12442;96;223;227;land;false;plains;7
12443;223;69;68;land;true;urban;5
12444;187;252;170;land;false;plains;5
12445;160;254;118;land;false;plains;7
12446;143;249;236;land;false;plains;7
12447;156;163;246;land;false;mountain;7
12448;199;242;132;land;false;plains;7
12449;253;234;203;land;false;hills;7
12450;76;215;220;land;false;hills;5
12451;100;230;167;land;false;plains;7
12452;246;244;255;land;false;desert;3
12453;219;255;224;land;false;hills;7
12454;231;224;255;land;false;hills;5
12455;246;158;199;land;false;plains;1
12456;214;165;249;land;false;plains;7
12457;248;50;204;land;true;plains;7
12458;125;233;142;land;true;desert;3
12459;255;241;233;land;false;mountain;7
12460;79;18;244;land;false;contaminated;2
12461;174;253;224;land;true;plains;7
12462;255;248;219;land;false;marsh;7
12463;133;247;182;land;false;hills;6
12464;232;201;254;land;true;plains;7
12465;226;253;121;land;false;plains;7
12466;254;214;195;land;false;plains;5
12467;161;252;233;land;false;contaminated;2
12468;143;51;237;land;true;plains;7
12469;252;182;213;land;false;hills;7
12470;205;254;226;land;false;plains;7
12471;172;255;211;land;false;desert;3
12472;232;86;97;land;false;plains;6
12473;197;239;138;land;true;plains;5
12474;33;255;171;land;false;hills;7
12475;239;142;252;land;true;plains;7
12476;239;152;21;land;false;plains;7
12477;164;245;108;land;true;plains;7
12478;96;58;209;land;false;plains;6
12479;196;145;251;land;false;plains;3
12480;197;153;254;land;false;desert;5
12481;246;225;254;land;false;plains;7
12482;146;38;226;land;false;desert;3
12483;236;246;255;land;false;desert;1
12484;245;252;137;land;false;plains;7
12485;215;254;216;land;true;desert;3
12486;238;69;219;land;false;plains;7
12487;103;251;173;land;false;hills;3
12488;242;148;189;land;true;marsh;5
12489;209;99;234;land;false;plains;7
12490;137;68;218;land;false;plains;7
12491;148;222;73;land;false;plains;7
12492;249;152;187;land;false;hills;7
12493;200;253;230;land;false;plains;7
12494;172;251;230;land;false;plains;7
12495;222;248;174;land;false;hills;3
12496;145;253;161;land;false;plains;7
12497;231;202;85;land;false;mountain;5
12498;162;243;131;land;true;desert;3
12499;90;220;134;land;false;plains;7
12500;239;103;125;land;false;desert;3
12501;244;206;41;land;false;hills;6
12502;100;249;129;land;false;mountain;2
12503;240;105;23;land;true;desert;3
12504;251;179;247;land;false;plains;7
12505;210;254;221;land;true;marsh;7
12506;202;240;30;land;true;plains;7
12507;35;251;83;land;false;plains;7
12508;71;216;76;land;false;forest;5
12509;172;242;255;land;false;plains;7
12510;252;175;199;land;true;plains;7
12511;52;80;244;land;false;forest;7
12512;245;255;236;land;false;mountain;7
12513;232;255;234;land;true;plains;7
12514;212;240;135;land;false;contaminated;2
12515;198;245;130;land;false;plains;7
12516;146;253;74;land;false;plains;7
12517;180;249;111;land;false;desert;3
12518;251;97;163;land;false;plains;7
12519;135;76;254;land;false;desert;3
12520;232;253;205;land;false;plains;5
12521;197;254;183;land;false;plains;7
12522;254;189;216;land;false;plains;7
12523;252;225;124;land;false;contaminated;2
12524;181;147;244;land;false;plains;7
12525;249;171;248;land;false;plains;7
12526;254;224;163;land;true;plains;7
12527;255;234;230;land;true;plains;7
12528;234;158;79;land;false;plains;7
12529;254;227;206;land;false;plains;7
12530;156;175;255;land;false;plains;7
12531;140;236;112;land;false;plains;7
12532;194;116;61;land;false;plains;7
12533;254;191;214;land;false;plains;7
12534;114;159;232;land;false;plains;7
12535;242;251;255;land;false;plains;7
12536;228;129;49;land;false;plains;7
12537;126;238;199;land;true;plains;7
12538;75;192;243;land;true;plains;7
12539;193;249;154;land;true;forest;7
12540;160;199;249;land;false;plains;7
12541;236;103;80;land;false;desert;5
12542;223;101;121;land;false;mountain;3
12543;140;254;131;land;false;plains;7
12544;41;200;224;land;true;plains;7
12545;174;250;181;land;false;plains;7
12546;239;99;196;land;true;forest;7
12547;200;179;251;land;false;plains;7
12548;237;65;249;land;true;plains;7
12549;212;253;200;land;false;plains;7
12550;248;254;255;land;false;contaminated;2
12551;174;89;245;land;true;marsh;7
12552;247;64;112;land;false;plains;7
12553;239;122;147;land;true;forest;7
12554;65;221;128;land;false;plains;5
12555;254;161;177;land;false;contaminated;2
12556;162;236;253;land;false;plains;7
12557;254;218;216;land;false;plains;7
12558;130;249;170;land;false;plains;7
12559;243;223;114;land;false;plains;7
12560;250;239;104;land;false;forest;7
12561;233;165;246;land;true;plains;7
12562;35;243;23;land;false;plains;7
12563;254;54;101;land;false;hills;7
12564;80;238;127;land;true;desert;5
12565;255;91;125;land;true;forest;7
12566;212;241;131;land;false;plains;7
12567;61;242;125;land;false;plains;7
12568;244;149;169;land;false;plains;7
12569;231;155;252;land;true;plains;7
12570;255;241;239;land;true;plains;7
12571;89;250;219;land;false;plains;7
12572;240;165;116;land;true;plains;7
12573;143;242;215;land;false;plains;7
12574;145;245;78;land;true;plains;7
12575;223;198;253;land;false;mountain;5
12576;252;255;229;land;false;desert;1
12577;245;136;23;land;false;mountain;1
12578;92;171;254;land;false;desert;3
12579;246;251;181;land;false;contaminated;2
12580;174;242;141;land;false;contaminated;2
12581;68;226;90;land;false;contaminated;2
12582;58;116;251;land;false;plains;7
12583;250;243;255;land;false;desert;3
12584;248;27;171;land;false;desert;5
12585;255;252;248;land;false;forest;7
12586;177;248;253;land;false;hills;7
12587;253;156;133;land;false;plains;7
12588;248;193;97;land;false;desert;3
12589;149;222;92;land;true;plains;7
12590;88;231;91;land;true;forest;7
12591;229;223;101;land;true;plains;7
12592;156;235;74;land;false;forest;7
12593;241;249;255;land;true;plains;7
12594;237;246;255;land;false;desert;3
12595;196;254;205;land;false;plains;7
12596;255;237;249;land;false;plains;7
12597;253;207;199;land;true;plains;7
12598;242;94;110;land;false;desert;3
12599;231;251;173;land;true;plains;7
12600;89;235;136;land;false;plains;7
12601;250;238;188;land;true;desert;3
12602;255;237;228;land;false;hills;6
12603;167;250;211;land;false;plains;7
12604;228;204;255;land;false;plains;7
12605;39;141;249;land;true;plains;7
12606;184;190;253;land;false;desert;3
12607;187;176;254;land;false;plains;7
12608;239;137;221;land;false;plains;7
12609;207;235;84;land;false;hills;7
12610;48;212;208;land;false;plains;7
12611;193;169;253;land;true;plains;7
12612;100;247;162;land;true;plains;7
12613;107;78;236;land;false;plains;7
12614;209;253;196;land;false;forest;6
12615;228;139;114;land;false;plains;1
12616;218;121;96;land;false;hills;7
12617;85;99;242;land;false;mountain;3
12618;223;252;254;land;false;plains;5
12619;250;251;158;land;false;plains;7
12620;206;62;245;land;false;plains;7
12621;199;240;109;land;false;desert;3
12622;251;164;187;land;false;plains;7
12623;184;253;241;land;false;forest;7
12624;209;242;253;land;false;contaminated;2
12625;115;217;253;land;false;plains;7
12626;255;199;171;land;true;plains;7
12627;247;54;128;land;false;plains;7
12628;39;251;134;land;false;plains;7
12629;178;248;164;land;false;plains;7
12630;220;212;99;land;false;plains;7
12631;96;240;202;land;true;plains;7
12632;252;192;234;land;false;plains;7
12633;72;219;69;land;false;plains;7
12634;56;72;227;land;false;contaminated;2
12635;49;92;253;land;false;contaminated;2
12636;35;238;217;land;false;plains;7
12637;255;240;223;land;false;plains;7
12638;229;162;249;land;true;plains;7
12639;250;218;144;land;false;plains;6
12640;119;44;231;land;false;plains;7
12641;215;83;122;land;true;plains;6
12642;246;244;147;land;true;forest;7
12643;251;254;44;land;false;hills;7
12644;249;111;114;land;false;plains;7
12645;236;188;120;land;false;plains;7
12646;254;215;248;land;true;plains;7
12647;249;229;57;land;false;plains;7
12648;137;183;245;land;true;plains;7
12649;108;134;252;land;false;forest;5
12650;204;89;214;land;false;desert;3
12651;241;138;210;land;false;plains;7
12652;126;209;234;land;true;plains;7
12653;252;215;163;land;false;plains;7
12654;205;254;238;land;false;desert;3
12655;137;106;226;land;false;plains;7
12656;213;223;254;land;true;plains;7
12657;244;166;149;land;false;plains;7
12658;231;150;243;land;false;plains;7
12659;202;228;92;land;false;plains;7
12660;135;238;148;land;true;forest;7
12661;236;255;231;land;true;plains;7
12662;186;244;254;land;false;plains;7
12663;246;220;142;land;true;plains;7
12664;209;222;255;land;false;plains;7
12665;246;253;159;land;false;plains;7
12666;217;254;235;land;true;forest;7
12667;117;99;226;land;false;plains;7
12668;238;49;38;land;false;desert;5
12669;255;249;252;land;false;forest;5
12670;253;192;242;land;false;plains;7
12671;252;211;254;land;false;plains;7
12672;83;209;185;land;true;plains;7
12673;93;255;154;land;false;plains;7
12674;224;164;250;land;false;plains;7
12675;215;234;101;land;true;forest;7
12676;114;171;229;land;true;plains;7
12677;255;236;246;land;false;plains;7
12678;140;242;210;land;false;mountain;7
12679;105;244;133;land;true;plains;7
12680;136;15;247;land;true;plains;7
12681;252;164;130;land;false;desert;3
12682;245;218;255;land;false;plains;7
12683;254;228;217;land;true;desert;3
12684;243;92;152;land;false;plains;7
12685;220;216;254;land;false;mountain;3
12686;249;170;140;land;false;plains;7
12687;246;255;251;land;true;plains;7
12688;209;253;211;land;false;forest;7
12689;138;218;242;land;false;forest;7
12690;108;189;229;land;false;plains;7
12691;222;66;86;land;false;plains;7
12692;13;98;246;land;false;forest;5
12693;184;204;61;land;false;plains;7
12694;156;244;155;land;false;plains;7
12695;255;217;216;land;false;desert;3
12696;215;151;62;land;false;plains;7
12697;92;246;232;land;false;plains;7
12698;217;182;95;land;true;plains;7
12699;254;221;217;land;false;hills;7
12700;38;227;188;land;false;plains;7
12701;251;218;83;land;false;plains;7
12702;253;118;78;land;false;plains;7
12703;135;178;245;land;false;plains;7
12704;81;207;62;land;false;plains;7
12705;192;252;248;land;false;forest;7
12706;176;234;127;land;false;plains;7
12707;150;246;217;land;true;forest;7
12708;242;141;206;land;false;plains;7
12709;233;98;139;land;false;forest;7
12710;197;155;250;land;false;plains;7
12711;128;45;224;land;true;plains;7
12712;97;237;102;land;false;plains;7
12713;53;212;228;land;false;plains;7
12714;80;222;166;land;false;hills;7
12715;220;48;215;land;false;plains;6
12716;249;250;166;land;false;plains;7
12717;70;226;67;land;false;plains;7
12718;178;174;254;land;false;plains;7
12719;52;217;194;land;false;plains;7
12720;251;129;64;land;false;plains;7
12721;247;168;169;land;true;forest;1
12722;253;204;239;land;false;plains;7
12723;111;169;249;land;false;desert;3
12724;235;252;255;land;false;plains;7
12725;58;201;87;land;false;contaminated;2
12726;238;122;235;land;false;hills;7
12727;194;255;224;land;false;contaminated;2
12728;13;245;204;land;true;plains;7
12729;227;109;211;land;false;plains;7
12730;255;216;171;land;false;plains;7
12731;37;234;67;land;false;plains;7
12732;202;255;214;land;true;plains;5
12733;76;33;232;land;false;forest;5
12734;89;227;87;land;false;plains;7
12735;96;250;251;land;false;hills;7
12736;93;231;195;land;false;plains;7
12737;248;210;254;land;false;plains;7
12738;129;240;194;land;false;forest;5
12739;246;248;171;land;false;plains;5
12740;241;139;90;land;true;plains;6
12741;165;249;106;land;false;forest;7
12742;129;185;245;land;false;hills;3
12743;243;253;209;land;false;forest;7
12744;200;132;253;land;false;contaminated;2
12745;239;213;99;land;true;forest;7
12746;246;153;202;land;false;hills;7
12747;249;251;255;land;false;forest;5
12748;252;174;230;land;true;plains;7
12749;179;251;172;land;false;plains;7
12750;108;119;238;land;false;plains;7
12751;253;247;187;land;false;plains;7
12752;253;175;179;land;false;plains;7
12753;63;97;220;land;false;plains;7
12754;243;255;226;land;false;plains;7
12755;253;163;213;land;false;plains;1
12756;254;190;170;land;false;forest;6
12757;252;111;216;land;false;hills;3
12758;88;97;217;land;false;hills;7
12759;249;255;255;land;false;plains;7
12760;140;255;219;land;false;plains;7
12761;143;128;250;land;false;plains;7
12762;217;106;63;land;false;contaminated;2
12763;205;75;135;land;false;plains;5
12764;156;106;251;land;false;plains;7
12765;137;246;151;land;false;plains;7
12766;167;254;198;land;false;contaminated;2
12767;244;250;177;land;false;plains;7
12768;107;57;203;land;false;plains;7
12769;215;244;96;land;false;forest;7
12770;244;190;68;land;false;plains;7
12771;160;72;234;land;false;plains;7
12772;42;139;217;land;false;hills;7
12773;252;156;208;land;false;plains;7
12774;157;255;240;land;false;contaminated;2
12775;89;241;75;land;false;plains;7
12776;197;69;133;land;false;mountain;7
12777;227;252;178;land;false;plains;7
12778;223;43;152;land;true;forest;7
12779;138;95;228;land;false;plains;7
12780;230;255;245;land;false;hills;7
12781;199;254;203;land;false;plains;7
12782;255;223;241;land;false;hills;7
12783;111;171;227;land;false;plains;7
12784;251;171;113;land;false;hills;7
12785;142;250;204;land;true;marsh;7
12786;210;134;79;land;true;plains;7
12787;220;75;249;land;false;plains;7
12788;159;246;85;land;true;plains;7
12789;244;252;165;land;false;plains;7
12790;253;209;225;land;true;plains;6
12791;254;208;139;land;false;plains;7
12792;254;1;55;land;false;plains;7
12793;234;255;244;land;false;mountain;3
12794;231;224;254;land;true;forest;7
12795;222;254;214;land;true;plains;7
12796;184;246;68;land;false;plains;7
12797;244;106;243;land;false;plains;7
12798;33;245;40;land;false;plains;7
12799;208;75;114;land;false;forest;7
12800;247;209;168;land;false;forest;7
12801;126;206;251;land;true;plains;5
12802;138;234;245;land;false;plains;7
12803;126;203;237;land;false;desert;3
12804;142;240;210;land;true;plains;7
12805;236;239;135;land;true;plains;7
12806;232;255;229;land;false;plains;7
12807;66;242;220;land;true;plains;7
12808;99;220;175;land;true;plains;7
12809;247;248;149;land;false;desert;3
12810;252;162;195;land;false;plains;7
12811;64;88;241;land;false;plains;7
12812;210;189;58;land;false;plains;7
12813;202;77;58;land;true;marsh;7
12814;97;187;246;land;false;hills;2
12815;246;255;243;land;false;plains;7
12816;248;165;182;land;false;plains;7
12817;254;237;218;land;false;mountain;2
12818;224;250;186;land;false;plains;7
12819;203;207;255;land;false;plains;7
12820;252;254;142;land;false;plains;7
12821;114;227;238;land;true;plains;7
12822;247;80;54;land;false;plains;7
12823;149;248;240;land;false;plains;7
12824;245;255;202;land;false;plains;7
12825;198;215;252;land;false;desert;3
12826;156;244;177;land;false;plains;7
12827;255;201;166;land;true;desert;1
12828;254;172;166;land;true;plains;7
12829;195;252;242;land;false;plains;7
12830;157;230;89;land;false;desert;1
12831;230;172;87;land;false;plains;7
12832;137;136;243;land;false;plains;5
12833;154;252;238;land;false;mountain;7
12834;213;221;67;land;false;forest;7
12835;254;187;245;land;false;plains;7
12836;254;126;149;land;false;contaminated;2
12837;251;253;191;land;false;desert;3
12838;233;158;106;land;false;plains;7
12839;67;212;136;land;false;plains;7
12840;233;243;255;land;false;plains;7
12841;130;237;59;land;true;plains;7
12842;194;250;100;land;true;desert;5
12843;252;237;171;land;false;plains;7
12844;202;252;252;land;false;hills;7
12845;180;250;209;land;false;plains;7
12846;139;238;207;land;true;plains;7
12847;239;245;102;land;false;forest;5
12848;240;236;255;land;false;desert;5
12849;252;255;252;land;true;plains;7
12850;159;250;240;land;false;mountain;5
12851;148;225;94;land;true;desert;3
12852;255;136;209;land;true;plains;7
12853;206;70;115;land;false;plains;7
12854;255;211;242;land;false;plains;7
12855;140;251;91;land;false;plains;7
12856;42;99;219;land;false;hills;7
12857;250;247;255;land;false;desert;3
12858;249;83;158;land;false;hills;6
12859;126;140;254;land;false;plains;7
12860;249;255;242;land;true;plains;7
12861;235;239;255;land;false;plains;7
12862;255;253;242;land;false;desert;3
12863;199;103;244;land;false;mountain;2
12864;163;157;248;land;false;contaminated;2
12865;209;186;254;land;true;plains;7
12866;124;238;169;land;false;plains;7
12867;253;60;246;land;false;contaminated;2
12868;134;64;204;land;false;plains;1
12869;237;134;141;land;false;forest;7
12870;182;253;231;land;true;plains;7
12871;244;70;58;land;false;plains;7
12872;211;196;251;land;false;plains;7
12873;234;220;254;land;false;forest;5
12874;239;231;255;land;false;plains;7
12875;199;254;197;land;false;plains;7
12876;196;72;200;land;false;hills;3
12877;172;207;248;land;false;hills;5
12878;230;45;30;land;false;urban;2
12879;70;231;234;land;false;plains;7
12880;130;236;222;land;false;plains;6
12881;236;79;38;land;false;desert;3
12882;183;250;243;land;false;hills;3
12883;55;166;212;land;false;hills;7
12884;215;76;74;land;true;plains;7
12885;248;175;60;land;false;plains;7
12886;164;199;248;land;true;plains;7
12887;234;162;54;land;true;marsh;7
12888;144;178;243;land;false;plains;7
12889;111;247;185;land;true;plains;7
12890;171;253;120;land;false;plains;7
12891;175;195;253;land;false;plains;7
12892;221;246;254;land;false;plains;7
12893;241;217;255;land;false;plains;7
12894;226;218;98;land;false;plains;2
12895;218;209;253;land;false;forest;6
12896;99;238;179;land;false;hills;7
12897;240;159;107;land;false;plains;7
12898;178;254;217;land;false;forest;7
12899;66;227;212;land;true;plains;6
12900;98;241;128;land;false;plains;7
12901;252;229;255;land;true;plains;7
12902;239;255;234;land;false;plains;7
12903;112;158;247;land;false;mountain;3
12904;107;238;159;land;false;forest;7
12905;157;196;64;land;false;plains;7
12906;106;170;248;land;true;plains;7
12907;109;125;230;land;false;hills;7
12908;163;99;253;land;false;plains;7
12909;179;234;107;land;true;plains;7
12910;119;61;212;land;false;plains;7
12911;170;239;253;land;false;plains;7
12912;254;96;206;land;false;plains;7
12913;101;253;238;land;false;plains;7
12914;190;157;249;land;false;hills;6
12915;236;220;254;land;false;plains;7
12916;37;127;220;land;false;forest;7
12917;106;101;225;land;false;plains;7
12918;167;207;246;land;false;plains;5
12919;249;241;255;land;false;plains;7
12920;223;201;253;land;false;forest;5
12921;198;223;252;land;true;plains;7
12922;169;253;170;land;false;plains;7
12923;227;254;251;land;false;plains;6
12924;183;149;250;land;true;plains;7
12925;231;254;200;land;false;hills;7
12926;251;155;245;land;false;hills;7
12927;59;166;203;land;true;plains;7
12928;209;253;226;land;false;plains;7
12929;251;190;235;land;false;plains;7
12930;12;130;253;land;false;plains;5
12931;240;11;252;land;false;plains;7
12932;253;208;225;land;false;forest;5
12933;117;81;218;land;false;contaminated;2
12934;171;132;248;land;false;plains;7
12935;105;251;168;land;false;plains;7
12936;164;205;251;land;true;plains;7
12937;255;67;144;land;false;desert;3
12938;102;249;142;land;true;plains;7
12939;252;165;223;land;false;plains;7
12940;213;227;253;land;false;plains;5
12941;234;97;168;land;false;plains;7
12942;99;144;254;land;false;plains;7
12943;9;15;246;land;true;plains;7
12944;136;44;225;land;false;plains;7
12945;255;246;230;land;false;hills;7
12946;231;255;211;land;false;hills;5
12947;254;226;230;land;true;plains;5
12948;255;234;229;land;false;plains;7
12949;226;254;213;land;false;plains;7
12950;254;184;241;land;false;plains;7
12951;244;161;143;land;true;plains;7
12952;255;206;212;land;false;plains;7
12953;219;227;255;land;false;hills;7
12954;165;231;102;land;false;plains;7
12955;237;238;255;land;false;plains;5
12956;143;254;158;land;false;plains;7
12957;235;226;122;land;false;plains;7
12958;48;245;204;land;false;plains;7
12959;227;114;245;land;false;plains;7
12960;141;150;245;land;true;plains;7
12961;64;235;226;land;false;plains;7
12962;253;183;174;land;false;forest;7
12963;64;77;231;land;true;plains;7
12964;125;249;87;land;false;plains;7
12965;123;238;228;land;false;forest;7
12966;70;107;217;land;false;desert;3
12967;169;205;62;land;true;forest;7
12968;239;40;160;land;false;plains;7
12969;213;222;254;land;false;plains;7
12970;101;239;210;land;true;plains;7
12971;90;87;241;land;false;plains;5
12972;251;186;166;land;false;forest;7
12973;87;78;239;land;false;plains;7
12974;170;251;60;land;false;desert;1
12975;91;80;251;land;false;forest;7
12976;236;120;195;land;true;desert;3
12977;243;253;195;land;false;forest;7
12978;215;238;253;land;false;plains;7
12979;234;58;72;land;false;plains;7
12980;197;237;117;land;false;desert;1
12981;191;204;63;land;false;desert;6
12982;96;247;229;land;false;desert;5
12983;158;244;189;land;false;plains;7
12984;140;250;236;land;false;marsh;5
12985;254;16;37;land;false;urban;5
12986;227;254;229;land;false;plains;7
12987;117;219;82;land;false;mountain;3
12988;167;252;126;land;false;hills;7
12989;244;92;208;land;false;plains;7
12990;253;223;210;land;false;desert;3
12991;241;255;232;land;false;desert;3
12992;248;99;99;land;true;plains;7
12993;129;145;251;land;false;forest;7
12994;107;223;245;land;false;desert;3
12995;242;141;153;land;false;plains;5
12996;188;187;254;land;false;forest;7
12997;252;35;110;land;true;forest;3
12998;249;107;235;land;true;plains;7
12999;38;53;249;land;true;plains;7
13000;171;152;242;land;false;plains;7
13001;91;76;240;land;false;plains;7
13002;250;231;155;land;false;forest;5
13003;159;252;160;land;false;plains;7
13004;192;232;252;land;true;plains;7
13005;217;127;240;land;true;plains;7
13006;234;181;254;land;false;plains;7
13007;251;249;197;land;false;marsh;5
13008;85;187;237;land;false;hills;7
13009;255;241;249;land;false;plains;7
13010;127;238;111;land;false;plains;7
13011;236;214;134;land;false;marsh;5
13012;238;211;119;land;false;plains;7
13013;246;255;244;land;false;hills;7
13014;113;243;252;land;false;plains;7
13015;249;152;156;land;false;plains;7
13016;245;144;245;land;false;plains;7
13017;89;218;49;land;true;plains;7
13018;253;227;208;land;true;plains;5
13019;91;138;242;land;true;desert;3
13020;155;110;237;land;false;plains;3
13021;161;252;174;land;false;plains;7
13022;173;60;214;land;false;plains;7
13023;228;254;229;land;true;marsh;7
13024;234;127;162;land;true;hills;5
13025;178;108;231;land;true;plains;7
13026;239;146;121;land;false;mountain;3
13027;241;136;206;land;false;plains;7
13028;238;121;113;land;false;contaminated;2
13029;226;255;222;land;false;forest;1
13030;46;57;0;sea;true;ocean;0
13031;4;71;61;sea;false;ocean;0
13032;31;46;2;sea;true;ocean;0
13033;9;3;56;sea;true;ocean;0
13034;6;90;73;sea;true;ocean;0
13035;6;86;45;sea;true;ocean;0
13036;3;19;71;sea;false;ocean;0
13037;87;5;80;sea;false;ocean;0
13038;1;13;28;sea;false;ocean;0
13039;74;5;26;sea;false;ocean;0
13040;2;57;38;sea;false;ocean;0
13041;2;53;31;sea;true;ocean;0
13042;31;1;11;sea;true;ocean;0
13043;52;0;3;sea;false;ocean;0
13044;9;50;2;sea;false;ocean;0
13045;20;0;23;sea;true;ocean;0
13046;27;45;0;sea;false;ocean;0
13047;74;5;82;sea;false;ocean;0
13048;0;6;21;sea;false;ocean;0
13049;51;60;2;sea;false;ocean;0
13050;26;5;86;sea;false;ocean;0
13051;14;0;49;sea;false;ocean;0
13052;59;62;2;sea;false;ocean;0
13053;37;19;1;sea;true;ocean;0
13054;70;4;52;sea;false;ocean;0
13055;1;64;9;sea;false;ocean;0
13056;3;53;8;sea;true;ocean;0
13057;0;29;53;sea;true;ocean;0
13058;0;23;37;sea;false;ocean;0
13059;46;9;92;sea;false;ocean;0
13060;44;0;79;sea;false;ocean;0
13061;30;0;30;sea;false;ocean;0
13062;11;2;44;sea;false;ocean;0
13063;13;73;5;sea;true;ocean;0
13064;38;1;37;sea;false;ocean;0
13065;1;45;37;sea;true;ocean;0
13066;5;54;79;sea;false;ocean;0
13067;13;46;1;sea;true;ocean;0
13068;8;28;0;sea;false;ocean;0
13069;10;87;3;sea;true;ocean;0
13070;71;91;5;sea;false;ocean;0
13071;61;2;39;sea;true;ocean;0
13072;14;0;47;sea;false;ocean;0
13073;10;47;92;sea;true;ocean;0
13074;2;47;99;sea;false;ocean;0
13075;50;0;22;sea;true;ocean;0
13076;3;70;44;sea;false;ocean;0
13077;56;68;4;sea;false;ocean;0
13078;24;0;9;sea;true;ocean;0
13079;31;0;7;sea;true;ocean;0
13080;0;24;31;sea;false;ocean;0
13081;47;1;24;sea;false;ocean;0
13082;3;67;54;sea;true;ocean;0
13083;6;26;1;sea;false;ocean;0
13084;1;23;28;sea;false;ocean;0
13085;35;1;1;sea;true;ocean;0
13086;39;45;2;sea;true;ocean;0
13087;27;0;32;sea;false;ocean;0
13088;90;47;4;sea;false;ocean;0
13089;0;27;24;sea;true;ocean;0
13090;60;49;1;sea;false;ocean;0
13091;67;27;3;sea;false;ocean;0
13092;21;1;0;sea;false;ocean;0
13093;72;58;5;sea;true;ocean;0
13094;3;58;65;sea;true;ocean;0
13095;31;1;37;sea;true;ocean;0
13096;3;60;37;sea;false;ocean;0
13097;25;60;3;sea;true;ocean;0
13098;53;56;2;sea;false;ocean;0
13099;0;42;1;sea;false;ocean;0
13100;74;59;4;sea;false;ocean;0
13101;43;1;8;sea;false;ocean;0
13102;49;39;1;sea;true;ocean;0
13103;2;28;62;sea;false;ocean;0
13104;64;4;23;sea;true;ocean;0
13105;72;2;53;sea;true;ocean;0
13106;0;2;28;sea;true;ocean;0
13107;2;71;35;sea;false;ocean;0
13108;5;84;33;sea;true;ocean;0
13109;39;59;1;sea;false;ocean;0
13110;3;81;5;sea;false;ocean;0
13111;4;38;61;sea;false;ocean;0
13112;95;1;18;sea;false;ocean;0
13113;71;1;68;sea;false;ocean;0
13114;97;3;12;sea;true;ocean;0
13115;34;3;96;sea;true;ocean;0
13116;13;65;1;sea;false;ocean;0
13117;26;10;1;sea;false;ocean;0
13118;95;6;76;sea;true;ocean;0
13119;1;67;20;sea;false;ocean;0
13120;30;0;51;sea;false;ocean;0
13121;31;18;1;sea;true;ocean;0
13122;1;26;22;sea;false;ocean;0
13123;60;8;3;sea;true;ocean;0
13124;68;5;19;sea;true;ocean;0
13125;57;59;1;sea;true;ocean;0
13126;67;3;80;sea;false;ocean;0
13127;3;59;67;sea;false;ocean;0
13128;1;31;33;sea;false;ocean;0
13129;42;0;71;sea;true;ocean;0
13130;3;10;79;sea;false;ocean;0
13131;12;2;74;sea;true;ocean;0
13132;0;47;14;sea;false;ocean;0
13133;2;59;45;sea;true;ocean;0
13134;55;3;44;sea;false;ocean;0
13135;52;1;92;sea;true;ocean;0
13136;63;2;46;sea;false;ocean;0
13137;0;53;56;sea;true;ocean;0
13138;1;41;37;sea;true;ocean;0
13139;1;25;78;sea;true;ocean;0
13140;22;0;15;sea;true;ocean;0
13141;2;57;25;sea;false;ocean;0
13142;0;26;13;sea;false;ocean;0
13143;41;2;58;sea;true;ocean;0
13144;70;2;39;sea;false;ocean;0
13145;2;64;23;sea;false;ocean;0
13146;84;3;27;sea;true;ocean;0
13147;4;17;91;sea;true;ocean;0
13148;1;25;16;sea;false;ocean;0
13149;38;1;3;sea;true;ocean;0
13150;10;1;32;sea;false;ocean;0
13151;1;44;38;sea;false;ocean;0
13152;0;25;2;sea;false;ocean;0
13153;1;4;64;sea;true;ocean;0
13154;0;62;33;sea;false;ocean;0
13155;6;0;63;sea;true;ocean;0
13156;2;46;39;sea;true;ocean;0
13157;53;9;0;sea;true;ocean;0
13158;0;39;45;sea;true;ocean;0
13159;0;23;31;sea;true;ocean;0
13160;2;2;60;sea;false;ocean;0
13161;4;63;66;sea;false;ocean;0
13162;23;0;11;sea;false;ocean;0
13163;76;1;14;sea;false;ocean;0
13164;0;23;3;sea;false;ocean;0
13165;31;38;0;sea;true;ocean;0
13166;39;50;1;sea;true;ocean;0
13167;1;12;31;sea;true;ocean;0
13168;22;0;18;sea;false;ocean;0
13169;1;45;8;sea;false;ocean;0
13170;28;38;1;sea;false;ocean;0
13171;0;86;30;sea;false;ocean;0
13172;5;1;53;sea;false;ocean;0
13173;10;25;0;sea;false;ocean;0
13174;2;37;45;sea;true;ocean;0
13175;24;0;97;sea;true;ocean;0
13176;54;59;0;sea;true;ocean;0
13177;0;22;29;sea;true;ocean;0
13178;52;2;32;sea;true;ocean;0
13179;0;22;9;sea;false;ocean;0
13180;47;6;78;sea;false;ocean;0
13181;21;0;14;sea;false;ocean;0
13182;1;60;97;sea;true;ocean;0
13183;93;21;0;sea;false;ocean;0
13184;86;2;70;sea;true;ocean;0
13185;0;43;76;sea;true;ocean;0
13186;1;40;20;sea;true;ocean;0
13187;2;46;22;sea;false;ocean;0
13188;71;26;3;sea;false;ocean;0
13189;67;88;8;sea;false;ocean;0
13190;38;1;60;sea;false;ocean;0
13191;63;50;1;sea;false;ocean;0
13192;85;12;6;sea;false;ocean;0
13193;63;2;69;sea;false;ocean;0
13194;82;4;57;sea;false;ocean;0
13195;23;68;5;sea;false;ocean;0
13196;50;75;4;sea;false;ocean;0
13197;46;1;71;sea;false;ocean;0
13198;32;0;9;sea;true;ocean;0
13199;59;57;4;sea;true;ocean;0
13200;31;37;0;sea;false;ocean;0
13201;4;93;65;sea;false;ocean;0
13202;19;1;27;sea;false;ocean;0
13203;6;28;75;sea;false;ocean;0
13204;0;18;28;sea;false;ocean;0
13205;0;11;26;sea;false;ocean;0
13206;61;78;5;sea;true;ocean;0
13207;91;6;52;sea;true;ocean;0
13208;4;55;63;sea;true;ocean;0
13209;22;0;47;sea;false;ocean;0
13210;0;45;26;sea;true;ocean;0
13211;78;84;4;sea;true;ocean;0
13212;67;9;4;sea;false;ocean;0
13213;79;6;75;sea;false;ocean;0
13214;71;19;6;sea;true;ocean;0
13215;25;74;5;sea;true;ocean;0
13216;39;28;0;sea;false;ocean;0
13217;2;12;59;sea;false;ocean;0
13218;63;2;24;sea;false;ocean;0
13219;28;32;0;sea;false;ocean;0
13220;78;4;59;sea;false;ocean;0
13221;75;4;44;sea;false;ocean;0
13222;5;38;69;sea;false;ocean;0
13223;55;48;3;sea;false;ocean;0
13224;7;31;86;sea;false;ocean;0
13225;64;4;59;sea;false;ocean;0
13226;0;25;49;sea;true;ocean;0
13227;1;44;81;sea;false;ocean;0
13228;19;1;29;sea;false;ocean;0
13229;11;62;3;sea;false;ocean;0
13230;36;1;38;sea;false;ocean;0
13231;66;3;91;sea;false;ocean;0
13232;96;6;29;sea;false;ocean;0
13233;85;0;25;sea;true;ocean;0
13234;33;6;1;sea;false;ocean;0
13235;40;1;8;sea;false;ocean;0
13236;77;5;76;sea;false;ocean;0
13237;2;12;95;sea;false;ocean;0
13238;3;67;80;sea;true;ocean;0
13239;20;68;3;sea;true;ocean;0
13240;4;28;95;sea;true;ocean;0
13241;1;49;48;sea;true;ocean;0
13242;5;2;52;sea;true;ocean;0
13243;43;4;1;sea;true;ocean;0
13244;2;2;41;sea;false;ocean;0
13245;26;2;47;sea;false;ocean;0
13246;2;66;69;sea;false;ocean;0
13247;61;2;17;sea;true;ocean;0
13248;44;39;2;sea;true;ocean;0
13249;4;84;93;sea;true;ocean;0
13250;22;0;16;sea;false;ocean;0
13251;4;3;52;sea;false;ocean;0
13252;51;74;3;sea;true;ocean;0
13253;70;92;6;sea;true;ocean;0
13254;61;31;3;sea;false;ocean;0
13255;5;73;36;sea;true;ocean;0
13256;81;2;25;sea;true;ocean;0
13257;2;21;54;sea;true;ocean;0
13258;33;36;0;sea;false;ocean;0
13259;1;3;80;sea;true;ocean;0
13260;94;47;1;sea;false;ocean;0
13261;69;56;5;sea;true;ocean;0
13262;73;66;3;sea;false;ocean;0
13263;0;93;24;sea;false;ocean;0
13264;14;1;34;sea;false;ocean;0
13265;20;1;40;sea;true;ocean;0
13266;11;26;0;sea;true;ocean;0
13267;26;46;2;sea;true;ocean;0
13268;6;77;43;sea;false;ocean;0
13269;66;28;2;sea;false;ocean;0
13270;0;6;20;sea;true;ocean;0
13271;5;55;87;sea;true;ocean;0
13272;2;39;0;sea;true;ocean;0
13273;69;3;68;sea;false;ocean;0
13274;59;68;5;sea;true;ocean;0
13275;79;1;14;sea;true;ocean;0
13276;88;49;5;sea;true;ocean;0
13277;5;39;74;sea;false;ocean;0
13278;12;25;0;sea;false;ocean;0
13279;86;7;83;sea;true;ocean;0
13280;68;55;1;sea;false;ocean;0
13281;0;61;44;sea;true;ocean;0
13282;78;6;71;sea;false;ocean;0
13283;45;75;6;sea;false;ocean;0
13284;1;26;43;sea;true;ocean;0
13285;0;25;32;sea;false;ocean;0
13286;72;95;5;sea;false;ocean;0
13287;60;2;2;sea;true;ocean;0
13288;63;1;68;sea;true;ocean;0
13289;3;35;76;sea;true;ocean;0
13290;1;14;48;sea;false;ocean;0
13291;8;89;88;sea;true;ocean;0
13292;42;1;47;sea;false;ocean;0
13293;1;16;98;sea;false;ocean;0
13294;85;4;10;sea;false;ocean;0
13295;60;61;2;sea;false;ocean;0
13296;88;29;8;sea;false;ocean;0
13297;2;45;17;sea;true;ocean;0
13298;30;1;36;sea;true;ocean;0
13299;0;66;56;sea;false;ocean;0
13300;5;78;97;sea;true;ocean;0
13301;1;68;3;sea;true;ocean;0
13302;1;1;39;sea;true;ocean;0
13303;1;49;14;sea;true;ocean;0
13304;55;33;2;sea;false;ocean;0
13305;52;1;37;sea;true;ocean;0
13306;13;0;20;sea;true;ocean;0
13307;48;48;2;sea;false;ocean;0
13308;1;38;45;sea;false;ocean;0
13309;70;5;96;sea;false;ocean;0
13310;3;76;94;sea;false;ocean;0
13311;94;7;88;sea;true;ocean;0
13312;48;47;2;sea;false;ocean;0
13313;42;3;2;sea;true;ocean;0
13314;93;1;22;sea;true;ocean;0
13315;57;74;1;sea;false;ocean;0
13316;9;90;48;sea;false;ocean;0
13317;68;6;4;sea;true;ocean;0
13318;2;31;59;sea;false;ocean;0
13319;48;1;61;sea;false;ocean;0
13320;42;31;2;sea;true;ocean;0
13321;65;7;84;sea;false;ocean;0
13322;9;52;2;sea;true;ocean;0
13323;65;79;2;sea;false;ocean;0
13324;86;2;4;sea;false;ocean;0
13325;64;5;68;sea;false;ocean;0
13326;0;36;60;sea;true;ocean;0
13327;76;65;4;sea;false;ocean;0
13328;47;66;1;sea;false;ocean;0
13329;33;66;3;sea;true;ocean;0
13330;5;85;68;sea;false;ocean;0
13331;16;0;25;sea;false;ocean;0
13332;44;0;32;sea;false;ocean;0
13333;23;0;29;sea;false;ocean;0
13334;0;65;75;sea;true;ocean;0
13335;19;0;42;sea;false;ocean;0
13336;2;63;4;sea;true;ocean;0
13337;14;1;73;sea;true;ocean;0
13338;70;4;79;sea;false;ocean;0
13339;4;46;65;sea;false;ocean;0
13340;91;48;6;sea;false;ocean;0
13341;73;4;52;sea;false;ocean;0
13342;52;33;2;sea;false;ocean;0
13343;22;0;20;sea;false;ocean;0
13344;39;21;0;sea;false;ocean;0
13345;78;52;2;sea;false;ocean;0
13346;88;8;28;sea;true;ocean;0
13347;2;88;57;sea;false;ocean;0
13348;83;1;79;sea;false;ocean;0
13349;39;1;89;sea;true;ocean;0
13350;63;49;0;sea;true;ocean;0
13351;8;60;3;sea;false;ocean;0
13352;3;23;75;sea;false;ocean;0
13353;27;19;0;sea;false;ocean;0
13354;64;3;56;sea;false;ocean;0
13355;21;15;0;sea;false;ocean;0
13356;56;37;2;sea;false;ocean;0
13357;29;1;5;sea;true;ocean;0
13358;38;1;23;sea;true;ocean;0
13359;11;52;2;sea;true;ocean;0
13360;47;89;6;sea;false;ocean;0
13361;55;2;44;sea;true;ocean;0
13362;33;94;6;sea;false;ocean;0
13363;3;72;92;sea;false;ocean;0
13364;2;22;49;sea;false;ocean;0
13365;1;4;28;sea;false;ocean;0
13366;62;58;3;sea;true;ocean;0
13367;40;3;1;sea;true;ocean;0
13368;23;5;78;sea;true;ocean;0
13369;35;4;90;sea;false;ocean;0
13370;87;6;30;sea;false;ocean;0
13371;0;24;5;sea;false;ocean;0
13372;81;2;64;sea;true;ocean;0
13373;8;58;1;sea;false;ocean;0
13374;48;12;0;sea;false;ocean;0
13375;5;86;15;sea;false;ocean;0
13376;62;50;1;sea;true;ocean;0
13377;1;18;30;sea;true;ocean;0
13378;1;70;19;sea;true;ocean;0
13379;6;95;55;sea;false;ocean;0
13380;53;0;9;sea;true;ocean;0
13381;3;50;59;sea;true;ocean;0
13382;90;31;4;sea;true;ocean;0
13383;8;53;2;sea;false;ocean;0
13384;15;1;59;sea;false;ocean;0
13385;77;65;0;sea;false;ocean;0
13386;17;0;25;sea;true;ocean;0
13387;2;4;89;sea;true;ocean;0
13388;57;41;3;sea;false;ocean;0
13389;0;29;71;sea;true;ocean;0
13390;89;91;0;sea;true;ocean;0
13391;24;43;1;sea;false;ocean;0
13392;83;0;47;sea;false;ocean;0
13393;29;32;0;sea;true;ocean;0
13394;34;6;78;sea;false;ocean;0
13395;64;2;5;sea;true;ocean;0
13396;3;1;66;sea;false;ocean;0
13397;19;62;0;sea;false;ocean;0
13398;46;38;2;sea;true;ocean;0
13399;3;27;73;sea;false;ocean;0
13400;4;9;84;sea;true;ocean;0
13401;22;1;0;sea;false;ocean;0
13402;3;37;72;sea;true;ocean;0
13403;21;3;60;sea;false;ocean;0
13404;21;7;79;sea;false;ocean;0
13405;4;75;61;sea;false;ocean;0
13406;35;27;1;sea;true;ocean;0
13407;55;53;1;sea;false;ocean;0
13408;55;82;5;sea;false;ocean;0
13409;23;51;2;sea;true;ocean;0
13410;1;89;94;sea;true;ocean;0
13411;25;67;4;sea;true;ocean;0
13412;79;1;56;sea;false;ocean;0
13413;0;24;21;sea;false;ocean;0
13414;69;1;46;sea;true;ocean;0
13415;27;0;3;sea;true;ocean;0
13416;21;6;0;sea;false;ocean;0
13417;64;56;0;sea;false;ocean;0
13418;4;74;19;sea;false;ocean;0
13419;34;2;1;sea;true;ocean;0
13420;33;2;98;sea;false;ocean;0
13421;0;33;30;sea;true;ocean;0
13422;3;70;9;sea;false;ocean;0
13423;96;4;67;sea;false;ocean;0
13424;37;89;2;sea;true;ocean;0
13425;27;3;52;sea;false;ocean;0
13426;47;4;59;sea;false;ocean;0
13427;2;15;54;sea;false;ocean;0
13428;11;25;0;sea;false;ocean;0
13429;25;38;1;sea;false;ocean;0
13430;68;1;52;sea;false;ocean;0
13431;8;0;49;sea;true;ocean;0
13432;41;2;0;sea;false;ocean;0
13433;9;46;92;sea;false;ocean;0
13434;51;92;9;sea;false;ocean;0
13435;48;2;34;sea;false;ocean;0
13436;64;4;61;sea;true;ocean;0
13437;23;34;0;sea;false;ocean;0
13438;34;1;28;sea;false;ocean;0
13439;0;15;28;sea;true;ocean;0
13440;49;1;55;sea;true;ocean;0
13441;73;4;62;sea;true;ocean;0
13442;23;0;24;sea;false;ocean;0
13443;77;0;30;sea;true;ocean;0
13444;57;1;56;sea;false;ocean;0
13445;2;46;25;sea;true;ocean;0
13446;1;27;3;sea;false;ocean;0
13447;2;39;76;sea;true;ocean;0
13448;0;19;31;sea;true;ocean;0
13449;56;3;13;sea;true;ocean;0
13450;20;4;0;sea;true;ocean;0
13451;4;86;66;sea;true;ocean;0
13452;32;86;8;sea;false;ocean;0
13453;10;91;42;sea;false;ocean;0
13454;52;7;87;sea;false;ocean;0
13455;59;1;48;sea;true;ocean;0
13456;57;65;1;sea;true;ocean;0
13457;13;38;1;sea;true;ocean;0
13458;85;45;5;sea;false;ocean;0
13459;30;3;54;sea;false;ocean;0
13460;92;56;1;sea;false;ocean;0
13461;39;15;0;sea;false;ocean;0
13462;1;100;68;sea;true;ocean;0
13463;11;1;42;sea;false;ocean;0
13464;13;3;89;sea;true;ocean;0
13465;38;37;1;sea;false;ocean;0
13466;13;2;57;sea;false;ocean;0
13467;41;94;5;sea;false;ocean;0
13468;2;52;9;sea;false;ocean;0
13469;17;3;58;sea;true;ocean;0
13470;0;22;6;sea;false;ocean;0
13471;85;6;21;sea;false;ocean;0
13472;70;3;5;sea;false;ocean;0
13473;2;55;4;sea;false;ocean;0
13474;1;88;72;sea;true;ocean;0
13475;33;47;0;sea;false;ocean;0
13476;1;59;26;sea;false;ocean;0
13477;7;39;0;sea;true;ocean;0
13478;1;32;33;sea;true;ocean;0
13479;28;3;90;sea;false;ocean;0
13480;14;0;33;sea;true;ocean;0
13481;21;0;10;sea;true;ocean;0
13482;11;3;51;sea;true;ocean;0
13483;6;17;95;sea;false;ocean;0
13484;3;0;21;sea;false;ocean;0
13485;74;20;5;sea;false;ocean;0
13486;23;55;3;sea;true;ocean;0
13487;21;0;20;sea;false;ocean;0
13488;53;81;6;sea;false;ocean;0
13489;4;85;75;sea;false;ocean;0
13490;1;36;21;sea;true;ocean;0
13491;41;8;0;sea;false;ocean;0
13492;43;25;1;sea;false;ocean;0
13493;21;0;15;sea;true;ocean;0
13494;26;23;0;sea;true;ocean;0
13495;42;0;41;sea;true;ocean;0
13496;80;43;1;sea;false;ocean;0
13497;32;1;15;sea;true;ocean;0
13498;51;2;34;sea;false;ocean;0
13499;28;4;89;sea;false;ocean;0
13500;23;4;0;sea;false;ocean;0
13501;4;6;90;sea;false;ocean;0
13502;0;9;22;sea;false;ocean;0
13503;42;32;1;sea;false;ocean;0
13504;14;1;39;sea;true;ocean;0
13505;13;55;3;sea;true;ocean;0
13506;37;1;2;sea;true;ocean;0
13507;12;2;60;sea;false;ocean;0
13508;2;75;25;sea;true;ocean;0
13509;14;54;2;sea;true;ocean;0
13510;90;1;101;sea;false;ocean;0
13511;8;33;85;sea;true;ocean;0
13512;18;34;1;sea;false;ocean;0
13513;2;77;11;sea;true;ocean;0
13514;30;0;1;sea;true;ocean;0
13515;41;80;2;sea;true;ocean;0
13516;61;24;0;sea;true;ocean;0
13517;27;34;1;sea;false;ocean;0
13518;2;57;37;sea;true;ocean;0
13519;72;1;3;sea;true;ocean;0
13520;5;0;24;sea;true;ocean;0
13521;19;32;1;sea;true;ocean;0
13522;55;7;91;sea;false;ocean;0
13523;65;4;7;sea;false;ocean;0
13524;87;65;0;sea;false;ocean;0
13525;56;4;3;sea;false;ocean;0
13526;7;68;82;sea;true;ocean;0
13527;33;9;92;sea;false;ocean;0
13528;4;72;70;sea;false;ocean;0
13529;53;49;2;sea;false;ocean;0
13530;1;32;8;sea;true;ocean;0
13531;81;1;53;sea;false;ocean;0
13532;21;3;0;sea;false;ocean;0
13533;48;2;52;sea;false;ocean;0
13534;1;29;34;sea;false;ocean;0
13535;34;84;7;sea;false;ocean;0
13536;1;47;14;sea;false;ocean;0
13537;94;65;5;sea;false;ocean;0
13538;26;1;35;sea;true;ocean;0
13539;20;0;39;sea;true;ocean;0
13540;54;47;1;sea;false;ocean;0
13541;38;0;32;sea;false;ocean;0
13542;2;97;96;sea;false;ocean;0
13543;0;25;27;sea;true;ocean;0
13544;77;16;6;sea;true;ocean;0
13545;50;92;0;sea;false;ocean;0
13546;34;0;1;sea;true;ocean;0
13547;1;15;37;sea;true;ocean;0
13548;90;2;41;sea;true;ocean;0
13549;23;92;5;sea;true;ocean;0
13550;3;62;63;sea;true;ocean;0
13551;7;24;85;sea;false;ocean;0
13552;44;3;97;sea;false;ocean;0
13553;9;36;1;sea;true;ocean;0
13554;79;1;7;sea;false;ocean;0
13555;23;95;4;sea;false;ocean;0
13556;64;8;91;sea;true;ocean;0
13557;8;11;85;sea;false;ocean;0
13558;2;38;74;sea;true;ocean;0
13559;8;43;1;sea;true;ocean;0
13560;1;83;34;sea;false;ocean;0
13561;10;0;23;sea;false;ocean;0
13562;30;23;0;sea;false;ocean;0
13563;58;9;2;sea;false;ocean;0
13564;1;65;76;sea;false;ocean;0
13565;26;33;1;sea;false;ocean;0
13566;20;83;5;sea;false;ocean;0
13567;5;3;59;sea;false;ocean;0
13568;39;89;7;sea;false;ocean;0
13569;51;2;18;sea;true;ocean;0
13570;25;0;13;sea;true;ocean;0
13571;8;6;94;sea;false;ocean;0
13572;78;5;62;sea;true;ocean;0
13573;67;18;2;sea;false;ocean;0
13574;72;40;0;sea;false;ocean;0
13575;97;98;4;sea;false;ocean;0
13576;29;1;44;sea;false;ocean;0
13577;43;2;55;sea;false;ocean;0
13578;78;29;2;sea;true;ocean;0
13579;43;28;1;sea;false;ocean;0
13580;33;16;1;sea;false;ocean;0
13581;76;34;2;sea;false;ocean;0
13582;1;44;3;sea;true;ocean;0
13583;45;1;39;sea;true;ocean;0
13584;32;2;41;sea;true;ocean;0
13585;42;4;96;sea;false;ocean;0
13586;47;44;1;sea;true;ocean;0
13587;38;1;31;sea;true;ocean;0
13588;68;4;27;sea;true;ocean;0
13589;0;27;3;sea;false;ocean;0
13590;4;86;17;sea;false;ocean;0
13591;98;4;49;sea;false;ocean;0
13592;79;6;63;sea;false;ocean;0
13593;4;24;76;sea;false;ocean;0
13594;3;52;26;sea;false;ocean;0
13595;0;8;48;sea;false;ocean;0
13596;3;15;76;sea;true;ocean;0
13597;1;40;8;sea;false;ocean;0
13598;17;0;21;sea;false;ocean;0
13599;41;2;49;sea;false;ocean;0
13600;15;1;38;sea;true;ocean;0
13601;1;50;75;sea;false;ocean;0
13602;1;39;98;sea;false;ocean;0
13603;34;0;12;sea;false;ocean;0
13604;1;41;28;sea;false;ocean;0
13605;34;1;42;sea;true;ocean;0
13606;22;1;40;sea;false;ocean;0
13607;2;67;72;sea;true;ocean;0
13608;27;24;1;sea;true;ocean;0
13609;36;84;2;sea;true;ocean;0
13610;81;19;4;sea;true;ocean;0
13611;45;11;2;sea;false;ocean;0
13612;0;21;21;sea;true;ocean;0
13613;89;73;5;sea;true;ocean;0
13614;97;89;0;sea;false;ocean;0
13615;63;18;2;sea;false;ocean;0
13616;68;85;4;sea;true;ocean;0
13617;67;4;5;sea;false;ocean;0
13618;84;55;6;sea;true;ocean;0
13619;1;67;58;sea;false;ocean;0
13620;40;20;1;sea;false;ocean;0
13621;35;41;0;sea;false;ocean;0
13622;24;0;21;sea;false;ocean;0
13623;90;85;7;sea;false;ocean;0
13624;30;24;0;sea;true;ocean;0
13625;88;5;95;sea;false;ocean;0
13626;7;61;81;sea;false;ocean;0
13627;0;11;50;sea;true;ocean;0
13628;1;27;9;sea;true;ocean;0
13629;1;6;36;sea;false;ocean;0
13630;2;49;17;sea;true;ocean;0
13631;2;71;26;sea;true;ocean;0
13632;68;82;6;sea;false;ocean;0
13633;2;8;39;sea;false;ocean;0
13634;44;1;48;sea;false;ocean;0
13635;51;3;64;sea;true;ocean;0
13636;2;56;56;sea;false;ocean;0
13637;1;39;58;sea;false;ocean;0
13638;1;39;64;sea;false;ocean;0
13639;81;72;6;sea;false;ocean;0
13640;81;16;2;sea;true;ocean;0
13641;92;89;10;sea;false;ocean;0
13642;23;1;36;sea;true;ocean;0
13643;52;6;94;sea;true;ocean;0
13644;1;61;36;sea;true;ocean;0
13645;19;82;3;sea;false;ocean;0
13646;0;46;37;sea;false;ocean;0
13647;66;47;1;sea;false;ocean;0
13648;2;3;58;sea;true;ocean;0
13649;1;33;28;sea;false;ocean;0
13650;46;0;9;sea;false;ocean;0
13651;8;89;5;sea;false;ocean;0
13652;42;1;16;sea;true;ocean;0
13653;5;25;97;sea;false;ocean;0
13654;59;2;1;sea;false;ocean;0
13655;2;8;47;sea;true;ocean;0
13656;0;35;49;sea;false;ocean;0
13657;11;1;34;sea;true;ocean;0
13658;2;63;39;sea;false;ocean;0
13659;0;28;1;sea;true;ocean;0
13660;78;2;52;sea;false;ocean;0
13661;16;90;6;sea;false;ocean;0
13662;3;60;49;sea;false;ocean;0
13663;10;2;61;sea;false;ocean;0
13664;75;2;95;sea;false;ocean;0
13665;43;16;1;sea;true;ocean;0
13666;19;40;2;sea;true;ocean;0
13667;45;74;1;sea;false;ocean;0
13668;85;8;45;sea;false;ocean;0
13669;1;84;86;sea;true;ocean;0
13670;10;0;34;sea;true;ocean;0
13671;0;4;72;sea;false;ocean;0
13672;1;40;50;sea;true;ocean;0
13673;35;57;3;sea;false;ocean;0
13674;1;39;30;sea;false;ocean;0
13675;1;27;19;sea;false;ocean;0
13676;3;15;63;sea;false;ocean;0
13677;13;1;47;sea;false;ocean;0
13678;72;6;94;sea;false;ocean;0
13679;5;23;0;sea;false;ocean;0
13680;26;1;95;sea;false;ocean;0
13681;40;1;31;sea;false;ocean;0
13682;15;22;0;sea;false;ocean;0
13683;52;84;1;sea;true;ocean;0
13684;41;1;13;sea;false;ocean;0
13685;79;67;0;sea;false;ocean;0
13686;6;94;38;sea;false;ocean;0
13687;66;44;4;sea;false;ocean;0
13688;96;5;22;sea;false;ocean;0
13689;72;72;6;sea;false;ocean;0
13690;35;36;1;sea;true;ocean;0
13691;48;1;64;sea;true;ocean;0
13692;69;3;41;sea;true;ocean;0
13693;34;58;2;sea;true;ocean;0
13694;16;27;0;sea;true;ocean;0
13695;28;0;32;sea;false;ocean;0
13696;79;13;1;sea;false;ocean;0
13697;13;0;98;sea;false;ocean;0
13698;18;3;60;sea;false;ocean;0
13699;1;28;20;sea;true;ocean;0
13700;1;46;37;sea;true;ocean;0
13701;23;27;0;sea;true;ocean;0
13702;3;37;1;sea;false;ocean;0
13703;50;2;31;sea;true;ocean;0
13704;68;43;0;sea;true;ocean;0
13705;0;30;13;sea;true;ocean;0
13706;68;18;0;sea;false;ocean;0
13707;7;0;23;sea;false;ocean;0
13708;55;15;2;sea;false;ocean;0
13709;16;70;1;sea;true;ocean;0
13710;3;1;40;sea;false;ocean;0
13711;18;77;2;sea;true;ocean;0
13712;22;1;31;sea;false;ocean;0
13713;36;50;2;sea;false;ocean;0
13714;40;0;47;sea;true;ocean;0
13715;28;28;0;sea;false;ocean;0
13716;28;86;3;sea;false;ocean;0
13717;18;0;28;sea;true;ocean;0
13718;1;83;18;sea;true;ocean;0
13719;82;2;22;sea;true;ocean;0
13720;86;1;81;sea;true;ocean;0
13721;4;77;70;sea;false;ocean;0
13722;36;0;16;sea;true;ocean;0
13723;44;2;70;sea;false;ocean;0
13724;0;1;28;sea;false;ocean;0
13725;3;55;48;sea;false;ocean;0
13726;1;17;38;sea;true;ocean;0
13727;2;45;50;sea;true;ocean;0
13728;46;2;38;sea;false;ocean;0
13729;25;0;4;sea;false;ocean;0
13730;19;0;52;sea;true;ocean;0
13731;80;2;77;sea;false;ocean;0
13732;1;51;50;sea;false;ocean;0
13733;38;4;88;sea;false;ocean;0
13734;29;74;6;sea;false;ocean;0
13735;65;1;75;sea;true;ocean;0
13736;5;29;1;sea;false;ocean;0
13737;2;38;1;sea;false;ocean;0
13738;1;34;25;sea;false;ocean;0
13739;0;11;22;sea;false;ocean;0
13740;18;56;1;sea;true;ocean;0
13741;15;37;0;sea;false;ocean;0
13742;39;55;1;sea;true;ocean;0
13743;76;83;4;sea;false;ocean;0
13744;9;92;25;sea;false;ocean;0
13745;44;89;5;sea;true;ocean;0
13746;24;3;54;sea;true;ocean;0
13747;3;30;0;sea;false;ocean;0
13748;47;22;1;sea;true;ocean;0
13749;11;4;61;sea;false;ocean;0
13750;29;5;91;sea;false;ocean;0
13751;47;1;36;sea;false;ocean;0
13752;3;49;85;sea;true;ocean;0
13753;35;68;5;sea;false;ocean;0
13754;1;28;1;sea;false;ocean;0
13755;70;57;3;sea;false;ocean;0
13756;32;1;27;sea;true;ocean;0
13757;2;52;98;sea;false;ocean;0
13758;17;0;29;sea;true;ocean;0
13759;9;0;30;sea;false;ocean;0
13760;3;56;98;sea;true;ocean;0
13761;95;6;45;sea;true;ocean;0
13762;44;2;19;sea;true;ocean;0
13763;0;25;94;sea;true;ocean;0
13764;17;29;0;sea;false;ocean;0
13765;24;21;0;sea;false;ocean;0
13766;53;2;59;sea;true;ocean;0
13767;22;62;4;sea;true;ocean;0
13768;5;48;88;sea;false;ocean;0
13769;35;16;1;sea;false;ocean;0
13770;64;9;90;sea;false;ocean;0
13771;0;47;91;sea;true;ocean;0
13772;60;1;20;sea;true;ocean;0
13773;19;83;7;sea;false;ocean;0
13774;24;3;53;sea;false;ocean;0
13775;87;1;44;sea;true;ocean;0
13776;3;75;75;sea;false;ocean;0
13777;98;81;0;sea;false;ocean;0
13778;1;65;14;sea;false;ocean;0
13779;51;2;14;sea;true;ocean;0
13780;8;82;69;sea;false;ocean;0
13781;3;82;45;sea;true;ocean;0
13782;37;4;59;sea;true;ocean;0
13783;0;16;22;sea;true;ocean;0
13784;47;2;25;sea;true;ocean;0
13785;22;0;2;sea;true;ocean;0
13786;0;69;66;sea;true;ocean;0
13787;68;95;5;sea;false;ocean;0
13788;47;31;1;sea;false;ocean;0
13789;34;16;1;sea;true;ocean;0
13790;22;24;0;sea;true;ocean;0
13791;5;79;33;sea;true;ocean;0
13792;46;0;17;sea;false;ocean;0
13793;38;1;71;sea;false;ocean;0
13794;89;4;44;sea;false;ocean;0
13795;73;4;72;sea;false;ocean;0
13796;1;27;39;sea;true;ocean;0
13797;1;89;82;sea;true;ocean;0
13798;73;24;3;sea;false;ocean;0
13799;1;86;78;sea;true;ocean;0
13800;1;22;47;sea;true;ocean;0
13801;1;48;42;sea;true;ocean;0
13802;10;45;2;sea;true;ocean;0
13803;40;1;51;sea;false;ocean;0
13804;23;12;0;sea;false;ocean;0
13805;3;39;88;sea;false;ocean;0
13806;37;89;7;sea;false;ocean;0
13807;26;1;7;sea;true;ocean;0
13808;97;3;47;sea;false;ocean;0
13809;1;34;3;sea;true;ocean;0
13810;0;25;7;sea;false;ocean;0
13811;0;54;23;sea;false;ocean;0
13812;2;49;20;sea;true;ocean;0
13813;50;2;53;sea;true;ocean;0
13814;41;1;39;sea;false;ocean;0
13815;3;35;52;sea;false;ocean;0
13816;1;52;8;sea;false;ocean;0
13817;88;8;66;sea;true;ocean;0
13818;0;14;93;sea;false;ocean;0
13819;91;9;63;sea;false;ocean;0
13820;34;41;1;sea;false;ocean;0
13821;1;36;20;sea;false;ocean;0
13822;22;0;11;sea;true;ocean;0
13823;58;67;0;sea;true;ocean;0
13824;9;2;41;sea;true;ocean;0
13825;4;10;66;sea;false;ocean;0
13826;4;62;33;sea;true;ocean;0
13827;1;57;79;sea;true;ocean;0
13828;27;1;40;sea;false;ocean;0
13829;1;52;35;sea;true;ocean;0
13830;12;74;5;sea;true;ocean;0
13831;26;8;0;sea;true;ocean;0
13832;0;32;2;sea;true;ocean;0
13833;43;6;89;sea;false;ocean;0
13834;50;7;90;sea;true;ocean;0
13835;7;70;86;sea;false;ocean;0
13836;37;12;0;sea;false;ocean;0
13837;2;56;43;sea;false;ocean;0
13838;3;35;71;sea;true;ocean;0
13839;51;91;8;sea;false;ocean;0
13840;0;14;26;sea;true;ocean;0
13841;67;35;5;sea;false;ocean;0
13842;81;4;79;sea;false;ocean;0
13843;2;91;75;sea;false;ocean;0
13844;1;57;55;sea;false;ocean;0
13845;1;33;39;sea;false;ocean;0
13846;40;93;1;sea;false;ocean;0
13847;1;47;9;sea;true;ocean;0
13848;2;90;44;sea;false;ocean;0
13849;5;1;64;sea;false;ocean;0
13850;9;59;90;sea;false;ocean;0
13851;8;76;91;sea;false;ocean;0
13852;90;6;65;sea;true;ocean;0
13853;82;61;3;sea;true;ocean;0
13854;7;31;90;sea;false;ocean;0
13855;59;3;44;sea;false;ocean;0
13856;2;3;67;sea;true;ocean;0
13857;21;94;5;sea;false;ocean;0
13858;0;82;23;sea;false;ocean;0
13859;0;22;32;sea;false;ocean;0
13860;2;58;29;sea;false;ocean;0
13861;4;91;25;sea;false;ocean;0
13862;2;93;48;sea;true;ocean;0
13863;2;60;17;sea;true;ocean;0
13864;1;75;3;sea;false;ocean;0
13865;1;3;32;sea;false;ocean;0
13866;47;36;2;sea;false;ocean;0
13867;53;38;0;sea;false;ocean;0
13868;1;24;57;sea;false;ocean;0
13869;69;1;97;sea;false;ocean;0
13870;32;24;0;sea;true;ocean;0
13871;93;4;7;sea;false;ocean;0
13872;1;70;2;sea;false;ocean;0
13873;0;11;89;sea;true;ocean;0
13874;1;4;40;sea;false;ocean;0
13875;0;3;23;sea;false;ocean;0
13876;4;36;1;sea;false;ocean;0
13877;47;56;1;sea;true;ocean;0
13878;25;62;1;sea;true;ocean;0
13879;58;31;3;sea;false;ocean;0
13880;35;54;2;sea;true;ocean;0
13881;85;31;9;sea;true;ocean;0
13882;90;86;2;sea;true;ocean;0
13883;51;1;81;sea;false;ocean;0
13884;79;4;60;sea;true;ocean;0
13885;10;25;91;sea;false;ocean;0
13886;2;0;47;sea;false;ocean;0
13887;30;2;44;sea;false;ocean;0
13888;42;2;81;sea;false;ocean;0
13889;2;2;63;sea;false;ocean;0
13890;83;60;4;sea;false;ocean;0
13891;1;55;49;sea;true;ocean;0
13892;78;3;55;sea;true;ocean;0
13893;5;86;16;sea;false;ocean;0
13894;27;4;72;sea;false;ocean;0
13895;97;3;46;sea;true;ocean;0
13896;0;38;11;sea;true;ocean;0
13897;9;2;55;sea;false;ocean;0
13898;1;3;31;sea;false;ocean;0
13899;34;52;1;sea;true;ocean;0
13900;41;0;44;sea;true;ocean;0
13901;87;3;2;sea;false;ocean;0
13902;23;9;0;sea;true;ocean;0
13903;28;0;16;sea;false;ocean;0
13904;1;25;3;sea;false;ocean;0
13905;33;1;80;sea;false;ocean;0
13906;0;8;20;sea;true;ocean;0
13907;0;12;61;sea;false;ocean;0
13908;0;49;12;sea;false;ocean;0
13909;1;24;28;sea;true;ocean;0
13910;1;74;49;sea;false;ocean;0
13911;45;2;13;sea;true;ocean;0
13912;23;30;0;sea;false;ocean;0
13913;0;28;58;sea;true;ocean;0
13914;3;74;44;sea;false;ocean;0
13915;1;4;57;sea;false;ocean;0
13916;87;0;96;sea;false;ocean;0
13917;43;0;30;sea;false;ocean;0
13918;33;6;79;sea;true;ocean;0
13919;1;35;13;sea;true;ocean;0
13920;92;33;2;sea;true;ocean;0
13921;50;12;1;sea;false;ocean;0
13922;81;5;45;sea;true;ocean;0
13923;93;82;6;sea;false;ocean;0
13924;2;37;69;sea;true;ocean;0
13925;29;45;0;sea;false;ocean;0
13926;91;76;8;sea;true;ocean;0
13927;47;61;1;sea;true;ocean;0
13928;1;70;56;sea;false;ocean;0
13929;79;3;83;sea;true;ocean;0
13930;76;86;7;sea;true;ocean;0
13931;12;2;48;sea;false;ocean;0
13932;1;30;37;sea;true;ocean;0
13933;10;26;1;sea;false;ocean;0
13934;5;92;57;sea;false;ocean;0
13935;60;2;70;sea;true;ocean;0
13936;80;1;15;sea;false;ocean;0
13937;5;89;69;sea;true;ocean;0
13938;6;43;1;sea;false;ocean;0
13939;61;43;2;sea;false;ocean;0
13940;3;95;64;sea;false;ocean;0
13941;7;4;89;sea;false;ocean;0
13942;2;59;52;sea;false;ocean;0
13943;23;1;49;sea;false;ocean;0
13944;38;3;57;sea;true;ocean;0
13945;66;2;38;sea;true;ocean;0
13946;63;0;26;sea;false;ocean;0
13947;0;23;14;sea;true;ocean;0
13948;56;17;1;sea;false;ocean;0
13949;26;2;70;sea;true;ocean;0
13950;23;2;80;sea;false;ocean;0
13951;0;33;47;sea;false;ocean;0
13952;80;19;8;sea;false;ocean;0
13953;3;48;57;sea;false;ocean;0
13954;2;44;18;sea;true;ocean;0
13955;1;34;42;sea;false;ocean;0
13956;22;26;0;sea;false;ocean;0
13957;42;62;2;sea;true;ocean;0
13958;18;23;0;sea;true;ocean;0
13959;62;5;3;sea;true;ocean;0
13960;71;68;2;sea;false;ocean;0
13961;29;27;0;sea;true;ocean;0
13962;2;1;34;sea;false;ocean;0
13963;28;20;1;sea;true;ocean;0
13964;36;39;0;sea;false;ocean;0
13965;3;86;74;sea;true;ocean;0
13966;1;8;45;sea;false;ocean;0
13967;23;0;5;sea;true;ocean;0
13968;0;21;49;sea;true;ocean;0
13969;40;2;43;sea;true;ocean;0
13970;83;2;19;sea;true;ocean;0
13971;44;3;53;sea;false;ocean;0
13972;14;38;1;sea;true;ocean;0
13973;74;3;88;sea;true;ocean;0
13974;55;37;1;sea;false;ocean;0
13975;80;59;7;sea;true;ocean;0
13976;2;76;14;sea;true;ocean;0
13977;42;41;1;sea;false;ocean;0
13978;56;2;85;sea;false;ocean;0
13979;63;89;5;sea;false;ocean;0
13980;23;2;44;sea;true;ocean;0
13981;25;6;0;sea;false;ocean;0
13982;3;80;8;sea;false;ocean;0
13983;2;44;62;sea;false;ocean;0
13984;92;0;95;sea;false;ocean;0
13985;2;84;41;sea;true;ocean;0
13986;17;0;24;sea;false;ocean;0
13987;1;10;63;sea;true;ocean;0
13988;62;3;71;sea;true;ocean;0
13989;42;0;22;sea;false;ocean;0
13990;37;8;91;sea;true;ocean;0
13991;26;58;3;sea;false;ocean;0
13992;61;24;3;sea;false;ocean;0
13993;5;66;81;sea;true;ocean;0
13994;9;22;0;sea;true;ocean;0
13995;23;13;0;sea;true;ocean;0
13996;30;26;1;sea;false;ocean;0
13997;1;8;25;sea;true;ocean;0
13998;44;2;59;sea;true;ocean;0
13999;75;26;0;sea;true;ocean;0
14000;41;36;0;sea;true;ocean;0
14001;24;74;2;sea;true;ocean;0
14002;86;8;67;sea;false;ocean;0
14003;85;4;72;sea;true;ocean;0
14004;49;16;1;sea;false;ocean;0
14005;27;28;0;sea;false;ocean;0
14006;20;0;17;sea;false;ocean;0
14007;19;21;0;sea;true;ocean;0
14008;44;10;1;sea;false;ocean;0
14009;64;86;4;sea;true;ocean;0
14010;66;53;1;sea;false;ocean;0
14011;44;1;6;sea;true;ocean;0
14012;56;2;0;sea;false;ocean;0
14013;0;73;19;sea;false;ocean;0
14014;8;0;22;sea;true;ocean;0
14015;2;18;87;sea;false;ocean;0
14016;0;40;8;sea;true;ocean;0
14017;88;16;5;sea;false;ocean;0
14018;46;79;1;sea;false;ocean;0
14019;25;1;57;sea;false;ocean;0
14020;53;3;30;sea;false;ocean;0
14021;45;1;48;sea;false;ocean;0
14022;59;7;81;sea;false;ocean;0
14023;32;94;1;sea;true;ocean;0
14024;55;42;1;sea;true;ocean;0
14025;19;29;1;sea;false;ocean;0
14026;93;2;20;sea;false;ocean;0
14027;32;85;1;sea;false;ocean;0
14028;2;83;89;sea;false;ocean;0
14029;66;20;3;sea;false;ocean;0
14030;26;1;13;sea;false;ocean;0
14031;66;70;5;sea;false;ocean;0
14032;3;29;60;sea;true;ocean;0
14033;64;42;2;sea;false;ocean;0
14034;2;54;62;sea;false;ocean;0
14035;26;35;1;sea;false;ocean;0
14036;65;2;91;sea;false;ocean;0
14037;6;6;84;sea;true;ocean;0
14038;5;0;43;sea;true;ocean;0
14039;76;71;6;sea;false;ocean;0
14040;20;92;9;sea;true;ocean;0
14041;94;49;4;sea;false;ocean;0
14042;27;2;42;sea;false;ocean;0
14043;7;22;0;sea;false;ocean;0
14044;4;87;58;sea;false;ocean;0
14045;91;43;4;sea;true;ocean;0
14046;31;5;67;sea;false;ocean;0
14047;61;25;2;sea;true;ocean;0
14048;2;22;0;sea;true;ocean;0
14049;2;77;29;sea;true;ocean;0
14050;58;67;2;sea;true;ocean;0
14051;40;1;22;sea;false;ocean;0
14052;36;16;0;sea;false;ocean;0
14053;57;19;3;sea;false;ocean;0
14054;77;65;3;sea;false;ocean;0
14055;4;81;67;sea;false;ocean;0
14056;57;57;1;sea;false;ocean;0
14057;77;72;5;sea;false;ocean;0
14058;88;49;9;sea;false;ocean;0
14059;1;2;28;sea;false;ocean;0
14060;1;39;23;sea;true;ocean;0
14061;0;46;102;sea;false;ocean;0
14062;2;79;82;sea;true;ocean;0
14063;2;71;55;sea;false;ocean;0
14064;66;2;42;sea;true;ocean;0
14065;10;21;0;sea;false;ocean;0
14066;27;20;1;sea;false;ocean;0
14067;28;19;0;sea;true;ocean;0
14068;73;71;5;sea;true;ocean;0
14069;3;29;94;sea;false;ocean;0
14070;12;26;0;sea;false;ocean;0
14071;48;7;87;sea;false;ocean;0
14072;46;14;1;sea;true;ocean;0
14073;1;46;24;sea;true;ocean;0
14074;2;2;56;sea;true;ocean;0
14075;91;72;1;sea;true;ocean;0
14076;0;30;12;sea;false;ocean;0
14077;5;84;82;sea;false;ocean;0
14078;27;0;29;sea;true;ocean;0
14079;1;27;15;sea;true;ocean;0
14080;67;31;1;sea;false;ocean;0
14081;1;90;53;sea;true;ocean;0
14082;4;28;77;sea;false;ocean;0
14083;38;5;82;sea;true;ocean;0
14084;70;0;67;sea;false;ocean;0
14085;78;1;42;sea;false;ocean;0
14086;0;1;41;sea;false;ocean;0
14087;45;65;4;sea;true;ocean;0
14088;64;29;2;sea;true;ocean;0
14089;40;1;75;sea;true;ocean;0
14090;92;3;81;sea;false;ocean;0
14091;51;0;2;sea;false;ocean;0
14092;38;0;19;sea;true;ocean;0
14093;1;45;72;sea;false;ocean;0
14094;82;27;7;sea;true;ocean;0
14095;17;1;83;sea;true;ocean;0
14096;3;84;59;sea;true;ocean;0
14097;61;0;4;sea;false;ocean;0
14098;75;1;63;sea;false;ocean;0
14099;34;1;74;sea;false;ocean;0
14100;46;25;1;sea;false;ocean;0
14101;0;19;25;sea;false;ocean;0
14102;8;82;86;sea;true;ocean;0
14103;25;0;21;sea;true;ocean;0
14104;41;1;33;sea;true;ocean;0
14105;67;1;47;sea;false;ocean;0
14106;4;11;93;sea;true;ocean;0
14107;86;5;15;sea;false;ocean;0
14108;65;5;39;sea;false;ocean;0
14109;29;1;32;sea;false;ocean;0
14110;97;1;90;sea;true;ocean;0
14111;38;4;58;sea;false;ocean;0
14112;27;58;1;sea;true;ocean;0
14113;85;1;50;sea;true;ocean;0
14114;54;47;2;sea;true;ocean;0
14115;94;65;0;sea;true;ocean;0
14116;8;66;2;sea;true;ocean;0
14117;1;33;38;sea;true;ocean;0
14118;29;3;73;sea;false;ocean;0
14119;9;22;91;sea;false;ocean;0
14120;21;0;7;sea;false;ocean;0
14121;3;52;56;sea;true;ocean;0
14122;63;84;4;sea;false;ocean;0
14123;95;79;3;sea;false;ocean;0
14124;85;1;51;sea;false;ocean;0
14125;18;9;88;sea;false;ocean;0
14126;1;26;33;sea;false;ocean;0
14127;0;27;39;sea;false;ocean;0
14128;20;0;35;sea;true;ocean;0
14129;3;65;54;sea;false;ocean;0
14130;3;38;91;sea;true;ocean;0
14131;69;4;28;sea;false;ocean;0
14132;34;2;41;sea;false;ocean;0
14133;20;23;0;sea;true;ocean;0
14134;4;76;14;sea;false;ocean;0
14135;5;36;67;sea;false;ocean;0
14136;1;58;35;sea;false;ocean;0
14137;78;2;19;sea;true;ocean;0
14138;21;0;4;sea;false;ocean;0
14139;27;1;29;sea;false;ocean;0
14140;4;35;72;sea;false;ocean;0
14141;90;31;5;sea;true;ocean;0
14142;83;2;7;sea;true;ocean;0
14143;8;2;59;sea;false;ocean;0
14144;14;5;81;sea;true;ocean;0
14145;1;37;4;sea;true;ocean;0
14146;7;83;62;sea;false;ocean;0
14147;56;89;4;sea;false;ocean;0
14148;52;44;0;sea;false;ocean;0
14149;76;5;67;sea;false;ocean;0
14150;84;2;56;sea;true;ocean;0
14151;65;27;0;sea;false;ocean;0
14152;95;79;1;sea;true;ocean;0
14153;5;67;67;sea;true;ocean;0
14154;5;70;37;sea;true;ocean;0
14155;23;61;4;sea;true;ocean;0
14156;5;89;74;sea;false;ocean;0
14157;72;64;4;sea;false;ocean;0
14158;74;2;57;sea;false;ocean;0
14159;75;89;2;sea;true;ocean;0
14160;4;3;60;sea;false;ocean;0
14161;90;24;2;sea;false;ocean;0
14162;50;1;25;sea;false;ocean;0
14163;0;26;43;sea;false;ocean;0
14164;72;1;56;sea;false;ocean;0
14165;56;64;4;sea;false;ocean;0
14166;72;21;0;sea;false;ocean;0
14167;49;16;2;sea;false;ocean;0
14168;28;87;1;sea;true;ocean;0
14169;36;47;0;sea;false;ocean;0
14170;19;65;4;sea;true;ocean;0
14171;6;0;31;sea;true;ocean;0
14172;1;19;26;sea;false;ocean;0
14173;52;96;6;sea;false;ocean;0
14174;61;75;5;sea;true;ocean;0
14175;24;22;0;sea;false;ocean;0
14176;67;5;31;sea;true;ocean;0
14177;2;39;59;sea;true;ocean;0
14178;42;0;23;sea;false;ocean;0
14179;69;21;2;sea;false;ocean;0
14180;0;86;42;sea;false;ocean;0
14181;44;73;1;sea;false;ocean;0
14182;3;58;68;sea;true;ocean;0
14183;24;13;0;sea;false;ocean;0
14184;2;47;5;sea;false;ocean;0
14185;0;37;0;sea;false;ocean;0
14186;56;1;51;sea;true;ocean;0
14187;77;2;76;sea;false;ocean;0
14188;45;1;37;sea;false;ocean;0
14189;0;53;35;sea;false;ocean;0
14190;51;1;57;sea;true;ocean;0
14191;19;73;0;sea;false;ocean;0
14192;10;1;43;sea;false;ocean;0
14193;16;2;38;sea;false;ocean;0
14194;7;94;15;sea;true;ocean;0
14195;6;1;49;sea;false;ocean;0
14196;47;1;9;sea;true;ocean;0
14197;14;37;0;sea;true;ocean;0
14198;28;52;2;sea;false;ocean;0
14199;40;1;24;sea;true;ocean;0
14200;86;4;62;sea;true;ocean;0
14201;65;44;4;sea;false;ocean;0
14202;7;59;2;sea;false;ocean;0
14203;2;44;46;sea;false;ocean;0
14204;36;71;0;sea;false;ocean;0
14205;46;0;35;sea;false;ocean;0
14206;29;0;14;sea;false;ocean;0
14207;83;79;0;sea;false;ocean;0
14208;59;3;11;sea;false;ocean;0
14209;1;63;48;sea;true;ocean;0
14210;5;71;80;sea;true;ocean;0
14211;28;33;1;sea;true;ocean;0
14212;2;64;61;sea;false;ocean;0
14213;34;2;70;sea;true;ocean;0
14214;7;31;79;sea;false;ocean;0
14215;31;4;79;sea;false;ocean;0
14216;37;50;1;sea;true;ocean;0
14217;28;49;1;sea;false;ocean;0
14218;70;88;1;sea;false;ocean;0
14219;1;71;5;sea;true;ocean;0
14220;87;2;46;sea;true;ocean;0
14221;94;7;65;sea;false;ocean;0
14222;32;68;5;sea;false;ocean;0
14223;15;1;35;sea;true;ocean;0
14224;77;52;5;sea;true;ocean;0
14225;52;3;2;sea;true;ocean;0
14226;99;2;83;sea;false;ocean;0
14227;68;4;50;sea;false;ocean;0
14228;62;1;16;sea;true;ocean;0
14229;44;1;50;sea;false;ocean;0
14230;6;77;71;sea;false;ocean;0
14231;3;61;0;sea;false;ocean;0
14232;0;40;24;sea;true;ocean;0
14233;1;12;75;sea;true;ocean;0
14234;7;1;32;sea;true;ocean;0
14235;1;35;23;sea;false;ocean;0
14236;58;2;25;sea;false;ocean;0
14237;68;6;0;sea;false;ocean;0
14238;2;47;31;sea;false;ocean;0
14239;47;37;1;sea;false;ocean;0
14240;38;1;7;sea;false;ocean;0
14241;23;0;19;sea;false;ocean;0
14242;1;78;92;sea;false;ocean;0
14243;24;1;93;sea;true;ocean;0
14244;2;61;54;sea;false;ocean;0
14245;15;3;51;sea;true;ocean;0
14246;94;5;66;sea;true;ocean;0
14247;72;90;8;sea;false;ocean;0
14248;1;26;2;sea;true;ocean;0
14249;11;1;45;sea;false;ocean;0
14250;1;11;59;sea;false;ocean;0
14251;34;46;2;sea;false;ocean;0
14252;1;93;32;sea;true;ocean;0
14253;0;68;8;sea;false;ocean;0
14254;55;66;1;sea;false;ocean;0
14255;34;2;56;sea;true;ocean;0
14256;19;0;72;sea;false;ocean;0
14257;3;95;95;sea;false;ocean;0
14258;26;0;16;sea;true;ocean;0
14259;28;35;0;sea;false;ocean;0
14260;90;8;48;sea;true;ocean;0
14261;81;4;12;sea;false;ocean;0
14262;2;40;67;sea;false;ocean;0
14263;26;43;1;sea;true;ocean;0
14264;8;25;91;sea;false;ocean;0
14265;7;2;56;sea;false;ocean;0
14266;61;0;23;sea;true;ocean;0
14267;77;1;78;sea;false;ocean;0
14268;21;19;0;sea;false;ocean;0
14269;4;1;44;sea;false;ocean;0
14270;69;2;22;sea;false;ocean;0
14271;0;6;22;sea;false;ocean;0
14272;0;3;21;sea;false;ocean;0
14273;1;34;17;sea;false;ocean;0
14274;17;56;3;sea;true;ocean;0
14275;2;25;64;sea;false;ocean;0
14276;0;25;18;sea;false;ocean;0
14277;4;54;73;sea;false;ocean;0
14278;2;69;26;sea;false;ocean;0
14279;82;7;87;sea;true;ocean;0
14280;9;0;29;sea;false;ocean;0
14281;83;41;2;sea;true;ocean;0
14282;72;71;4;sea;false;ocean;0
14283;83;6;92;sea;false;ocean;0
14284;18;73;5;sea;true;ocean;0
14285;48;81;0;sea;true;ocean;0
14286;45;74;2;sea;false;ocean;0
14287;92;5;91;sea;true;ocean;0
14288;1;67;38;sea;true;ocean;0
14289;36;2;52;sea;true;ocean;0
14290;61;64;2;sea;false;ocean;0
14291;53;2;46;sea;true;ocean;0
14292;8;82;3;sea;false;ocean;0
14293;21;29;0;sea;false;ocean;0
14294;1;79;48;sea;false;ocean;0
14295;79;79;4;sea;true;ocean;0
14296;8;85;9;sea;false;ocean;0
14297;4;26;89;sea;false;ocean;0
14298;66;53;3;sea;false;ocean;0
14299;1;3;34;sea;true;ocean;0
14300;26;68;0;sea;false;ocean;0
14301;0;45;13;sea;false;ocean;0
14302;4;73;62;sea;false;ocean;0
14303;34;31;1;sea;false;ocean;0
14304;93;37;8;sea;false;ocean;0
14305;38;93;2;sea;true;ocean;0
14306;12;57;3;sea;true;ocean;0
14307;70;86;1;sea;false;ocean;0
14308;1;54;74;sea;true;ocean;0
14309;43;1;30;sea;false;ocean;0
14310;4;51;73;sea;false;ocean;0
14311;61;1;28;sea;true;ocean;0
14312;93;54;0;sea;false;ocean;0
14313;1;12;26;sea;false;ocean;0
14314;26;0;21;sea;false;ocean;0
14315;0;41;18;sea;false;ocean;0
14316;82;59;3;sea;false;ocean;0
14317;73;70;5;sea;false;ocean;0
14318;54;24;1;sea;false;ocean;0
14319;1;12;39;sea;false;ocean;0
14320;30;8;0;sea;true;ocean;0
14321;43;36;1;sea;false;ocean;0
14322;1;99;26;sea;true;ocean;0
14323;69;2;42;sea;false;ocean;0
14324;55;5;77;sea;true;ocean;0
14325;33;25;1;sea;false;ocean;0
14326;1;44;12;sea;false;ocean;0
14327;31;1;25;sea;false;ocean;0
14328;38;2;0;sea;true;ocean;0
14329;34;6;1;sea;false;ocean;0
14330;31;59;3;sea;true;ocean;0
14331;0;20;7;sea;false;ocean;0
14332;38;61;0;sea;false;ocean;0
14333;38;1;65;sea;true;ocean;0
14334;66;6;0;sea;false;ocean;0
14335;81;3;21;sea;false;ocean;0
14336;0;21;56;sea;true;ocean;0
14337;80;81;4;sea;true;ocean;0
14338;37;1;55;sea;false;ocean;0
14339;7;77;65;sea;false;ocean;0
14340;18;71;3;sea;true;ocean;0
14341;0;24;6;sea;true;ocean;0
14342;1;51;45;sea;false;ocean;0
14343;3;58;53;sea;false;ocean;0
14344;72;1;100;sea;false;ocean;0
14345;3;50;71;sea;true;ocean;0
14346;38;0;2;sea;true;ocean;0
14347;19;65;1;sea;true;ocean;0
14348;59;2;42;sea;true;ocean;0
14349;79;27;2;sea;false;ocean;0
14350;48;59;3;sea;false;ocean;0
14351;21;35;1;sea;true;ocean;0
14352;22;9;91;sea;false;ocean;0
14353;71;3;12;sea;false;ocean;0
14354;40;70;1;sea;false;ocean;0
14355;63;34;2;sea;true;ocean;0
14356;52;35;2;sea;false;ocean;0
14357;21;0;53;sea;false;ocean;0
14358;58;46;3;sea;false;ocean;0
14359;3;21;73;sea;true;ocean;0
14360;43;1;4;sea;false;ocean;0
14361;81;64;3;sea;true;ocean;0
14362;1;39;46;sea;false;ocean;0
14363;56;94;0;sea;false;ocean;0
14364;85;38;6;sea;false;ocean;0
14365;72;0;59;sea;false;ocean;0
14366;1;4;60;sea;false;ocean;0
14367;1;43;21;sea;false;ocean;0
14368;7;85;56;sea;false;ocean;0
14369;61;3;5;sea;false;ocean;0
14370;28;92;8;sea;false;ocean;0
14371;28;0;6;sea;false;ocean;0
14372;4;50;78;sea;true;ocean;0
14373;24;0;37;sea;true;ocean;0
14374;72;27;4;sea;false;ocean;0
14375;23;0;3;sea;false;ocean;0
14376;26;0;46;sea;true;ocean;0
14377;65;1;46;sea;false;ocean;0
14378;90;7;76;sea;false;ocean;0
14379;2;48;23;sea;false;ocean;0
14380;4;1;45;sea;true;ocean;0
14381;8;51;87;sea;false;ocean;0
14382;40;22;0;sea;false;ocean;0
14383;24;10;0;sea;false;ocean;0
14384;3;4;99;sea;false;ocean;0
14385;0;25;16;sea;false;ocean;0
14386;97;1;63;sea;true;ocean;0
14387;29;23;1;sea;true;ocean;0
14388;79;47;6;sea;true;ocean;0
14389;0;25;29;sea;false;ocean;0
14390;92;0;59;sea;true;ocean;0
14391;3;9;66;sea;false;ocean;0
14392;1;33;2;sea;false;ocean;0
14393;44;87;7;sea;true;ocean;0
14394;0;19;27;sea;false;ocean;0
14395;0;57;30;sea;true;ocean;0
14396;70;53;4;sea;false;ocean;0
14397;0;41;45;sea;true;ocean;0
14398;59;5;72;sea;false;ocean;0
14399;0;51;14;sea;false;ocean;0
14400;5;67;83;sea;true;ocean;0
14401;32;77;4;sea;true;ocean;0
14402;1;30;57;sea;false;ocean;0
14403;0;25;3;sea;true;ocean;0
14404;33;37;1;sea;true;ocean;0
14405;4;33;67;sea;true;ocean;0
14406;12;0;89;sea;false;ocean;0
14407;1;7;100;sea;false;ocean;0
14408;77;6;15;sea;false;ocean;0
14409;72;46;1;sea;false;ocean;0
14410;32;8;83;sea;true;ocean;0
14411;11;20;0;sea;false;ocean;0
14412;64;46;3;sea;false;ocean;0
14413;88;47;7;sea;false;ocean;0
14414;0;44;76;sea;true;ocean;0
14415;4;57;60;sea;true;ocean;0
14416;69;5;65;sea;true;ocean;0
14417;4;75;56;sea;true;ocean;0
14418;26;78;1;sea;true;ocean;0
14419;2;54;61;sea;true;ocean;0
14420;2;45;38;sea;true;ocean;0
14421;13;0;26;sea;false;ocean;0
14422;55;66;0;sea;true;ocean;0
14423;76;3;70;sea;false;ocean;0
14424;1;52;54;sea;true;ocean;0
14425;44;4;74;sea;true;ocean;0
14426;4;62;97;sea;true;ocean;0
14427;18;31;1;sea;false;ocean;0
14428;3;23;64;sea;true;ocean;0
14429;64;0;0;sea;false;ocean;0
14430;76;47;3;sea;false;ocean;0
14431;63;52;4;sea;false;ocean;0
14432;71;1;53;sea;true;ocean;0
14433;30;0;19;sea;false;ocean;0
14434;42;100;1;sea;true;ocean;0
14435;24;20;0;sea;false;ocean;0
14436;0;46;85;sea;true;ocean;0
14437;20;0;12;sea;true;ocean;0
14438;0;0;23;sea;true;ocean;0
14439;94;7;18;sea;true;ocean;0
14440;0;48;62;sea;false;ocean;0
14441;82;8;8;sea;false;ocean;0
14442;33;1;24;sea;false;ocean;0
14443;39;0;9;sea;true;ocean;0
14444;47;49;2;sea;false;ocean;0
14445;6;13;79;sea;false;ocean;0
14446;0;27;1;sea;false;ocean;0
14447;6;37;0;sea;true;ocean;0
14448;8;67;4;sea;false;ocean;0
14449;60;4;25;sea;false;ocean;0
14450;7;64;80;sea;false;ocean;0
14451;36;0;26;sea;true;ocean;0
14452;27;1;27;sea;true;ocean;0
14453;39;1;60;sea;false;ocean;0
14454;33;1;34;sea;true;ocean;0
14455;63;2;18;sea;false;ocean;0
14456;0;63;54;sea;false;ocean;0
14457;6;81;76;sea;false;ocean;0
14458;95;5;53;sea;false;ocean;0
14459;2;14;69;sea;false;ocean;0
14460;4;28;67;sea;false;ocean;0
14461;2;63;81;sea;true;ocean;0
14462;4;81;55;sea;false;ocean;0
14463;1;1;37;sea;false;ocean;0
14464;4;63;48;sea;false;ocean;0
14465;0;31;26;sea;false;ocean;0
14466;19;23;0;sea;true;ocean;0
14467;58;1;30;sea;false;ocean;0
14468;80;3;9;sea;true;ocean;0
14469;1;31;46;sea;false;ocean;0
14470;19;52;3;sea;true;ocean;0
14471;17;56;1;sea;true;ocean;0
14472;34;0;33;sea;true;ocean;0
14473;34;66;0;sea;true;ocean;0
14474;0;58;39;sea;false;ocean;0
14475;2;28;50;sea;true;ocean;0
14476;78;5;29;sea;false;ocean;0
14477;92;5;55;sea;false;ocean;0
14478;8;1;35;sea;false;ocean;0
14479;64;4;47;sea;true;ocean;0
14480;15;57;1;sea;false;ocean;0
14481;11;48;0;sea;false;ocean;0
14482;23;2;59;sea;true;ocean;0
14483;0;23;12;sea;false;ocean;0
14484;84;7;63;sea;false;ocean;0
14485;68;0;16;sea;false;ocean;0
14486;57;4;61;sea;true;ocean;0
14487;1;80;26;sea;false;ocean;0
14488;0;10;32;sea;false;ocean;0
14489;98;1;68;sea;false;ocean;0
14490;48;0;81;sea;false;ocean;0
14491;18;29;1;sea;true;ocean;0
14492;75;6;45;sea;true;ocean;0
14493;45;69;2;sea;true;ocean;0
14494;33;12;0;sea;false;ocean;0
14495;20;22;0;sea;true;ocean;0
14496;42;7;86;sea;false;ocean;0
14497;41;79;1;sea;false;ocean;0
14498;41;8;1;sea;false;ocean;0
14499;4;44;86;sea;false;ocean;0
14500;47;88;9;sea;false;ocean;0
14501;23;0;1;sea;false;ocean;0
14502;16;23;0;sea;false;ocean;0
14503;87;4;8;sea;false;ocean;0
14504;68;3;37;sea;true;ocean;0
14505;31;22;1;sea;false;ocean;0
14506;38;33;1;sea;false;ocean;0
14507;87;1;93;sea;true;ocean;0
14508;1;13;48;sea;false;ocean;0
14509;2;4;46;sea;false;ocean;0
14510;4;3;57;sea;true;ocean;0
14511;81;5;78;sea;false;ocean;0
14512;89;0;9;sea;false;ocean;0
14513;1;21;30;sea;true;ocean;0
14514;44;25;1;sea;false;ocean;0
14515;40;79;4;sea;false;ocean;0
14516;80;7;94;sea;false;ocean;0
14517;80;57;1;sea;true;ocean;0
14518;64;3;24;sea;true;ocean;0
14519;45;6;1;sea;false;ocean;0
14520;3;59;15;sea;false;ocean;0
14521;1;25;79;sea;false;ocean;0
14522;94;5;42;sea;false;ocean;0
14523;89;0;65;sea;false;ocean;0
14524;0;42;38;sea;true;ocean;0
14525;1;2;45;sea;true;ocean;0
14526;95;4;3;sea;false;ocean;0
14527;24;0;92;sea;false;ocean;0
14528;37;29;1;sea;false;ocean;0
14529;29;37;0;sea;true;ocean;0
14530;58;49;0;sea;false;ocean;0
14531;0;60;13;sea;true;ocean;0
14532;56;3;9;sea;true;ocean;0
14533;0;3;27;sea;true;ocean;0
14534;30;8;83;sea;false;ocean;0
14535;93;37;7;sea;false;ocean;0
14536;0;6;60;sea;false;ocean;0
14537;1;25;41;sea;true;ocean;0
14538;58;91;10;sea;true;ocean;0
14539;62;3;31;sea;true;ocean;0
14540;75;2;48;sea;false;ocean;0
14541;7;0;22;sea;false;ocean;0
14542;2;44;52;sea;false;ocean;0
14543;2;5;45;sea;true;ocean;0
14544;37;1;31;sea;true;ocean;0
14545;23;59;3;sea;false;ocean;0
14546;0;78;25;sea;false;ocean;0
14547;34;0;22;sea;false;ocean;0
14548;52;5;76;sea;false;ocean;0
14549;90;36;4;sea;false;ocean;0
14550;36;49;1;sea;false;ocean;0
14551;1;14;25;sea;false;ocean;0
14552;22;60;4;sea;false;ocean;0
14553;32;20;1;sea;true;ocean;0
14554;2;33;89;sea;false;ocean;0
14555;69;1;76;sea;false;ocean;0
14556;4;61;37;sea;true;ocean;0
14557;5;77;3;sea;false;ocean;0
14558;1;25;10;sea;true;ocean;0
14559;34;1;30;sea;false;ocean;0
14560;1;44;18;sea;false;ocean;0
14561;4;12;69;sea;true;ocean;0
14562;50;63;3;sea;true;ocean;0
14563;5;73;28;sea;false;ocean;0
14564;7;89;42;sea;false;ocean;0
14565;58;3;11;sea;false;ocean;0
14566;37;52;2;sea;false;ocean;0
14567;8;88;83;sea;false;ocean;0
14568;1;42;43;sea;false;ocean;0
14569;67;0;56;sea;false;ocean;0
14570;1;19;53;sea;false;ocean;0
14571;0;3;25;sea;true;ocean;0
14572;43;2;70;sea;false;ocean;0
14573;78;61;1;sea;false;ocean;0
14574;87;77;2;sea;true;ocean;0
14575;0;14;28;sea;false;ocean;0
14576;28;27;1;sea;false;ocean;0
14577;12;0;99;sea;false;ocean;0
14578;58;1;28;sea;true;ocean;0
14579;15;47;1;sea;true;ocean;0
14580;5;91;9;sea;false;ocean;0
14581;6;20;79;sea;false;ocean;0
14582;3;31;71;sea;false;ocean;0
14583;0;78;52;sea;true;ocean;0
14584;92;82;9;sea;true;ocean;0
14585;3;37;51;sea;false;ocean;0
14586;51;49;1;sea;false;ocean;0
14587;94;2;21;sea;false;ocean;0
14588;2;48;12;sea;true;ocean;0
14589;0;28;10;sea;false;ocean;0
14590;58;2;73;sea;true;ocean;0
14591;22;36;1;sea;false;ocean;0
14592;31;8;1;sea;false;ocean;0
14593;14;40;2;sea;false;ocean;0
14594;25;41;2;sea;true;ocean;0
14595;9;34;1;sea;true;ocean;0
14596;1;25;4;sea;false;ocean;0
14597;4;0;24;sea;true;ocean;0
14598;1;17;93;sea;false;ocean;0
14599;54;1;81;sea;false;ocean;0
14600;34;62;3;sea;true;ocean;0
14601;40;42;0;sea;false;ocean;0
14602;40;74;1;sea;false;ocean;0
14603;91;6;94;sea;false;ocean;0
14604;1;25;56;sea;true;ocean;0
14605;5;3;73;sea;false;ocean;0
14606;70;0;24;sea;false;ocean;0
14607;5;68;67;sea;true;ocean;0
14608;4;90;75;sea;false;ocean;0
14609;88;28;4;sea;false;ocean;0
14610;11;2;90;sea;true;ocean;0
14611;3;51;11;sea;false;ocean;0
14612;2;37;63;sea;true;ocean;0
14613;58;2;56;sea;true;ocean;0
14614;0;27;25;sea;false;ocean;0
14615;24;0;72;sea;false;ocean;0
14616;0;23;7;sea;false;ocean;0
14617;32;32;1;sea;false;ocean;0
14618;30;1;40;sea;false;ocean;0
14619;60;58;3;sea;false;ocean;0
14620;87;22;7;sea;false;ocean;0
14621;23;6;0;sea;false;ocean;0
14622;25;3;55;sea;false;ocean;0
14623;1;97;18;sea;false;ocean;0
14624;94;7;67;sea;false;ocean;0
14625;6;35;95;sea;false;ocean;0
14626;48;1;20;sea;false;ocean;0
14627;48;2;18;sea;true;ocean;0
14628;2;51;35;sea;true;ocean;0
14629;50;82;2;sea;false;ocean;0
14630;37;1;1;sea;true;ocean;0
14631;76;25;3;sea;true;ocean;0
14632;1;9;33;sea;true;ocean;0
14633;4;9;62;sea;false;ocean;0
14634;0;41;28;sea;true;ocean;0
14635;67;4;44;sea;false;ocean;0
14636;72;2;74;sea;false;ocean;0
14637;4;55;69;sea;false;ocean;0
14638;86;7;36;sea;false;ocean;0
14639;5;58;74;sea;true;ocean;0
14640;93;90;5;sea;true;ocean;0
14641;87;51;4;sea;true;ocean;0
14642;2;39;46;sea;true;ocean;0
14643;4;63;67;sea;true;ocean;0
14644;26;84;7;sea;false;ocean;0
14645;10;31;0;sea;false;ocean;0
14646;7;2;79;sea;false;ocean;0
14647;57;37;1;sea;true;ocean;0
14648;50;3;36;sea;false;ocean;0
14649;26;1;25;sea;true;ocean;0
14650;2;93;41;sea;false;ocean;0
14651;17;1;50;sea;false;ocean;0
14652;1;26;38;sea;false;ocean;0
14653;2;52;56;sea;true;ocean;0
14654;1;29;30;sea;true;ocean;0
14655;37;19;0;sea;true;ocean;0
14656;21;26;0;sea;false;ocean;0
14657;1;53;62;sea;false;ocean;0
14658;1;25;45;sea;true;ocean;0
14659;3;72;43;sea;false;ocean;0
14660;4;0;23;sea;false;ocean;0
14661;80;41;3;sea;false;ocean;0
14662;61;1;57;sea;true;ocean;0
14663;2;66;18;sea;false;ocean;0
14664;71;32;2;sea;false;ocean;0
14665;57;66;2;sea;false;ocean;0
14666;32;1;73;sea;false;ocean;0
14667;5;12;93;sea;false;ocean;0
14668;37;44;1;sea;true;ocean;0
14669;69;83;0;sea;false;ocean;0
14670;35;1;24;sea;false;ocean;0
14671;18;36;1;sea;true;ocean;0
14672;56;1;31;sea;false;ocean;0
14673;60;2;10;sea;false;ocean;0
14674;2;44;29;sea;true;ocean;0
14675;6;82;60;sea;true;ocean;0
14676;5;10;91;sea;false;ocean;0
14677;0;40;13;sea;false;ocean;0
14678;36;5;0;sea;true;ocean;0
14679;64;84;7;sea;false;ocean;0
14680;12;0;44;sea;false;ocean;0
14681;0;2;23;sea;true;ocean;0
14682;28;7;80;sea;false;ocean;0
14683;35;32;0;sea;true;ocean;0
14684;99;3;37;sea;false;ocean;0
14685;44;84;6;sea;false;ocean;0
14686;62;3;36;sea;true;ocean;0
14687;35;28;0;sea;true;ocean;0
14688;72;1;35;sea;false;ocean;0
14689;39;2;31;sea;true;ocean;0
14690;73;5;70;sea;true;ocean;0
14691;49;4;1;sea;true;ocean;0
14692;1;54;13;sea;false;ocean;0
14693;66;51;1;sea;true;ocean;0
14694;54;51;1;sea;false;ocean;0
14695;10;1;50;sea;false;ocean;0
14696;1;9;32;sea;true;ocean;0
14697;1;16;25;sea;false;ocean;0
14698;1;30;11;sea;false;ocean;0
14699;47;94;7;sea;false;ocean;0
14700;0;21;23;sea;false;ocean;0
14701;22;5;91;sea;false;ocean;0
14702;20;2;43;sea;true;ocean;0
14703;43;2;33;sea;false;ocean;0
14704;2;86;44;sea;false;ocean;0
14705;0;27;4;sea;false;ocean;0
14706;7;75;89;sea;false;ocean;0
14707;15;91;4;sea;false;ocean;0
14708;1;29;4;sea;false;ocean;0
14709;22;5;0;sea;false;ocean;0
14710;2;38;48;sea;false;ocean;0
14711;0;33;29;sea;false;ocean;0
14712;27;7;1;sea;true;ocean;0
14713;84;100;1;sea;false;ocean;0
14714;31;3;73;sea;false;ocean;0
14715;36;1;74;sea;false;ocean;0
14716;83;3;30;sea;true;ocean;0
14717;82;71;2;sea;false;ocean;0
14718;27;3;0;sea;false;ocean;0
14719;23;57;2;sea;false;ocean;0
14720;71;13;5;sea;false;ocean;0
14721;29;2;44;sea;true;ocean;0
14722;19;63;4;sea;false;ocean;0
14723;7;27;0;sea;false;ocean;0
14724;46;1;41;sea;false;ocean;0
14725;68;2;8;sea;true;ocean;0
14726;0;24;0;sea;true;ocean;0
14727;7;46;94;sea;true;ocean;0
14728;7;0;24;sea;false;ocean;0
14729;4;9;81;sea;false;ocean;0
14730;4;67;14;sea;true;ocean;0
14731;4;28;86;sea;true;ocean;0
14732;57;1;38;sea;true;ocean;0
14733;42;1;7;sea;false;ocean;0
14734;21;89;9;sea;true;ocean;0
14735;31;1;77;sea;false;ocean;0
14736;8;6;74;sea;true;ocean;0
14737;3;83;92;sea;true;ocean;0
14738;70;43;3;sea;false;ocean;0
14739;31;64;0;sea;false;ocean;0
14740;43;63;4;sea;true;ocean;0
14741;21;0;2;sea;false;ocean;0
14742;1;43;39;sea;false;ocean;0
14743;77;77;0;sea;false;ocean;0
14744;81;2;9;sea;false;ocean;0
14745;11;4;69;sea;false;ocean;0
14746;17;79;4;sea;false;ocean;0
14747;15;0;33;sea;false;ocean;0
14748;88;7;20;sea;false;ocean;0
14749;33;0;34;sea;true;ocean;0
14750;29;0;38;sea;true;ocean;0
14751;31;21;1;sea;true;ocean;0
14752;20;2;50;sea;true;ocean;0
14753;31;0;39;sea;true;ocean;0
14754;99;47;0;sea;true;ocean;0
14755;59;46;1;sea;true;ocean;0
14756;76;12;4;sea;true;ocean;0
14757;24;17;0;sea;false;ocean;0
14758;58;9;89;sea;false;ocean;0
14759;41;97;2;sea;true;ocean;0
14760;80;55;4;sea;false;ocean;0
14761;89;43;8;sea;true;ocean;0
14762;7;84;36;sea;true;ocean;0
14763;1;41;85;sea;false;ocean;0
14764;59;3;0;sea;false;ocean;0
14765;85;12;8;sea;false;ocean;0
14766;35;1;11;sea;false;ocean;0
14767;43;1;33;sea;false;ocean;0
14768;36;19;1;sea;false;ocean;0
14769;0;21;44;sea;false;ocean;0
14770;88;5;77;sea;false;ocean;0
14771;89;3;52;sea;false;ocean;0
14772;2;69;48;sea;false;ocean;0
14773;36;1;22;sea;true;ocean;0
14774;50;1;9;sea;false;ocean;0
14775;22;83;8;sea;true;ocean;0
14776;31;91;1;sea;false;ocean;0
14777;0;21;31;sea;false;ocean;0
14778;32;47;1;sea;false;ocean;0
14779;1;33;32;sea;true;ocean;0
14780;8;10;93;sea;false;ocean;0
14781;49;1;1;sea;false;ocean;0
14782;78;0;35;sea;false;ocean;0
14783;32;9;89;sea;true;ocean;0
14784;1;27;23;sea;true;ocean;0
14785;1;51;4;sea;true;ocean;0
14786;88;71;6;sea;false;ocean;0
14787;90;9;34;sea;false;ocean;0
14788;3;75;15;sea;true;ocean;0
14789;66;26;4;sea;true;ocean;0
14790;74;3;56;sea;true;ocean;0
14791;6;0;35;sea;true;ocean;0
14792;1;28;29;sea;true;ocean;0
14793;59;1;20;sea;false;ocean;0
14794;71;5;75;sea;true;ocean;0
14795;95;30;6;sea;false;ocean;0
14796;56;42;3;sea;false;ocean;0
14797;7;2;78;sea;true;ocean;0
14798;32;21;1;sea;true;ocean;0
14799;26;3;0;sea;false;ocean;0
14800;6;71;39;sea;true;ocean;0
14801;49;35;1;sea;false;ocean;0
14802;2;16;53;sea;false;ocean;0
14803;1;31;35;sea;false;ocean;0
14804;36;38;0;sea;false;ocean;0
14805;5;55;69;sea;false;ocean;0
14806;0;37;50;sea;false;ocean;0
14807;0;30;31;sea;false;ocean;0
14808;53;1;52;sea;true;ocean;0
14809;0;31;32;sea;false;ocean;0
14810;51;50;3;sea;false;ocean;0
14811;43;46;1;sea;true;ocean;0
14812;4;1;57;sea;true;ocean;0
14813;25;29;0;sea;false;ocean;0
14814;27;0;23;sea;true;ocean;0
14815;3;99;38;sea;true;ocean;0
14816;86;7;53;sea;true;ocean;0
14817;63;86;1;sea;false;ocean;0
14818;50;1;88;sea;false;ocean;0
14819;1;47;11;sea;false;ocean;0
14820;0;4;39;sea;true;ocean;0
14821;33;2;50;sea;false;ocean;0
14822;7;1;55;sea;false;ocean;0
14823;1;29;20;sea;false;ocean;0
14824;5;10;77;sea;false;ocean;0
14825;1;42;34;sea;true;ocean;0
14826;31;0;53;sea;false;ocean;0
14827;16;81;4;sea;false;ocean;0
14828;27;84;5;sea;false;ocean;0
14829;1;55;64;sea;true;ocean;0
14830;67;5;12;sea;true;ocean;0
14831;9;2;65;sea;false;ocean;0
14832;46;2;15;sea;false;ocean;0
14833;1;44;46;sea;true;ocean;0
14834;0;33;13;sea;true;ocean;0
14835;68;51;2;sea;false;ocean;0
14836;34;56;3;sea;false;ocean;0
14837;1;41;95;sea;true;ocean;0
14838;18;4;73;sea;false;ocean;0
14839;22;1;26;sea;false;ocean;0
14840;22;2;48;sea;true;ocean;0
14841;3;28;0;sea;false;ocean;0
14842;62;34;1;sea;false;ocean;0
14843;71;64;4;sea;true;ocean;0
14844;94;5;93;sea;false;ocean;0
14845;8;23;82;sea;true;ocean;0
14846;43;0;31;sea;false;ocean;0
14847;89;51;4;sea;false;ocean;0
14848;1;36;61;sea;false;ocean;0
14849;31;1;23;sea;true;ocean;0
14850;25;27;0;sea;false;ocean;0
14851;28;46;1;sea;true;ocean;0
14852;6;85;85;sea;true;ocean;0
14853;51;30;2;sea;true;ocean;0
14854;9;3;57;sea;false;ocean;0
14855;0;27;2;sea;true;ocean;0
14856;81;1;23;sea;false;ocean;0
14857;8;38;0;sea;false;ocean;0
14858;1;73;53;sea;false;ocean;0
14859;49;5;68;sea;false;ocean;0
14860;0;23;11;sea;false;ocean;0
14861;1;47;45;sea;true;ocean;0
14862;2;46;48;sea;true;ocean;0
14863;45;0;75;sea;false;ocean;0
14864;60;2;50;sea;true;ocean;0
14865;24;1;31;sea;false;ocean;0
14866;48;71;1;sea;false;ocean;0
14867;97;101;1;sea;false;ocean;0
14868;1;23;38;sea;false;ocean;0
14869;33;39;1;sea;false;ocean;0
14870;40;4;91;sea;false;ocean;0
14871;1;5;64;sea;false;ocean;0
14872;49;0;61;sea;false;ocean;0
14873;1;0;21;sea;false;ocean;0
14874;3;89;6;sea;false;ocean;0
14875;15;29;0;sea;false;ocean;0
14876;13;70;1;sea;false;ocean;0
14877;27;0;45;sea;false;ocean;0
14878;45;94;5;sea;false;ocean;0
14879;44;1;44;sea;false;ocean;0
14880;2;68;40;sea;false;ocean;0
14881;7;93;70;sea;false;ocean;0
14882;21;31;1;sea;false;ocean;0
14883;6;56;81;sea;false;ocean;0
14884;21;17;0;sea;false;ocean;0
14885;54;2;8;sea;true;ocean;0
14886;1;36;23;sea;false;ocean;0
14887;30;31;1;sea;false;ocean;0
14888;11;0;22;sea;false;ocean;0
14889;13;1;43;sea;false;ocean;0
14890;1;15;23;sea;true;ocean;0
14891;2;42;67;sea;true;ocean;0
14892;0;15;34;sea;true;ocean;0
14893;98;8;2;sea;false;ocean;0
14894;2;87;25;sea;true;ocean;0
14895;89;6;10;sea;false;ocean;0
14896;1;36;19;sea;false;ocean;0
14897;4;1;24;sea;false;ocean;0
14898;0;29;0;sea;false;ocean;0
14899;0;5;25;sea;true;ocean;0
14900;4;3;55;sea;false;ocean;0
14901;17;30;0;sea;true;ocean;0
14902;14;34;0;sea;true;ocean;0
14903;26;50;1;sea;false;ocean;0
14904;65;71;6;sea;true;ocean;0
14905;13;5;74;sea;true;ocean;0
14906;1;20;54;sea;false;ocean;0
14907;1;12;29;sea;false;ocean;0
14908;75;47;1;sea;false;ocean;0
14909;32;1;31;sea;true;ocean;0
14910;78;56;4;sea;true;ocean;0
14911;69;32;1;sea;true;ocean;0
14912;34;1;15;sea;false;ocean;0
14913;36;12;0;sea;true;ocean;0
14914;94;4;57;sea;true;ocean;0
14915;46;22;2;sea;false;ocean;0
14916;28;2;67;sea;true;ocean;0
14917;38;0;37;sea;false;ocean;0
14918;41;4;60;sea;true;ocean;0
14919;3;73;38;sea;true;ocean;0
14920;35;3;1;sea;false;ocean;0
14921;64;36;0;sea;false;ocean;0
14922;28;20;0;sea;false;ocean;0
14923;46;29;1;sea;false;ocean;0
14924;98;1;39;sea;false;ocean;0
14925;5;77;86;sea;false;ocean;0
14926;13;4;80;sea;false;ocean;0
14927;50;8;2;sea;true;ocean;0
14928;4;23;64;sea;false;ocean;0
14929;12;28;0;sea;false;ocean;0
14930;42;2;38;sea;true;ocean;0
14931;2;54;13;sea;false;ocean;0
14932;31;0;14;sea;true;ocean;0
14933;11;94;7;sea;false;ocean;0
14934;60;23;1;sea;true;ocean;0
14935;28;34;1;sea;false;ocean;0
14936;28;66;2;sea;false;ocean;0
14937;0;12;30;sea;false;ocean;0
14938;33;87;7;sea;true;ocean;0
14939;8;87;79;sea;true;ocean;0
14940;12;5;94;sea;false;ocean;0
14941;2;25;61;sea;false;ocean;0
14942;0;40;55;sea;false;ocean;0
14943;4;38;82;sea;false;ocean;0
14944;30;0;24;sea;true;ocean;0
14945;3;28;55;sea;false;ocean;0
14946;7;74;81;sea;false;ocean;0
14947;81;1;49;sea;false;ocean;0
14948;57;17;1;sea;false;ocean;0
14949;63;3;45;sea;false;ocean;0
14950;24;79;2;sea;false;ocean;0
14951;1;55;10;sea;false;ocean;0
14952;57;20;1;sea;false;ocean;0
14953;85;8;54;sea;false;ocean;0
14954;85;0;66;sea;false;ocean;0
14955;28;5;1;sea;false;ocean;0
14956;53;73;6;sea;false;ocean;0
14957;76;98;1;sea;false;ocean;0
14958;42;0;11;sea;false;ocean;0
14959;94;65;1;sea;true;ocean;0
14960;53;1;20;sea;true;ocean;0
14961;45;3;59;sea;true;ocean;0
14962;1;18;57;sea;false;ocean;0
14963;2;49;28;sea;false;ocean;0
14964;34;1;9;sea;true;ocean;0
14965;2;43;15;sea;false;ocean;0
14966;85;9;5;sea;false;ocean;0
14967;79;48;1;sea;false;ocean;0
14968;59;70;5;sea;false;ocean;0
14969;20;28;0;sea;true;ocean;0
14970;59;31;2;sea;false;ocean;0
14971;53;0;51;sea;true;ocean;0
14972;1;4;50;sea;false;ocean;0
14973;91;100;1;sea;true;ocean;0
14974;47;2;48;sea;true;ocean;0
14975;22;1;47;sea;false;ocean;0
14976;4;98;3;sea;false;ocean;0
14977;10;79;2;sea;false;ocean;0
14978;48;2;37;sea;false;ocean;0
14979;64;2;7;sea;false;ocean;0
14980;88;69;3;sea;false;ocean;0
14981;77;5;63;sea;true;ocean;0
14982;27;0;21;sea;true;ocean;0
14983;89;37;4;sea;false;ocean;0
14984;95;4;11;sea;false;ocean;0
14985;6;77;80;sea;false;ocean;0
14986;34;1;27;sea;false;ocean;0
14987;5;78;90;sea;true;ocean;0
14988;4;12;83;sea;false;ocean;0
14989;3;63;12;sea;true;ocean;0
14990;62;1;58;sea;false;ocean;0
14991;43;0;22;sea;true;ocean;0
14992;15;0;44;sea;false;ocean;0
14993;4;58;33;sea;false;ocean;0
14994;0;8;55;sea;false;ocean;0
14995;9;57;0;sea;false;ocean;0
14996;28;1;22;sea;false;ocean;0
14997;76;6;84;sea;false;ocean;0
14998;27;1;22;sea;false;ocean;0
14999;1;25;46;sea;true;ocean;0
15000;41;51;3;sea;false;ocean;0
15001;0;64;82;sea;true;ocean;0
15002;42;1;32;sea;true;ocean;0
15003;43;70;2;sea;false;ocean;0
15004;48;1;7;sea;true;ocean;0
15005;68;2;27;sea;true;ocean;0
15006;0;4;48;sea;false;ocean;0
15007;1;25;44;sea;false;ocean;0
15008;15;59;0;sea;true;ocean;0
15009;2;58;3;sea;false;ocean;0
15010;31;0;0;sea;false;ocean;0
15011;38;0;31;sea;false;ocean;0
15012;64;13;4;sea;false;ocean;0
15013;1;53;71;sea;true;ocean;0
15014;62;3;9;sea;false;ocean;0
15015;1;70;78;sea;true;ocean;0
15016;3;55;42;sea;true;ocean;0
15017;64;24;2;sea;false;ocean;0
15018;23;0;20;sea;true;ocean;0
15019;53;3;38;sea;false;ocean;0
15020;14;2;49;sea;false;ocean;0
15021;37;2;41;sea;false;ocean;0
15022;1;39;7;sea;true;ocean;0
15023;1;14;35;sea;false;ocean;0
15024;31;2;59;sea;false;ocean;0
15025;13;42;1;sea;false;ocean;0
15026;2;23;0;sea;false;ocean;0
15027;1;14;37;sea;false;ocean;0
15028;17;47;1;sea;true;ocean;0
15029;4;14;89;sea;false;ocean;0
15030;1;9;34;sea;true;ocean;0
15031;3;55;51;sea;false;ocean;0
15032;54;62;0;sea;false;ocean;0
15033;72;50;2;sea;false;ocean;0
15034;28;38;0;sea;false;ocean;0
15035;0;84;35;sea;false;ocean;0
15036;27;0;31;sea;false;ocean;0
15037;5;48;85;sea;false;ocean;0
15038;2;76;90;sea;false;ocean;0
15039;2;53;25;sea;false;ocean;0
15040;54;36;2;sea;false;ocean;0
15041;1;18;97;sea;false;ocean;0
15042;21;1;38;sea;false;ocean;0
15043;1;2;39;sea;true;ocean;0
15044;0;24;18;sea;true;ocean;0
15045;21;2;39;sea;false;ocean;0
15046;88;9;21;sea;false;ocean;0
15047;58;3;6;sea;true;ocean;0
15048;2;5;73;sea;false;ocean;0
15049;3;16;68;sea;false;ocean;0
15050;28;47;2;sea;false;ocean;0
15051;47;1;0;sea;false;ocean;0
15052;4;83;83;sea;true;ocean;0
15053;0;18;52;sea;true;ocean;0
15054;59;2;47;sea;true;ocean;0
15055;2;28;47;sea;false;ocean;0
15056;43;49;1;sea;false;ocean;0
15057;1;5;49;sea;false;ocean;0
15058;30;77;1;sea;false;ocean;0
15059;29;54;1;sea;false;ocean;0
15060;77;59;0;sea;true;ocean;0
15061;59;55;1;sea;true;ocean;0
15062;27;15;0;sea;false;ocean;0
15063;5;74;69;sea;true;ocean;0
15064;23;65;3;sea;true;ocean;0
15065;48;1;58;sea;false;ocean;0
15066;24;25;0;sea;true;ocean;0
15067;16;20;0;sea;false;ocean;0
15068;0;53;32;sea;false;ocean;0
15069;53;3;31;sea;false;ocean;0
15070;38;2;66;sea;false;ocean;0
15071;48;2;55;sea;false;ocean;0
15072;11;33;1;sea;false;ocean;0
15073;39;1;37;sea;false;ocean;0
15074;31;67;5;sea;false;ocean;0
15075;43;5;64;sea;true;ocean;0
15076;1;33;21;sea;false;ocean;0
15077;1;23;96;sea;true;ocean;0
15078;43;20;1;sea;false;ocean;0
15079;100;1;4;sea;true;ocean;0
15080;50;77;1;sea;false;ocean;0
15081;4;50;83;sea;false;ocean;0
15082;41;14;2;sea;true;ocean;0
15083;40;0;10;sea;false;ocean;0
15084;68;90;4;sea;false;ocean;0
15085;1;46;6;sea;true;ocean;0
15086;1;34;22;sea;true;ocean;0
15087;89;60;3;sea;true;ocean;0
15088;9;26;0;sea;true;ocean;0
15089;81;4;81;sea;false;ocean;0
15090;62;2;52;sea;false;ocean;0
15091;1;3;54;sea;true;ocean;0
15092;4;29;0;sea;false;ocean;0
15093;73;9;90;sea;true;ocean;0
15094;5;42;1;sea;true;ocean;0
15095;55;70;1;sea;false;ocean;0
15096;4;53;66;sea;true;ocean;0
15097;47;2;72;sea;false;ocean;0
15098;61;0;76;sea;true;ocean;0
15099;17;0;32;sea;true;ocean;0
15100;73;15;1;sea;false;ocean;0
15101;1;6;23;sea;false;ocean;0
15102;4;42;61;sea;false;ocean;0
15103;41;23;1;sea;false;ocean;0
15104;87;9;25;sea;true;ocean;0
15105;12;0;20;sea;false;ocean;0
15106;63;1;69;sea;true;ocean;0
15107;63;78;3;sea;false;ocean;0
15108;38;2;74;sea;false;ocean;0
15109;44;1;19;sea;true;ocean;0
15110;34;1;25;sea;false;ocean;0
15111;3;82;38;sea;false;ocean;0
15112;51;23;1;sea;false;ocean;0
15113;37;13;1;sea;false;ocean;0
15114;63;1;89;sea;false;ocean;0
15115;0;21;17;sea;false;ocean;0
15116;1;41;24;sea;false;ocean;0
15117;14;1;27;sea;false;ocean;0
15118;94;1;16;sea;false;ocean;0
15119;78;5;58;sea;true;ocean;0
15120;20;69;2;sea;true;ocean;0
15121;1;41;12;sea;true;ocean;0
15122;8;4;96;sea;true;ocean;0
15123;3;82;66;sea;false;ocean;0
15124;0;13;32;sea;true;ocean;0
15125;22;2;56;sea;false;ocean;0
15126;75;14;5;sea;true;ocean;0
15127;1;81;63;sea;false;ocean;0
15128;1;9;46;sea;false;ocean;0
15129;2;23;49;sea;false;ocean;0
15130;28;1;12;sea;false;ocean;0
15131;46;3;62;sea;true;ocean;0
15132;0;2;96;sea;false;ocean;0
15133;73;1;66;sea;false;ocean;0
15134;19;0;30;sea;false;ocean;0
15135;24;50;1;sea;false;ocean;0
15136;97;10;4;sea;false;ocean;0
15137;26;1;18;sea;false;ocean;0
15138;55;2;85;sea;false;ocean;0
15139;32;12;1;sea;true;ocean;0
15140;62;62;3;sea;false;ocean;0
15141;45;6;87;sea;false;ocean;0
15142;16;2;81;sea;false;ocean;0
15143;4;50;64;sea;false;ocean;0
15144;1;59;4;sea;false;ocean;0
15145;26;30;0;sea;true;ocean;0
15146;7;47;86;sea;false;ocean;0
15147;3;79;79;sea;true;ocean;0
15148;91;8;78;sea;false;ocean;0
15149;76;29;4;sea;true;ocean;0
15150;3;46;84;sea;true;ocean;0
15151;23;5;67;sea;true;ocean;0
15152;2;74;9;sea;true;ocean;0
15153;17;54;0;sea;true;ocean;0
15154;55;1;29;sea;false;ocean;0
15155;18;33;1;sea;false;ocean;0
15156;81;5;24;sea;true;ocean;0
15157;56;51;2;sea;true;ocean;0
15158;1;32;2;sea;false;ocean;0
15159;0;24;20;sea;false;ocean;0
15160;50;1;55;sea;false;ocean;0
15161;83;74;0;sea;true;ocean;0
15162;92;79;7;sea;false;ocean;0
15163;25;12;0;sea;false;ocean;0
15164;74;4;7;sea;false;ocean;0
15165;93;83;4;sea;false;ocean;0
15166;24;98;1;sea;true;ocean;0
15167;4;53;61;sea;false;ocean;0
15168;57;1;18;sea;false;ocean;0
15169;2;10;52;sea;true;ocean;0
15170;7;28;1;sea;true;ocean;0
15171;29;0;4;sea;false;ocean;0
15172;0;8;72;sea;false;ocean;0
15173;66;8;0;sea;false;ocean;0
15174;37;24;1;sea;false;ocean;0
15175;1;32;38;sea;false;ocean;0
15176;35;2;1;sea;false;ocean;0
15177;84;0;48;sea;false;ocean;0
15178;2;53;61;sea;true;ocean;0
15179;54;10;1;sea;true;ocean;0
15180;5;63;3;sea;true;ocean;0
15181;30;68;4;sea;false;ocean;0
15182;33;3;59;sea;false;ocean;0
15183;1;1;29;sea;false;ocean;0
15184;2;22;80;sea;false;ocean;0
15185;0;31;1;sea;false;ocean;0
15186;69;2;2;sea;false;ocean;0
15187;59;60;2;sea;true;ocean;0
15188;38;73;3;sea;false;ocean;0
15189;65;68;3;sea;true;ocean;0
15190;92;68;10;sea;true;ocean;0
15191;19;69;3;sea;false;ocean;0
15192;3;33;61;sea;false;ocean;0
15193;1;88;53;sea;false;ocean;0
15194;0;26;27;sea;true;ocean;0
15195;0;23;28;sea;true;ocean;0
15196;2;43;28;sea;false;ocean;0
15197;64;58;3;sea;false;ocean;0
15198;25;43;1;sea;false;ocean;0
15199;37;2;54;sea;true;ocean;0
15200;1;31;20;sea;true;ocean;0
15201;77;70;2;sea;true;ocean;0
15202;2;62;70;sea;false;ocean;0
15203;1;8;31;sea;true;ocean;0
15204;1;59;20;sea;true;ocean;0
15205;1;53;43;sea;false;ocean;0
15206;84;4;98;sea;false;ocean;0
15207;33;2;65;sea;false;ocean;0
15208;20;33;1;sea;false;ocean;0
15209;12;0;32;sea;true;ocean;0
15210;53;5;95;sea;true;ocean;0
15211;1;80;16;sea;false;ocean;0
15212;6;15;83;sea;false;ocean;0
15213;32;99;1;sea;true;ocean;0
15214;93;95;7;sea;false;ocean;0
15215;50;45;0;sea;false;ocean;0
15216;4;80;79;sea;true;ocean;0
15217;39;8;1;sea;true;ocean;0
15218;27;94;5;sea;false;ocean;0
15219;1;64;42;sea;false;ocean;0
15220;4;93;85;sea;false;ocean;0
15221;11;81;0;sea;false;ocean;0
15222;1;5;30;sea;true;ocean;0
15223;58;60;1;sea;false;ocean;0
15224;8;0;42;sea;true;ocean;0
15225;46;2;5;sea;false;ocean;0
15226;3;14;60;sea;true;ocean;0
15227;39;62;2;sea;false;ocean;0
15228;0;27;28;sea;false;ocean;0
15229;11;1;40;sea;true;ocean;0
15230;3;55;25;sea;true;ocean;0
15231;87;9;38;sea;false;ocean;0
15232;2;37;39;sea;true;ocean;0
15233;49;1;57;sea;false;ocean;0
15234;3;54;57;sea;true;ocean;0
15235;6;55;95;sea;false;ocean;0
15236;71;6;78;sea;false;ocean;0
15237;42;9;0;sea;true;ocean;0
15238;22;6;0;sea;true;ocean;0
15239;83;27;6;sea;false;ocean;0
15240;49;0;48;sea;false;ocean;0
15241;1;49;39;sea;true;ocean;0
15242;7;2;41;sea;true;ocean;0
15243;44;84;8;sea;false;ocean;0
15244;1;36;1;sea;false;ocean;0
15245;17;24;0;sea;false;ocean;0
15246;0;14;35;sea;true;ocean;0
15247;3;90;93;sea;false;ocean;0
15248;87;1;86;sea;false;ocean;0
15249;7;8;89;sea;true;ocean;0
15250;33;11;1;sea;false;ocean;0
15251;1;43;35;sea;true;ocean;0
15252;72;1;36;sea;true;ocean;0
15253;2;76;32;sea;true;ocean;0
15254;4;85;19;sea;false;ocean;0
15255;30;42;1;sea;false;ocean;0
15256;32;61;4;sea;true;ocean;0
15257;36;0;15;sea;true;ocean;0
15258;34;24;1;sea;false;ocean;0
15259;14;41;0;sea;false;ocean;0
15260;99;2;54;sea;true;ocean;0
15261;10;0;25;sea;true;ocean;0
15262;35;46;2;sea;false;ocean;0
15263;71;86;1;sea;true;ocean;0
15264;4;23;0;sea;false;ocean;0
15265;41;0;40;sea;true;ocean;0
15266;94;6;11;sea;false;ocean;0
15267;76;6;18;sea;true;ocean;0
15268;4;69;65;sea;false;ocean;0
15269;60;18;3;sea;true;ocean;0
15270;65;1;57;sea;false;ocean;0
15271;94;20;5;sea;false;ocean;0
15272;3;12;84;sea;false;ocean;0
15273;25;9;0;sea;false;ocean;0
15274;2;58;56;sea;true;ocean;0
15275;2;102;0;sea;false;ocean;0
15276;59;3;54;sea;false;ocean;0
15277;36;57;3;sea;false;ocean;0
15278;58;3;25;sea;false;ocean;0
15279;36;24;1;sea;false;ocean;0
15280;1;14;33;sea;false;ocean;0
15281;0;3;22;sea;true;ocean;0
15282;28;0;13;sea;false;ocean;0
15283;65;48;4;sea;false;ocean;0
15284;11;35;1;sea;false;ocean;0
15285;31;9;92;sea;true;ocean;0
15286;84;80;3;sea;false;ocean;0
15287;2;89;58;sea;false;ocean;0
15288;2;50;57;sea;false;ocean;0
15289;51;6;74;sea;true;ocean;0
15290;28;1;60;sea;false;ocean;0
15291;80;9;1;sea;true;ocean;0
15292;0;7;41;sea;false;ocean;0
15293;2;35;66;sea;true;ocean;0
15294;8;0;50;sea;true;ocean;0
15295;69;5;66;sea;false;ocean;0
15296;1;9;36;sea;false;ocean;0
15297;10;1;91;sea;false;ocean;0
15298;2;41;45;sea;true;ocean;0
15299;7;0;38;sea;true;ocean;0
15300;70;6;84;sea;false;ocean;0
15301;4;2;83;sea;false;ocean;0
15302;65;1;32;sea;false;ocean;0
15303;0;41;1;sea;true;ocean;0
15304;55;3;27;sea;false;ocean;0
15305;85;47;4;sea;false;ocean;0
15306;73;35;4;sea;false;ocean;0
15307;45;59;1;sea;false;ocean;0
15308;75;99;1;sea;false;ocean;0
15309;2;66;3;sea;true;ocean;0
15310;73;6;18;sea;false;ocean;0
15311;2;0;75;sea;false;ocean;0
15312;41;2;52;sea;true;ocean;0
15313;70;7;78;sea;false;ocean;0
15314;25;1;35;sea;false;ocean;0
15315;8;1;42;sea;true;ocean;0
15316;92;72;1;sea;false;ocean;0
15317;26;1;26;sea;true;ocean;0
15318;8;72;87;sea;false;ocean;0
15319;78;5;11;sea;false;ocean;0
15320;15;0;57;sea;true;ocean;0
15321;3;26;63;sea;false;ocean;0
15322;3;62;47;sea;false;ocean;0
15323;1;46;9;sea;true;ocean;0
15324;0;52;5;sea;true;ocean;0
15325;0;46;42;sea;true;ocean;0
15326;65;2;10;sea;false;ocean;0
15327;8;93;9;sea;false;ocean;0
15328;2;19;50;sea;false;ocean;0
15329;28;67;2;sea;false;ocean;0
15330;2;71;92;sea;false;ocean;0
15331;17;56;2;sea;true;ocean;0
15332;14;80;5;sea;true;ocean;0
15333;48;40;2;sea;false;ocean;0
15334;2;49;47;sea;true;ocean;0
15335;3;12;53;sea;true;ocean;0
15336;15;25;0;sea;false;ocean;0
15337;9;81;4;sea;false;ocean;0
15338;70;5;77;sea;false;ocean;0
15339;2;45;47;sea;true;ocean;0
15340;39;1;22;sea;false;ocean;0
15341;18;51;0;sea;true;ocean;0
15342;2;86;42;sea;false;ocean;0
15343;57;45;1;sea;false;ocean;0
15344;7;38;0;sea;false;ocean;0
15345;37;38;1;sea;false;ocean;0
15346;71;5;53;sea;false;ocean;0
15347;30;37;0;sea;true;ocean;0
15348;20;23;1;sea;false;ocean;0
15349;1;23;30;sea;false;ocean;0
15350;5;88;25;sea;false;ocean;0
15351;27;36;1;sea;false;ocean;0
15352;51;1;29;sea;true;ocean;0
15353;32;82;8;sea;true;ocean;0
15354;85;1;46;sea;false;ocean;0
15355;16;1;32;sea;true;ocean;0
15356;5;0;33;sea;true;ocean;0
15357;35;91;3;sea;false;ocean;0
15358;63;0;83;sea;false;ocean;0
15359;99;64;1;sea;true;ocean;0
15360;49;0;101;sea;false;ocean;0
15361;2;94;16;sea;true;ocean;0
15362;73;85;2;sea;true;ocean;0
15363;2;44;8;sea;true;ocean;0
15364;7;23;0;sea;true;ocean;0
15365;0;4;22;sea;false;ocean;0
15366;25;2;55;sea;false;ocean;0
15367;1;31;37;sea;true;ocean;0
15368;77;46;6;sea;false;ocean;0
15369;76;1;28;sea;true;ocean;0
15370;30;69;0;sea;false;ocean;0
15371;1;29;25;sea;false;ocean;0
15372;20;0;27;sea;false;ocean;0
15373;3;60;64;sea;false;ocean;0
15374;60;37;1;sea;true;ocean;0
15375;4;81;12;sea;false;ocean;0
15376;6;6;92;sea;false;ocean;0
15377;47;48;1;sea;false;ocean;0
15378;75;6;78;sea;false;ocean;0
15379;31;0;35;sea;false;ocean;0
15380;6;72;34;sea;false;ocean;0
15381;2;49;51;sea;true;ocean;0
15382;47;3;56;sea;false;ocean;0
15383;76;69;5;sea;true;ocean;0
15384;93;57;3;sea;false;ocean;0
15385;71;5;89;sea;false;ocean;0
15386;7;60;85;sea;false;ocean;0
15387;76;67;3;sea;false;ocean;0
15388;1;33;30;sea;true;ocean;0
15389;2;31;49;sea;true;ocean;0
15390;78;7;80;sea;false;ocean;0
15391;0;16;45;sea;false;ocean;0
15392;45;71;3;sea;true;ocean;0
15393;50;1;27;sea;false;ocean;0
15394;34;0;9;sea;false;ocean;0
15395;52;7;85;sea;false;ocean;0
15396;4;6;61;sea;false;ocean;0
15397;4;0;21;sea;true;ocean;0
15398;58;4;92;sea;false;ocean;0
15399;0;30;9;sea;false;ocean;0
15400;74;2;12;sea;true;ocean;0
15401;86;57;3;sea;false;ocean;0
15402;2;29;56;sea;false;ocean;0
15403;0;45;35;sea;false;ocean;0
15404;64;9;4;sea;false;ocean;0
15405;24;0;29;sea;false;ocean;0
15406;0;23;21;sea;false;ocean;0
15407;17;50;1;sea;false;ocean;0
15408;94;89;5;sea;false;ocean;0
15409;1;54;83;sea;true;ocean;0
15410;8;24;0;sea;false;ocean;0
15411;38;1;32;sea;false;ocean;0
15412;0;13;26;sea;false;ocean;0
15413;58;2;63;sea;false;ocean;0
15414;1;51;39;sea;true;ocean;0
15415;9;89;76;sea;false;ocean;0
15416;101;12;0;sea;false;ocean;0
15417;53;78;5;sea;false;ocean;0
15418;6;1;70;sea;false;ocean;0
15419;42;1;31;sea;true;ocean;0
15420;80;31;2;sea;true;ocean;0
15421;10;7;85;sea;false;ocean;0
15422;0;24;1;sea;false;ocean;0
15423;63;20;3;sea;false;ocean;0
15424;29;0;2;sea;true;ocean;0
15425;5;74;41;sea;false;ocean;0
15426;24;46;0;sea;false;ocean;0
15427;41;1;28;sea;false;ocean;0
15428;0;18;25;sea;true;ocean;0
15429;72;2;81;sea;false;ocean;0
15430;4;63;4;sea;false;ocean;0
15431;76;28;2;sea;true;ocean;0
15432;4;34;65;sea;true;ocean;0
15433;31;41;2;sea;true;ocean;0
15434;82;14;1;sea;false;ocean;0
15435;43;17;1;sea;false;ocean;0
15436;36;60;3;sea;true;ocean;0
15437;50;0;47;sea;true;ocean;0
15438;6;79;53;sea;false;ocean;0
15439;6;71;64;sea;false;ocean;0
15440;51;1;98;sea;false;ocean;0
15441;6;20;0;sea;false;ocean;0
15442;55;58;1;sea;false;ocean;0
15443;3;24;52;sea;false;ocean;0
15444;1;21;28;sea;false;ocean;0
15445;57;56;1;sea;false;ocean;0
15446;0;10;41;sea;true;ocean;0
15447;7;87;32;sea;true;ocean;0
15448;77;78;5;sea;true;ocean;0
15449;63;9;89;sea;false;ocean;0
15450;66;2;28;sea;true;ocean;0
15451;2;75;37;sea;false;ocean;0
15452;43;50;0;sea;false;ocean;0
15453;40;0;26;sea;true;ocean;0
15454;27;26;0;sea;true;ocean;0
15455;55;25;1;sea;true;ocean;0
15456;48;22;2;sea;false;ocean;0
15457;28;13;0;sea;true;ocean;0
15458;19;37;0;sea;true;ocean;0
15459;52;0;46;sea;true;ocean;0
15460;31;1;3;sea;false;ocean;0
15461;61;6;2;sea;false;ocean;0
15462;45;2;11;sea;false;ocean;0
15463;3;35;60;sea;true;ocean;0
15464;67;85;8;sea;true;ocean;0
15465;21;91;0;sea;true;ocean;0
15466;61;37;3;sea;false;ocean;0
15467;64;1;51;sea;false;ocean;0
15468;97;2;31;sea;true;ocean;0
15469;54;32;1;sea;false;ocean;0
15470;71;74;0;sea;false;ocean;0
15471;6;82;89;sea;false;ocean;0
15472;23;32;1;sea;false;ocean;0
15473;0;69;12;sea;false;ocean;0
15474;0;24;12;sea;false;ocean;0
15475;2;6;63;sea;true;ocean;0
15476;2;65;62;sea;true;ocean;0
15477;40;59;2;sea;true;ocean;0
15478;3;83;20;sea;false;ocean;0
15479;40;13;1;sea;false;ocean;0
15480;2;41;49;sea;false;ocean;0
15481;82;17;7;sea;false;ocean;0
15482;48;1;18;sea;true;ocean;0
15483;2;20;92;sea;false;ocean;0
15484;2;47;25;sea;false;ocean;0
15485;49;2;15;sea;true;ocean;0
15486;5;94;34;sea;true;ocean;0
15487;95;5;12;sea;false;ocean;0
15488;35;38;1;sea;false;ocean;0
15489;3;88;78;sea;false;ocean;0
15490;51;1;68;sea;true;ocean;0
15491;0;15;37;sea;false;ocean;0
15492;6;82;34;sea;true;ocean;0
15493;7;94;51;sea;false;ocean;0
15494;82;5;32;sea;false;ocean;0
15495;33;1;48;sea;true;ocean;0
15496;45;24;2;sea;false;ocean;0
15497;1;34;14;sea;false;ocean;0
15498;2;36;58;sea;false;ocean;0
15499;18;0;34;sea;false;ocean;0
15500;96;43;5;sea;true;ocean;0
15501;51;1;32;sea;true;ocean;0
15502;39;1;34;sea;true;ocean;0
15503;1;8;48;sea;false;ocean;0
15504;95;7;5;sea;false;ocean;0
15505;19;0;22;sea;true;ocean;0
15506;5;0;28;sea;true;ocean;0
15507;48;18;2;sea;true;ocean;0
15508;86;1;95;sea;false;ocean;0
15509;1;100;82;sea;false;ocean;0
15510;7;24;78;sea;false;ocean;0
15511;93;56;5;sea;false;ocean;0
15512;2;56;13;sea;false;ocean;0
15513;20;70;4;sea;false;ocean;0
15514;44;0;67;sea;false;ocean;0
15515;1;60;39;sea;false;ocean;0
15516;63;33;2;sea;true;ocean;0
15517;21;2;0;sea;true;ocean;0
15518;49;2;68;sea;false;ocean;0
15519;0;39;20;sea;true;ocean;0
15520;1;89;74;sea;false;ocean;0
15521;95;7;11;sea;false;ocean;0
15522;3;59;83;sea;true;ocean;0
15523;80;60;7;sea;false;ocean;0
15524;4;27;1;sea;true;ocean;0
15525;1;26;41;sea;true;ocean;0
15526;93;8;81;sea;false;ocean;0
15527;82;2;49;sea;true;ocean;0
15528;35;87;2;sea;true;ocean;0
15529;24;3;89;sea;false;ocean;0
15530;78;23;3;sea;false;ocean;0
15531;51;37;2;sea;true;ocean;0
15532;0;20;30;sea;true;ocean;0
15533;67;3;92;sea;true;ocean;0
15534;38;17;0;sea;false;ocean;0
15535;64;3;61;sea;false;ocean;0
15536;37;1;39;sea;true;ocean;0
15537;2;21;47;sea;false;ocean;0
15538;7;85;73;sea;false;ocean;0
15539;29;1;11;sea;false;ocean;0
15540;3;72;67;sea;true;ocean;0
15541;17;1;56;sea;true;ocean;0
15542;40;47;2;sea;false;ocean;0
15543;65;0;16;sea;false;ocean;0
15544;8;58;3;sea;false;ocean;0
15545;81;7;35;sea;false;ocean;0
15546;4;0;22;sea;false;ocean;0
15547;1;5;57;sea;false;ocean;0
15548;40;3;66;sea;false;ocean;0
15549;17;44;1;sea;false;ocean;0
15550;30;2;49;sea;true;ocean;0
15551;1;38;12;sea;true;ocean;0
15552;6;13;70;sea;true;ocean;0
15553;5;90;47;sea;false;ocean;0
15554;15;20;0;sea;false;ocean;0
15555;70;3;40;sea;true;ocean;0
15556;37;0;11;sea;false;ocean;0
15557;5;8;96;sea;true;ocean;0
15558;57;1;46;sea;false;ocean;0
15559;1;4;37;sea;false;ocean;0
15560;58;74;3;sea;false;ocean;0
15561;25;10;1;sea;true;ocean;0
15562;85;46;6;sea;false;ocean;0
15563;40;7;89;sea;false;ocean;0
15564;20;30;0;sea;true;ocean;0
15565;1;47;18;sea;false;ocean;0
15566;2;34;0;sea;false;ocean;0
15567;25;3;0;sea;false;ocean;0
15568;1;38;6;sea;true;ocean;0
15569;1;85;52;sea;true;ocean;0
15570;22;0;6;sea;false;ocean;0
15571;5;7;69;sea;true;ocean;0
15572;84;16;5;sea;true;ocean;0
15573;68;30;4;sea;false;ocean;0
15574;65;67;3;sea;true;ocean;0
15575;2;4;83;sea;false;ocean;0
15576;42;2;9;sea;false;ocean;0
15577;1;62;46;sea;true;ocean;0
15578;64;2;96;sea;false;ocean;0
15579;7;1;25;sea;false;ocean;0
15580;54;23;0;sea;false;ocean;0
15581;73;73;1;sea;false;ocean;0
15582;19;0;21;sea;true;ocean;0
15583;11;27;1;sea;true;ocean;0
15584;95;0;28;sea;false;ocean;0
15585;29;13;0;sea;true;ocean;0
15586;79;14;5;sea;true;ocean;0
15587;29;34;1;sea;false;ocean;0
15588;5;67;85;sea;true;ocean;0
15589;29;1;48;sea;true;ocean;0
15590;70;24;5;sea;true;ocean;0
15591;70;49;2;sea;false;ocean;0
15592;49;1;84;sea;false;ocean;0
15593;56;1;44;sea;false;ocean;0
15594;0;46;48;sea;true;ocean;0
15595;25;50;1;sea;true;ocean;0
15596;81;2;17;sea;false;ocean;0
15597;40;3;61;sea;false;ocean;0
15598;76;0;75;sea;false;ocean;0
15599;74;15;1;sea;false;ocean;0
15600;58;2;41;sea;false;ocean;0
15601;92;2;76;sea;true;ocean;0
15602;25;2;69;sea;false;ocean;0
15603;4;73;9;sea;false;ocean;0
15604;17;4;77;sea;false;ocean;0
15605;26;1;34;sea;false;ocean;0
15606;48;0;37;sea;true;ocean;0
15607;62;70;4;sea;true;ocean;0
15608;74;32;4;sea;false;ocean;0
15609;44;21;1;sea;false;ocean;0
15610;0;34;18;sea;false;ocean;0
15611;57;62;3;sea;false;ocean;0
15612;19;1;37;sea;false;ocean;0
15613;4;59;65;sea;true;ocean;0
15614;37;1;37;sea;false;ocean;0
15615;8;1;29;sea;true;ocean;0
15616;0;1;33;sea;false;ocean;0
15617;7;61;92;sea;false;ocean;0
15618;71;5;20;sea;false;ocean;0
15619;46;70;5;sea;false;ocean;0
15620;28;0;41;sea;false;ocean;0
15621;0;6;56;sea;false;ocean;0
15622;1;9;25;sea;true;ocean;0
15623;41;38;0;sea;false;ocean;0
15624;93;7;21;sea;false;ocean;0
15625;54;4;69;sea;true;ocean;0
15626;31;32;0;sea;true;ocean;0
15627;29;17;0;sea;false;ocean;0
15628;59;96;5;sea;true;ocean;0
15629;1;58;49;sea;false;ocean;0
15630;61;20;1;sea;false;ocean;0
15631;1;5;37;sea;false;ocean;0
15632;41;55;2;sea;false;ocean;0
15633;16;0;27;sea;true;ocean;0
15634;75;44;4;sea;false;ocean;0
15635;27;79;2;sea;true;ocean;0
15636;1;12;35;sea;false;ocean;0
15637;64;3;77;sea;false;ocean;0
15638;41;2;100;sea;false;ocean;0
15639;2;51;25;sea;false;ocean;0
15640;3;89;26;sea;true;ocean;0
15641;4;4;62;sea;false;ocean;0
15642;36;0;13;sea;false;ocean;0
15643;51;32;1;sea;true;ocean;0
15644;40;22;2;sea;false;ocean;0
15645;58;2;10;sea;true;ocean;0
15646;0;23;5;sea;false;ocean;0
15647;4;50;63;sea;true;ocean;0
15648;65;2;19;sea;false;ocean;0
15649;23;0;28;sea;true;ocean;0
15650;6;91;26;sea;false;ocean;0
15651;50;85;8;sea;true;ocean;0
15652;93;5;40;sea;false;ocean;0
15653;31;16;1;sea;false;ocean;0
15654;17;3;60;sea;false;ocean;0
15655;1;60;27;sea;true;ocean;0
15656;1;20;59;sea;false;ocean;0
15657;1;48;33;sea;false;ocean;0
15658;4;91;44;sea;false;ocean;0
15659;0;43;81;sea;false;ocean;0
15660;67;64;3;sea;true;ocean;0
15661;32;31;0;sea;true;ocean;0
15662;42;10;1;sea;false;ocean;0
15663;83;83;1;sea;false;ocean;0
15664;38;1;18;sea;true;ocean;0
15665;15;2;71;sea;true;ocean;0
15666;1;75;62;sea;false;ocean;0
15667;77;77;1;sea;false;ocean;0
15668;21;61;4;sea;false;ocean;0
15669;52;1;50;sea;true;ocean;0
15670;1;50;66;sea;true;ocean;0
15671;83;90;7;sea;false;ocean;0
15672;89;63;3;sea;false;ocean;0
15673;55;2;3;sea;false;ocean;0
15674;32;1;34;sea;false;ocean;0
15675;65;6;81;sea;false;ocean;0
15676;75;2;79;sea;false;ocean;0
15677;13;88;6;sea;false;ocean;0
15678;34;49;2;sea;false;ocean;0
15679;1;23;66;sea;false;ocean;0
15680;3;51;26;sea;false;ocean;0
15681;6;23;81;sea;true;ocean;0
15682;1;23;35;sea;false;ocean;0
15683;10;28;0;sea;false;ocean;0
15684;26;24;1;sea;false;ocean;0
15685;42;2;78;sea;false;ocean;0
15686;61;1;55;sea;true;ocean;0
15687;1;29;13;sea;false;ocean;0
15688;5;83;10;sea;false;ocean;0
15689;40;39;1;sea;true;ocean;0
15690;1;63;30;sea;true;ocean;0
15691;39;34;1;sea;true;ocean;0
15692;43;33;1;sea;false;ocean;0
15693;78;3;8;sea;false;ocean;0
15694;62;2;77;sea;true;ocean;0
15695;69;78;5;sea;false;ocean;0
15696;3;57;6;sea;false;ocean;0
15697;33;34;1;sea;true;ocean;0
15698;14;8;92;sea;false;ocean;0
15699;60;2;57;sea;false;ocean;0
15700;59;5;69;sea;false;ocean;0
15701;23;2;53;sea;false;ocean;0
15702;55;43;2;sea;false;ocean;0
15703;6;39;88;sea;false;ocean;0
15704;21;2;93;sea;true;ocean;0
15705;1;22;65;sea;false;ocean;0
15706;0;1;30;sea;false;ocean;0
15707;3;53;81;sea;false;ocean;0
15708;0;3;49;sea;false;ocean;0
15709;3;57;3;sea;true;ocean;0
15710;84;8;75;sea;true;ocean;0
15711;40;17;1;sea;false;ocean;0
15712;2;83;1;sea;false;ocean;0
15713;0;19;23;sea;false;ocean;0
15714;81;58;3;sea;true;ocean;0
15715;2;25;79;sea;false;ocean;0
15716;47;52;1;sea;true;ocean;0
15717;2;24;42;sea;false;ocean;0
15718;28;36;1;sea;false;ocean;0
15719;28;5;83;sea;false;ocean;0
15720;73;85;6;sea;false;ocean;0
15721;47;86;2;sea;false;ocean;0
15722;3;50;31;sea;false;ocean;0
15723;5;72;37;sea;true;ocean;0
15724;83;18;5;sea;true;ocean;0
15725;0;10;54;sea;false;ocean;0
15726;41;82;4;sea;true;ocean;0
15727;24;0;53;sea;false;ocean;0
15728;9;0;36;sea;false;ocean;0
15729;21;3;82;sea;false;ocean;0
15730;30;60;2;sea;true;ocean;0
15731;12;1;24;sea;true;ocean;0
15732;39;13;1;sea;false;ocean;0
15733;31;88;6;sea;false;ocean;0
15734;1;39;18;sea;true;ocean;0
15735;1;48;18;sea;false;ocean;0
15736;92;6;30;sea;false;ocean;0
15737;31;3;0;sea;true;ocean;0
15738;84;26;4;sea;false;ocean;0
15739;6;42;91;sea;false;ocean;0
15740;50;63;0;sea;false;ocean;0
15741;58;3;20;sea;false;ocean;0
15742;39;3;93;sea;true;ocean;0
15743;1;5;42;sea;false;ocean;0
15744;1;6;79;sea;false;ocean;0
15745;1;45;42;sea;false;ocean;0
15746;11;2;71;sea;false;ocean;0
15747;54;0;61;sea;false;ocean;0
15748;74;4;89;sea;true;ocean;0
15749;41;2;1;sea;false;ocean;0
15750;45;39;2;sea;false;ocean;0
15751;40;10;0;sea;true;ocean;0
15752;32;1;45;sea;false;ocean;0
15753;67;5;44;sea;false;ocean;0
15754;17;1;64;sea;false;ocean;0
15755;3;1;25;sea;false;ocean;0
15756;1;36;12;sea;false;ocean;0
15757;81;64;1;sea;false;ocean;0
15758;41;3;1;sea;false;ocean;0
15759;63;4;45;sea;true;ocean;0
15760;12;22;0;sea;false;ocean;0
15761;1;26;78;sea;false;ocean;0
15762;6;88;41;sea;true;ocean;0
15763;57;29;1;sea;false;ocean;0
15764;31;0;6;sea;false;ocean;0
15765;3;25;52;sea;false;ocean;0
15766;37;1;16;sea;false;ocean;0
15767;80;4;41;sea;true;ocean;0
15768;27;1;81;sea;false;ocean;0
15769;0;34;5;sea;true;ocean;0
15770;48;2;44;sea;true;ocean;0
15771;50;1;35;sea;false;ocean;0
15772;29;11;0;sea;false;ocean;0
15773;38;1;57;sea;false;ocean;0
15774;1;27;29;sea;false;ocean;0
15775;1;3;38;sea;false;ocean;0
15776;26;1;12;sea;false;ocean;0
15777;4;82;66;sea;false;ocean;0
15778;31;38;1;sea;true;ocean;0
15779;13;0;27;sea;true;ocean;0
15780;2;68;95;sea;true;ocean;0
15781;33;2;45;sea;true;ocean;0
15782;0;47;6;sea;false;ocean;0
15783;33;0;14;sea;false;ocean;0
15784;4;10;68;sea;true;ocean;0
15785;48;42;1;sea;true;ocean;0
15786;36;27;1;sea;false;ocean;0
15787;44;41;1;sea;true;ocean;0
15788;22;11;0;sea;false;ocean;0
15789;52;1;24;sea;false;ocean;0
15790;74;13;3;sea;false;ocean;0
15791;0;22;3;sea;true;ocean;0
15792;26;0;30;sea;false;ocean;0
15793;2;87;70;sea;false;ocean;0
15794;65;4;41;sea;true;ocean;0
15795;8;52;85;sea;false;ocean;0
15796;76;70;4;sea;false;ocean;0
15797;8;1;44;sea;false;ocean;0
15798;7;30;1;sea;true;ocean;0
15799;91;3;12;sea;false;ocean;0
15800;1;14;50;sea;true;ocean;0
15801;83;68;5;sea;false;ocean;0
15802;18;50;1;sea;false;ocean;0
15803;3;82;13;sea;false;ocean;0
15804;0;9;73;sea;false;ocean;0
15805;57;8;0;sea;false;ocean;0
15806;1;36;54;sea;false;ocean;0
15807;90;5;3;sea;false;ocean;0
15808;8;0;26;sea;false;ocean;0
15809;63;0;39;sea;false;ocean;0
15810;60;2;25;sea;false;ocean;0
15811;1;57;7;sea;false;ocean;0
15812;3;27;64;sea;false;ocean;0
15813;82;3;78;sea;true;ocean;0
15814;2;55;38;sea;true;ocean;0
15815;80;5;34;sea;false;ocean;0
15816;32;4;0;sea;true;ocean;0
15817;11;49;1;sea;true;ocean;0
15818;2;20;66;sea;true;ocean;0
15819;8;37;1;sea;true;ocean;0
15820;1;0;42;sea;true;ocean;0
15821;69;3;59;sea;true;ocean;0
15822;28;6;87;sea;false;ocean;0
15823;68;5;75;sea;true;ocean;0
15824;0;36;7;sea;false;ocean;0
15825;0;20;23;sea;false;ocean;0
15826;60;3;47;sea;false;ocean;0
15827;30;56;2;sea;false;ocean;0
15828;2;1;33;sea;true;ocean;0
15829;46;2;10;sea;false;ocean;0
15830;5;78;34;sea;false;ocean;0
15831;50;46;1;sea;false;ocean;0
15832;41;85;4;sea;true;ocean;0
15833;3;10;84;sea;false;ocean;0
15834;5;88;68;sea;true;ocean;0
15835;2;60;47;sea;false;ocean;0
15836;58;2;46;sea;true;ocean;0
15837;2;28;0;sea;false;ocean;0
15838;34;2;53;sea;false;ocean;0
15839;12;46;1;sea;true;ocean;0
15840;31;4;77;sea;false;ocean;0
15841;1;96;3;sea;true;ocean;0
15842;0;27;9;sea;true;ocean;0
15843;46;91;3;sea;false;ocean;0
15844;3;58;69;sea;false;ocean;0
15845;3;84;98;sea;false;ocean;0
15846;72;39;5;sea;true;ocean;0
15847;1;3;87;sea;false;ocean;0
15848;91;4;86;sea;false;ocean;0
15849;26;92;2;sea;false;ocean;0
15850;93;3;35;sea;false;ocean;0
15851;5;18;88;sea;true;ocean;0
15852;44;2;18;sea;false;ocean;0
15853;91;0;29;sea;false;ocean;0
15854;5;10;85;sea;false;ocean;0
15855;2;78;8;sea;true;ocean;0
15856;79;14;7;sea;false;ocean;0
15857;9;7;86;sea;false;ocean;0
15858;91;46;3;sea;false;ocean;0
15859;48;3;57;sea;false;ocean;0
15860;17;6;86;sea;false;ocean;0
15861;93;3;99;sea;false;ocean;0
15862;34;86;9;sea;false;ocean;0
15863;55;3;70;sea;true;ocean;0
15864;42;2;76;sea;false;ocean;0
15865;20;63;3;sea;false;ocean;0
15866;76;51;0;sea;false;ocean;0
15867;69;4;13;sea;false;ocean;0
15868;1;85;38;sea;false;ocean;0
15869;88;7;75;sea;true;ocean;0
15870;8;40;0;sea;false;ocean;0
15871;77;6;43;sea;true;ocean;0
15872;2;61;86;sea;true;ocean;0
15873;1;25;28;sea;true;ocean;0
15874;2;82;26;sea;false;ocean;0
15875;8;0;47;sea;false;ocean;0
15876;90;89;2;sea;true;ocean;0
15877;37;3;0;sea;true;ocean;0
15878;1;52;81;sea;false;ocean;0
15879;3;96;91;sea;false;ocean;0
15880;29;1;95;sea;false;ocean;0
15881;94;55;1;sea;false;ocean;0
15882;2;35;72;sea;false;ocean;0
15883;70;40;4;sea;true;ocean;0
15884;1;34;47;sea;true;ocean;0
15885;21;8;0;sea;false;ocean;0
15886;90;4;2;sea;true;ocean;0
15887;4;20;60;sea;true;ocean;0
15888;69;5;87;sea;true;ocean;0
15889;29;52;3;sea;true;ocean;0
15890;24;5;77;sea;false;ocean;0
15891;4;73;55;sea;false;ocean;0
15892;87;26;1;sea;true;ocean;0
15893;0;41;32;sea;false;ocean;0
15894;74;66;2;sea;false;ocean;0
15895;1;70;24;sea;false;ocean;0
15896;3;10;89;sea;true;ocean;0
15897;4;89;13;sea;true;ocean;0
15898;4;56;2;sea;false;ocean;0
15899;65;4;1;sea;true;ocean;0
15900;1;34;11;sea;false;ocean;0
15901;5;51;1;sea;false;ocean;0
15902;1;29;17;sea;false;ocean;0
15903;32;1;41;sea;false;ocean;0
15904;30;3;83;sea;false;ocean;0
15905;0;19;30;sea;false;ocean;0
15906;6;28;85;sea;true;ocean;0
15907;50;73;5;sea;false;ocean;0
15908;43;2;60;sea;false;ocean;0
15909;4;72;32;sea;false;ocean;0
15910;0;21;19;sea;false;ocean;0
15911;4;9;69;sea;true;ocean;0
15912;30;22;0;sea;false;ocean;0
15913;2;0;81;sea;false;ocean;0
15914;25;0;2;sea;false;ocean;0
15915;60;73;3;sea;false;ocean;0
15916;4;72;51;sea;false;ocean;0
15917;4;84;70;sea;false;ocean;0
15918;57;1;37;sea;false;ocean;0
15919;40;0;35;sea;false;ocean;0
15920;20;90;9;sea;false;ocean;0
15921;15;6;89;sea;true;ocean;0
15922;59;0;67;sea;true;ocean;0
15923;2;42;59;sea;true;ocean;0
15924;50;24;2;sea;false;ocean;0
15925;46;30;0;sea;true;ocean;0
15926;52;86;1;sea;true;ocean;0
15927;2;48;44;sea;false;ocean;0
15928;44;28;1;sea;false;ocean;0
15929;71;3;24;sea;true;ocean;0
15930;28;45;1;sea;false;ocean;0
15931;13;31;0;sea;true;ocean;0
15932;32;3;60;sea;false;ocean;0
15933;1;56;68;sea;false;ocean;0
15934;90;9;23;sea;true;ocean;0
15935;2;52;13;sea;false;ocean;0
15936;3;7;60;sea;true;ocean;0
15937;67;44;2;sea;false;ocean;0
15938;21;25;0;sea;false;ocean;0
15939;45;25;1;sea;true;ocean;0
15940;2;1;72;sea;false;ocean;0
15941;55;53;0;sea;true;ocean;0
15942;1;47;6;sea;true;ocean;0
15943;93;1;81;sea;true;ocean;0
15944;40;1;1;sea;true;ocean;0
15945;2;66;35;sea;true;ocean;0
15946;1;1;40;sea;false;ocean;0
15947;56;3;72;sea;true;ocean;0
15948;55;2;32;sea;true;ocean;0
15949;65;2;57;sea;false;ocean;0
15950;9;21;0;sea;false;ocean;0
15951;53;4;92;sea;false;ocean;0
15952;29;8;0;sea;true;ocean;0
15953;54;2;56;sea;false;ocean;0
15954;25;22;0;sea;true;ocean;0
15955;89;62;9;sea;false;ocean;0
15956;2;33;43;sea;true;ocean;0
15957;3;52;17;sea;false;ocean;0
15958;0;59;91;sea;true;ocean;0
15959;51;2;10;sea;true;ocean;0
15960;0;50;57;sea;true;ocean;0
15961;4;77;9;sea;false;ocean;0
15962;7;40;75;sea;false;ocean;0
15963;22;0;13;sea;true;ocean;0
15964;25;4;64;sea;false;ocean;0
15965;53;47;1;sea;true;ocean;0
15966;27;0;19;sea;true;ocean;0
15967;4;80;60;sea;true;ocean;0
15968;96;84;4;sea;true;ocean;0
15969;9;1;43;sea;false;ocean;0
15970;77;7;82;sea;true;ocean;0
15971;6;66;2;sea;true;ocean;0
15972;64;2;52;sea;false;ocean;0
15973;89;3;16;sea;false;ocean;0
15974;2;68;31;sea;false;ocean;0
15975;1;33;29;sea;false;ocean;0
15976;37;0;5;sea;false;ocean;0
15977;3;60;15;sea;false;ocean;0
15978;86;16;2;sea;false;ocean;0
15979;4;5;83;sea;false;ocean;0
15980;2;47;27;sea;false;ocean;0
15981;81;4;34;sea;true;ocean;0
15982;4;85;88;sea;false;ocean;0
15983;64;3;60;sea;false;ocean;0
15984;87;2;78;sea;true;ocean;0
15985;0;18;29;sea;true;ocean;0
15986;51;52;2;sea;false;ocean;0
15987;58;46;1;sea;false;ocean;0
15988;77;46;5;sea;false;ocean;0
15989;3;85;34;sea;true;ocean;0
15990;44;49;1;sea;false;ocean;0
15991;24;0;4;sea;true;ocean;0
15992;0;52;51;sea;false;ocean;0
15993;24;0;75;sea;false;ocean;0
15994;52;13;2;sea;false;ocean;0
15995;4;94;47;sea;true;ocean;0
15996;79;2;70;sea;true;ocean;0
15997;19;42;1;sea;false;ocean;0
15998;0;22;17;sea;false;ocean;0
15999;11;0;56;sea;false;ocean;0
16000;58;40;4;sea;false;ocean;0
16001;6;71;4;sea;false;ocean;0
16002;63;20;1;sea;false;ocean;0
16003;50;0;4;sea;false;ocean;0
16004;32;48;0;sea;true;ocean;0
16005;43;2;2;sea;false;ocean;0
16006;54;2;50;sea;false;ocean;0
16007;8;40;1;sea;false;ocean;0
16008;51;28;0;sea;false;ocean;0
16009;39;17;1;sea;false;ocean;0
16010;2;52;62;sea;false;ocean;0
16011;4;1;41;sea;false;ocean;0
16012;29;1;0;sea;true;ocean;0
16013;23;0;9;sea;false;ocean;0
16014;7;1;52;sea;true;ocean;0
16015;36;21;1;sea;true;ocean;0
16016;49;53;2;sea;false;ocean;0
16017;5;32;0;sea;false;ocean;0
16018;0;31;7;sea;true;ocean;0
16019;51;1;79;sea;false;ocean;0
16020;21;22;0;sea;false;ocean;0
16021;2;50;70;sea;false;ocean;0
16022;31;3;88;sea;false;ocean;0
16023;0;21;28;sea;false;ocean;0
16024;19;0;24;sea;true;ocean;0
16025;1;6;81;sea;true;ocean;0
16026;0;47;51;sea;true;ocean;0
16027;42;24;2;sea;false;ocean;0
16028;2;8;55;sea;false;ocean;0
16029;54;1;23;sea;false;ocean;0
16030;83;79;2;sea;true;ocean;0
16031;13;6;83;sea;true;ocean;0
16032;55;7;93;sea;false;ocean;0
16033;13;1;37;sea;true;ocean;0
16034;36;1;17;sea;false;ocean;0
16035;60;36;2;sea;true;ocean;0
16036;1;58;80;sea;true;ocean;0
16037;40;1;45;sea;false;ocean;0
16038;44;46;1;sea;false;ocean;0
16039;75;1;48;sea;false;ocean;0
16040;50;1;12;sea;false;ocean;0
16041;0;45;59;sea;true;ocean;0
16042;1;31;96;sea;false;ocean;0
16043;33;0;12;sea;false;ocean;0
16044;53;1;92;sea;false;ocean;0
16045;31;1;29;sea;true;ocean;0
16046;55;66;4;sea;false;ocean;0
16047;22;39;1;sea;false;ocean;0
16048;3;21;57;sea;false;ocean;0
16049;4;72;67;sea;true;ocean;0
16050;22;1;35;sea;false;ocean;0
16051;82;3;46;sea;false;ocean;0
16052;59;56;3;sea;false;ocean;0
16053;1;17;59;sea;false;ocean;0
16054;22;0;5;sea;false;ocean;0
16055;3;43;70;sea;true;ocean;0
16056;2;72;32;sea;false;ocean;0
16057;3;57;35;sea;true;ocean;0
16058;1;76;52;sea;true;ocean;0
16059;0;9;36;sea;false;ocean;0
16060;88;91;3;sea;false;ocean;0
16061;76;95;0;sea;false;ocean;0
16062;92;1;27;sea;true;ocean;0
16063;66;3;35;sea;true;ocean;0
16064;33;12;1;sea;false;ocean;0
16065;1;27;40;sea;false;ocean;0
16066;5;75;45;sea;false;ocean;0
16067;2;39;73;sea;false;ocean;0
16068;92;3;3;sea;false;ocean;0
16069;28;8;84;sea;false;ocean;0
16070;2;77;49;sea;false;ocean;0
16071;22;0;45;sea;true;ocean;0
16072;33;10;0;sea;false;ocean;0
16073;88;38;3;sea;false;ocean;0
16074;8;52;2;sea;true;ocean;0
16075;40;4;88;sea;false;ocean;0
16076;82;5;21;sea;true;ocean;0
16077;21;2;71;sea;false;ocean;0
16078;1;45;55;sea;false;ocean;0
16079;0;47;8;sea;false;ocean;0
16080;39;35;1;sea;true;ocean;0
16081;1;97;45;sea;false;ocean;0
16082;87;6;88;sea;true;ocean;0
16083;43;76;1;sea;true;ocean;0
16084;78;3;49;sea;false;ocean;0
16085;25;81;0;sea;false;ocean;0
16086;1;53;6;sea;false;ocean;0
16087;91;37;8;sea;false;ocean;0
16088;1;57;90;sea;false;ocean;0
16089;1;3;88;sea;false;ocean;0
16090;56;3;30;sea;true;ocean;0
16091;9;1;49;sea;false;ocean;0
16092;32;3;0;sea;false;ocean;0
16093;2;50;20;sea;false;ocean;0
16094;47;84;0;sea;false;ocean;0
16095;28;0;44;sea;true;ocean;0
16096;27;1;80;sea;false;ocean;0
16097;1;9;35;sea;true;ocean;0
16098;50;30;3;sea;false;ocean;0
16099;0;78;13;sea;false;ocean;0
16100;2;49;27;sea;false;ocean;0
16101;5;70;51;sea;false;ocean;0
16102;70;71;2;sea;false;ocean;0
16103;81;63;2;sea;false;ocean;0
16104;0;29;2;sea;false;ocean;0
16105;94;52;1;sea;true;ocean;0
16106;83;4;11;sea;true;ocean;0
16107;5;80;46;sea;false;ocean;0
16108;1;19;30;sea;true;ocean;0
16109;71;6;63;sea;true;ocean;0
16110;40;1;52;sea;false;ocean;0
16111;19;4;88;sea;false;ocean;0
16112;1;30;38;sea;false;ocean;0
16113;1;2;29;sea;true;ocean;0
16114;60;4;55;sea;true;ocean;0
16115;58;6;82;sea;false;ocean;0
16116;23;0;7;sea;false;ocean;0
16117;1;69;21;sea;true;ocean;0
16118;71;7;84;sea;true;ocean;0
16119;4;57;78;sea;false;ocean;0
16120;27;10;0;sea;false;ocean;0
16121;33;68;1;sea;true;ocean;0
16122;66;12;2;sea;false;ocean;0
16123;87;5;85;sea;false;ocean;0
16124;45;75;3;sea;false;ocean;0
16125;28;15;0;sea;true;ocean;0
16126;0;41;0;sea;false;ocean;0
16127;21;0;38;sea;false;ocean;0
16128;78;3;74;sea;true;ocean;0
16129;14;0;28;sea;false;ocean;0
16130;1;99;32;sea;true;ocean;0
16131;2;48;50;sea;false;ocean;0
16132;9;50;1;sea;true;ocean;0
16133;1;29;45;sea;true;ocean;0
16134;49;8;2;sea;true;ocean;0
16135;98;4;3;sea;false;ocean;0
16136;73;98;3;sea;false;ocean;0
16137;40;20;0;sea;false;ocean;0
16138;19;2;40;sea;false;ocean;0
16139;3;21;61;sea;false;ocean;0
16140;77;40;0;sea;false;ocean;0
16141;18;1;95;sea;false;ocean;0
16142;5;76;25;sea;false;ocean;0
16143;0;23;19;sea;false;ocean;0
16144;64;9;93;sea;true;ocean;0
16145;5;29;76;sea;true;ocean;0
16146;58;4;66;sea;true;ocean;0
16147;1;25;69;sea;true;ocean;0
16148;81;91;8;sea;false;ocean;0
16149;1;38;51;sea;false;ocean;0
16150;0;9;31;sea;false;ocean;0
16151;80;3;11;sea;false;ocean;0
16152;1;8;30;sea;true;ocean;0
16153;1;12;72;sea;true;ocean;0
16154;2;25;73;sea;false;ocean;0
16155;16;21;0;sea;false;ocean;0
16156;32;48;1;sea;false;ocean;0
16157;4;82;2;sea;false;ocean;0
16158;16;0;33;sea;false;ocean;0
16159;29;10;0;sea;false;ocean;0
16160;14;29;0;sea;true;ocean;0
16161;85;34;2;sea;false;ocean;0
16162;42;0;43;sea;false;ocean;0
16163;13;0;31;sea;true;ocean;0
16164;3;94;87;sea;false;ocean;0
16165;40;0;85;sea;true;ocean;0
16166;22;23;0;sea;true;ocean;0
16167;58;2;11;sea;false;ocean;0
16168;28;16;1;sea;false;ocean;0
16169;1;31;12;sea;true;ocean;0
16170;18;0;74;sea;false;ocean;0
16171;20;3;0;sea;true;ocean;0
16172;26;1;72;sea;true;ocean;0
16173;13;79;4;sea;true;ocean;0
16174;90;67;1;sea;false;ocean;0
16175;46;50;2;sea;true;ocean;0
16176;25;1;65;sea;false;ocean;0
16177;1;19;76;sea;false;ocean;0
16178;61;61;4;sea;false;ocean;0
16179;0;34;31;sea;true;ocean;0
16180;39;31;1;sea;false;ocean;0
16181;41;14;1;sea;true;ocean;0
16182;68;31;4;sea;false;ocean;0
16183;0;100;72;sea;true;ocean;0
16184;15;3;67;sea;true;ocean;0
16185;2;99;18;sea;true;ocean;0
16186;2;48;39;sea;false;ocean;0
16187;1;34;28;sea;false;ocean;0
16188;30;5;80;sea;false;ocean;0
16189;3;86;50;sea;true;ocean;0
16190;15;84;7;sea;true;ocean;0
16191;27;39;1;sea;false;ocean;0
16192;60;70;3;sea;true;ocean;0
16193;35;3;54;sea;false;ocean;0
16194;75;8;3;sea;false;ocean;0
16195;28;63;3;sea;false;ocean;0
16196;6;1;59;sea;true;ocean;0
16197;45;24;1;sea;true;ocean;0
16198;2;51;44;sea;true;ocean;0
16199;76;62;4;sea;false;ocean;0
16200;1;76;44;sea;false;ocean;0
16201;22;9;88;sea;true;ocean;0
16202;24;1;60;sea;true;ocean;0
16203;47;4;89;sea;true;ocean;0
16204;77;16;1;sea;true;ocean;0
16205;0;17;26;sea;true;ocean;0
16206;26;1;87;sea;false;ocean;0
16207;37;74;5;sea;true;ocean;0
16208;26;0;55;sea;false;ocean;0
16209;0;45;19;sea;false;ocean;0
16210;59;41;2;sea;true;ocean;0
16211;3;53;44;sea;false;ocean;0
16212;90;5;57;sea;false;ocean;0
16213;1;12;48;sea;false;ocean;0
16214;17;0;22;sea;true;ocean;0
16215;79;3;41;sea;false;ocean;0
16216;91;4;48;sea;false;ocean;0
16217;4;77;16;sea;true;ocean;0
16218;45;0;43;sea;true;ocean;0
16219;0;35;55;sea;false;ocean;0
16220;52;17;1;sea;false;ocean;0
16221;70;1;39;sea;true;ocean;0
16222;6;49;85;sea;true;ocean;0
16223;11;3;67;sea;false;ocean;0
16224;61;3;63;sea;false;ocean;0
16225;82;79;7;sea;true;ocean;0
16226;1;73;21;sea;false;ocean;0
16227;1;53;51;sea;false;ocean;0
16228;1;41;8;sea;false;ocean;0
16229;20;40;1;sea;false;ocean;0
16230;42;207;194;lake;false;lakes;0
16231;8;104;55;lake;false;lakes;0
16232;26;121;189;lake;false;lakes;0
16233;107;176;14;lake;false;lakes;0
16234;116;7;48;lake;false;lakes;0
16235;7;6;131;lake;false;lakes;0
16236;195;173;20;lake;false;lakes;0
16237;0;240;216;lake;false;lakes;0
16238;15;173;59;lake;false;lakes;0
16239;92;174;6;lake;false;lakes;0
16240;17;164;190;lake;false;lakes;0
16241;5;106;46;lake;false;lakes;0
16242;40;143;171;lake;false;lakes;0
16243;5;122;78;lake;false;lakes;0
16244;156;16;27;lake;false;lakes;0
16245;129;111;8;lake;false;lakes;0
16246;164;3;25;lake;false;lakes;0
16247;157;144;2;lake;false;lakes;0
16248;226;14;95;lake;false;lakes;0
16249;0;245;154;lake;false;lakes;0
16250;46;18;212;lake;false;lakes;0
16251;171;179;39;lake;false;lakes;0
16252;127;20;81;lake;false;lakes;0
16253;164;33;30;lake;false;lakes;0
16254;140;100;16;lake;false;lakes;0
16255;106;1;48;lake;false;lakes;0
16256;59;151;194;lake;false;lakes;0
16257;8;107;117;lake;false;lakes;0
16258;52;63;2;sea;true;ocean;0
16259;119;14;11;lake;false;lakes;0
16260;20;199;65;lake;false;lakes;0
16261;105;1;151;lake;false;lakes;0
16262;68;5;11;sea;true;ocean;0
16263;134;43;10;lake;false;lakes;0
16264;70;3;88;sea;true;ocean;0
16265;2;46;52;sea;true;ocean;0
16266;46;85;0;sea;true;ocean;0
16267;190;2;52;lake;false;lakes;0
16268;64;13;3;sea;true;ocean;0
16269;42;74;192;lake;false;lakes;0
16270;8;47;97;lake;false;lakes;0
16271;16;87;154;lake;false;lakes;0
16272;149;2;71;lake;false;lakes;0
16273;24;95;133;lake;false;lakes;0
16274;140;15;99;lake;false;lakes;0
16275;5;164;110;lake;false;lakes;0
16276;115;3;82;lake;false;lakes;0
16277;198;165;24;lake;false;lakes;0
16278;48;105;3;lake;false;lakes;0
16279;16;58;147;lake;false;lakes;0
16280;203;1;107;lake;false;lakes;0
16281;194;34;47;lake;false;lakes;0
16282;206;12;144;lake;false;lakes;0
16283;190;184;22;lake;false;lakes;0
16284;238;17;16;lake;false;lakes;0
16285;182;228;22;lake;false;lakes;0
16286;137;2;162;lake;false;lakes;0
16287;242;7;247;lake;false;lakes;0
16288;89;26;145;lake;false;lakes;0
16289;105;14;1;lake;false;lakes;0
16290;137;1;26;lake;false;lakes;0
16291;165;12;16;lake;false;lakes;0
16292;254;223;240;land;true;marsh;2
16293;193;82;235;land;true;marsh;2
16294;107;146;231;land;true;marsh;2
16295;206;253;242;land;true;marsh;2
16296;254;220;246;land;false;forest;1
16297;94;224;215;land;false;marsh;1
16298;253;195;219;land;false;forest;1
16299;246;244;140;land;false;forest;4
16300;81;119;224;land;false;contaminated;2
16301;222;172;96;land;false;contaminated;2
16302;186;252;204;land;false;forest;7
16303;217;69;179;land;true;marsh;2
16304;244;74;94;land;false;marsh;7
16305;217;172;248;land;false;marsh;4
16306;137;40;255;land;false;marsh;2
16307;66;215;144;land;false;plains;2
16308;143;210;243;land;false;plains;7
16309;169;251;140;land;false;contaminated;2
16310;235;49;83;land;false;hills;4
16311;249;216;173;land;true;contaminated;2
16312;113;201;233;land;false;contaminated;2
16313;91;108;244;land;false;contaminated;2
16314;250;102;232;land;false;plains;1
16315;229;255;241;land;false;marsh;2
16316;162;232;31;land;false;hills;4
16317;248;199;71;land;false;contaminated;2
16318;242;166;250;land;false;hills;7
16319;61;206;53;land;true;marsh;4
16320;132;250;205;land;true;marsh;2
16321;198;143;242;land;false;forest;2
16322;254;212;189;land;true;marsh;4
16323;247;246;255;land;true;desert;3
16324;68;218;70;land;false;contaminated;2
16325;59;235;50;land;false;contaminated;2
16326;255;248;242;land;true;marsh;4
16327;71;69;211;land;false;contaminated;2
16328;250;139;203;land;true;forest;4
16329;224;91;242;land;false;forest;7
16330;255;237;238;land;false;marsh;7
16331;129;250;206;land;true;marsh;2
16332;250;35;41;land;true;hills;4
16333;140;248;124;land;true;marsh;2
16334;236;128;204;land;true;contaminated;2
16335;242;145;203;land;true;hills;2
16336;254;116;252;land;false;contaminated;2
16337;239;240;255;land;true;forest;4
16338;252;233;255;land;false;forest;4
16339;254;246;223;land;false;hills;4
16340;200;234;252;land;false;hills;4
16341;220;116;81;land;false;hills;4
16342;243;96;213;land;false;forest;1
16343;200;66;249;land;true;marsh;1
16344;213;228;255;land;true;forest;1
16345;221;113;85;land;false;urban;1
16346;37;231;183;land;false;urban;1
16347;174;161;248;land;false;forest;4
16348;59;242;224;land;false;plains;1
16349;90;207;220;land;true;urban;1
16350;240;255;244;land;false;forest;1
16351;249;192;77;land;true;urban;1
16352;254;218;206;land;false;forest;4
16353;103;40;228;land;true;plains;1
16354;201;255;211;land;false;urban;1
16355;81;127;250;land;true;urban;6
16356;141;249;89;land;false;urban;1
16357;242;134;199;land;false;plains;1
16358;140;20;241;land;true;forest;1
16359;192;192;253;land;false;plains;1
16360;53;250;82;land;true;forest;4
16361;77;210;175;land;true;urban;6
16362;53;248;159;land;false;forest;1
16363;251;118;149;land;false;urban;1
16364;227;63;217;land;false;plains;1
16365;85;85;244;land;false;marsh;1
16366;242;149;191;land;true;urban;1
16367;252;228;191;land;false;urban;6
16368;245;255;218;land;true;urban;1
16369;94;70;219;land;true;urban;1
16370;125;244;232;land;true;urban;6
16371;222;224;255;land;false;plains;1
16372;250;190;183;land;false;urban;1
16373;193;82;234;land;true;plains;1
16374;85;229;70;land;false;urban;1
16375;242;137;146;land;true;forest;1
16376;233;44;207;land;true;urban;6
16377;145;146;247;land;true;urban;1
16378;171;100;224;land;false;urban;1
16379;151;255;88;land;true;urban;6
16380;226;59;92;land;false;forest;1
16381;246;197;252;land;true;plains;1
16382;214;80;165;land;true;forest;1
16383;216;162;254;land;true;forest;1
16384;12;197;253;land;false;forest;1
16385;244;209;120;land;true;urban;6
16386;89;214;62;land;true;urban;1
16387;236;146;111;land;false;urban;5
16388;46;46;215;land;false;urban;5
16389;211;255;253;land;false;urban;5
16390;240;119;224;land;false;vorkernsberg;5
16391;155;116;228;land;false;urban;5
16392;232;254;196;land;false;urban;5
16393;128;247;71;land;false;vorkernsberg;5
16394;219;98;191;land;false;urban;5
16395;255;246;250;land;false;urban;5
16396;222;163;45;land;false;urban;5
16397;225;207;255;land;false;urban;5
16398;245;170;127;land;false;vorkernsberg;5
16399;160;252;160;land;false;vorkernsberg;5
16400;232;151;95;land;false;urban;5
16401;202;131;238;land;false;vorkernsberg;5
16402;249;197;145;land;false;urban;5
16403;210;161;250;land;false;vorkernsberg;5
16404;253;203;227;land;false;urban;5
16405;198;254;206;land;false;vorkernsberg;5
16406;24;112;245;land;false;urban;5
16407;29;33;237;land;false;urban;5
16408;183;249;141;land;false;urban;5
16409;242;28;214;land;false;urban;5
16410;162;253;146;land;false;urban;5
16411;252;163;233;land;false;vorkernsberg;5
16412;58;232;190;land;false;urban;5
16413;241;223;255;land;false;urban;5
16414;109;229;98;land;false;vorkernsberg;5
16415;253;141;205;land;false;urban;5
16416;223;58;157;land;false;urban;5
16417;235;244;255;land;false;urban;5
16418;255;225;233;land;false;urban;5
16419;83;229;91;land;false;urban;5
16420;243;181;143;land;false;vorkernsberg;5
16421;200;125;242;land;false;vorkernsberg;5
16422;232;148;89;land;false;urban;5
16423;147;196;252;land;false;urban;5
16424;218;39;44;land;false;urban;5
16425;209;63;141;land;false;urban;5
16426;237;146;132;land;false;vorkernsberg;5
16427;192;234;251;land;false;urban;5
16428;155;245;195;land;false;vorkernsberg;5
16429;75;223;167;land;true;hills;1
16430;234;127;169;land;false;hills;1
16431;112;237;39;land;false;hills;1
16432;218;192;66;land;false;hills;1
16433;246;66;143;land;true;hills;1
16434;61;210;115;land;false;hills;1
16435;69;157;247;land;false;marsh;1
16436;254;221;243;land;false;mountain;1
16437;253;244;191;land;false;mountain;1
16438;105;229;246;land;false;mountain;1
16439;255;254;251;land;false;urban;1
16440;105;251;250;land;false;urban;1
16441;222;103;181;land;false;urban;1
16442;67;230;237;land;true;urban;1
16443;213;232;255;land;false;urban;1
16444;249;239;255;land;false;urban;1
16445;230;112;234;land;false;urban;1
16446;254;181;211;land;false;urban;1
16447;39;247;19;land;false;urban;1
16448;63;208;231;land;true;urban;1
16449;119;213;237;land;false;urban;1
16450;182;148;243;land;false;urban;1
16451;208;150;244;land;false;urban;1
16452;73;142;223;land;false;urban;1
16453;228;255;205;land;false;contaminated;2
16454;239;226;132;land;false;contaminated;2
16455;178;247;131;land;false;hills;1
16456;233;28;228;land;false;mountain;1
16457;105;240;214;land;false;mountain;1
16458;201;247;125;land;false;mountain;1
16459;222;154;252;land;false;mountain;1
16460;87;224;217;land;false;mountain;1
16461;111;245;178;land;false;mountain;1
16462;255;101;198;land;false;mountain;1
16463;175;255;137;land;false;contaminated;2
16464;237;73;116;land;false;contaminated;2
16465;218;68;136;land;false;plains;4
16466;254;194;175;land;false;contaminated;2
16467;148;246;196;land;false;contaminated;2
16468;208;189;254;land;true;plains;1
16469;148;185;248;land;false;contaminated;2
16470;192;219;254;land;false;plains;1
16471;207;253;229;land;false;plains;1
16472;238;185;22;land;false;hills;1
16473;116;239;228;land;false;contaminated;2
16474;255;249;245;land;false;forest;4
16475;136;23;247;land;false;contaminated;2
16476;110;229;181;land;false;contaminated;2
16477;248;72;182;land;false;hills;1
16478;241;18;169;land;false;hills;1
16479;215;106;244;land;false;contaminated;2
16480;111;242;203;land;false;contaminated;2
16481;180;232;250;land;false;contaminated;2
16482;238;77;209;land;false;urban;2
16483;224;102;128;land;true;marsh;2
16484;254;244;208;land;false;contaminated;2
16485;235;228;124;land;false;contaminated;2
16486;221;254;243;land;false;contaminated;2
16487;253;253;143;land;false;contaminated;2
16488;251;197;166;land;true;marsh;2
16489;253;224;207;land;false;urban;2
16490;173;249;194;land;false;contaminated;2
16491;250;226;178;land;false;plains;1
16492;185;208;251;land;false;contaminated;2
16493;231;177;108;land;false;hills;1
16494;249;202;163;land;false;contaminated;2
16495;139;245;170;land;false;plains;1
16496;206;254;220;land;false;urban;1
16497;222;254;201;land;false;contaminated;2
16498;84;217;126;land;false;forest;1
16499;25;251;58;land;true;plains;4
16500;55;217;140;land;false;contaminated;2
16501;54;236;72;land;false;hills;1
16502;80;129;254;land;false;plains;1
16503;207;250;184;land;false;plains;1
16504;117;242;82;land;false;contaminated;2
16505;253;248;203;land;false;plains;1
16506;226;253;207;land;false;plains;1
16507;254;134;150;land;false;contaminated;2
16508;240;250;179;land;false;contaminated;2
16509;250;26;169;land;false;urban;2
16510;241;106;142;land;false;urban;1
16511;99;227;104;land;false;urban;1
16512;77;94;244;land;false;urban;2
16513;154;252;203;land;false;urban;2
16514;46;249;37;land;true;urban;1
16515;255;209;192;land;false;urban;1
16516;49;222;169;land;false;urban;2
16517;207;201;254;land;false;urban;2
16518;152;245;179;land;false;urban;2
16519;248;56;67;land;false;urban;1
16520;254;193;146;land;false;urban;2
16521;222;177;251;land;false;urban;1
16522;83;221;89;land;false;urban;2
16523;231;218;255;land;false;urban;2
16524;238;67;110;land;false;urban;2
16525;239;153;248;land;false;urban;2
16526;82;239;180;land;false;urban;2
16527;206;67;161;land;false;urban;1
16528;247;228;255;land;false;urban;2
16529;249;210;53;land;false;urban;1
16530;251;247;101;land;false;urban;1
16531;30;225;101;land;false;urban;2
16532;249;163;213;land;false;urban;2
16533;255;246;239;land;false;urban;1
16534;170;104;246;land;true;urban;1
16535;239;255;229;land;true;urban;1
16536;252;194;253;land;false;urban;2
16537;134;182;253;land;false;urban;2
16538;182;245;135;land;false;contaminated;2
16539;127;236;139;land;false;marsh;1
16540;209;97;255;land;false;marsh;1
16541;126;126;240;land;false;marsh;1
16542;229;254;235;land;true;plains;2
16543;228;129;238;land;false;plains;1
16544;209;248;120;land;false;urban;2
16545;252;215;149;land;false;urban;2
16546;177;71;214;land;false;urban;2
16547;203;74;59;land;false;urban;1
16548;7;123;133;lake;false;lakes;0
16549;94;28;213;lake;false;lakes;0
16550;236;124;6;lake;false;lakes;0
16551;82;14;224;lake;false;lakes;0
16552;124;182;43;lake;false;lakes;0
16553;27;217;105;lake;false;lakes;0
16554;212;19;165;lake;false;lakes;0
16555;253;179;222;land;false;hills;1
16556;71;129;246;land;true;desert;1
16557;186;199;250;land;false;marsh;5
16558;134;196;237;land;false;mountain;5
16559;241;215;148;land;false;plains;5
16560;149;196;242;land;true;urban;5
16561;62;154;240;land;true;plains;5
16562;141;137;246;land;true;plains;5
16563;100;214;61;land;true;plains;5
16564;202;160;250;land;false;urban;5
16565;250;171;60;land;false;urban;5
16566;219;253;254;land;false;urban;5
16567;239;93;164;land;false;urban;5
16568;220;254;220;land;true;urban;6
16569;241;200;254;land;false;urban;5
16570;201;254;203;land;false;urban;5
16571;249;119;173;land;false;urban;5
16572;229;255;191;land;false;urban;5
16573;128;230;254;land;false;urban;5
16574;238;199;115;land;false;urban;5
16575;254;220;187;land;false;urban;5
16576;248;125;119;land;false;urban;5
16577;180;154;245;land;false;urban;5
16578;225;255;244;land;true;urban;6
16579;239;134;231;land;false;urban;5
16580;169;77;217;land;false;urban;5
16581;249;194;255;land;false;urban;5
16582;241;135;89;land;false;urban;5
16583;139;59;211;land;false;urban;5
16584;252;213;66;land;false;urban;5
16585;234;213;130;land;false;urban;5
16586;49;67;245;land;false;urban;5
16587;139;225;241;land;false;urban;5
16588;206;255;208;land;false;urban;5
16589;104;237;173;land;false;urban;5
16590;183;236;249;land;false;urban;5
16591;245;108;58;land;true;urban;5
16592;229;254;121;land;false;urban;5
16593;230;137;81;land;false;urban;5
16594;199;252;236;land;false;urban;5
16595;240;215;254;land;false;urban;5
16596;221;94;186;land;false;forest;5
16597;87;74;239;land;false;mountain;5
16598;147;64;217;land;false;hills;5
16599;42;220;215;land;false;hills;5
16600;63;207;187;land;false;mountain;5
16601;227;120;236;land;false;hills;5
16602;125;249;192;land;false;marsh;5
16603;221;249;255;land;false;mountain;5
16604;251;183;240;land;false;mountain;5
16605;191;225;53;land;false;mountain;6
16606;50;219;81;land;false;mountain;5
16607;255;226;204;land;false;mountain;5
16608;238;233;255;land;false;mountain;6
16609;226;254;224;land;false;mountain;5
16610;231;255;254;land;false;mountain;5
16611;225;106;125;land;true;plains;5
16612;223;102;213;land;true;plains;5
16613;255;241;228;land;false;plains;5
16614;240;160;250;land;false;urban;5
16615;189;253;150;land;false;urban;5
16616;139;245;98;land;false;urban;5
16617;179;250;208;land;false;urban;5
16618;160;248;180;land;false;urban;5
16619;82;196;252;land;false;urban;5
16620;251;84;79;land;false;urban;5
16621;177;253;223;land;false;mountain;5
16622;204;194;252;land;false;urban;5
16623;184;252;187;land;false;urban;5
16624;125;215;253;land;false;urban;5
16625;182;111;228;land;false;urban;5
16626;254;248;216;land;false;urban;6
16627;129;66;220;land;true;marsh;5
16628;159;249;107;land;true;marsh;5
16629;211;254;204;land;true;marsh;5
16630;253;166;205;land;false;mountain;2
16631;169;182;255;land;false;urban;1
16632;140;205;244;land;false;mountain;2
16633;231;176;32;land;false;mountain;5
16634;207;83;233;land;false;mountain;5
16635;249;189;77;land;false;urban;5
16636;241;226;254;land;false;urban;2
16637;255;131;165;land;false;urban;5
16638;76;204;214;land;false;urban;2
16639;254;223;162;land;false;urban;2
16640;235;238;255;land;false;urban;5
16641;222;151;80;land;false;urban;5
16642;215;180;71;land;false;urban;5
16643;196;249;253;land;false;urban;5
16644;104;82;248;land;false;urban;1
16645;235;216;255;land;false;urban;1
16646;155;67;195;land;false;urban;1
16647;118;234;178;land;false;urban;1
16648;255;249;253;land;false;urban;1
16649;237;200;111;land;false;urban;1
16650;202;252;243;land;false;urban;1
16651;186;255;204;land;true;urban;1
16652;171;239;250;land;false;urban;1
16653;32;177;244;land;false;urban;1
